gene,baseMean,log2FoldChange,lfcSE,stat,pvalue,padj
AL627309.1,239.1816249,6.494287548,0.200325924,32.4186078,1.50E-230,3.17E-229
AP006222.2,12.3622838,2.165580616,0.198175973,10.92756391,8.51E-28,1.62E-27
FAM41C,23.21131134,3.079217769,0.238896785,12.88932275,5.17E-38,1.15E-37
NOC2L,10.57369099,1.743501575,0.213778817,8.155632984,3.47E-16,5.37E-16
ISG15,15.18719937,2.233230022,0.240230159,9.296210044,1.46E-20,2.44E-20
AGRN,20.26813712,2.849039294,0.248381144,11.4704331,1.86E-30,3.69E-30
C1orf159,40.66986,3.892003064,0.261085467,14.90700766,2.97E-50,8.22E-50
UBE2J2,10.14509845,1.578654103,0.242318108,6.514800388,7.28E-11,1.02E-10
ACAP3,30.24723079,3.458302651,0.24046868,14.38150967,6.76E-47,1.77E-46
PUSL1,9.604655568,1.661979424,0.243586321,6.822958778,8.92E-12,1.28E-11
MXRA8,75.56155619,4.412602536,0.238171511,18.5269956,1.25E-76,5.27E-76
AURKAIP1,4.519856616,-0.375975837,0.161584269,-2.326809649,0.019975399,0.022350729
CCNL2,37.7801889,3.650301185,0.226021826,16.15021544,1.13E-58,3.59E-58
MRPL20,39.93651577,3.154296022,0.200915292,15.69963135,1.52E-55,4.59E-55
SSU72,2.763429271,-0.667974455,0.167831482,-3.980030719,6.89E-05,8.39E-05
AL645728.1,29.9528594,3.476410219,0.225407037,15.42281139,1.15E-53,3.36E-53
CDK11B,29.38727878,3.349671555,0.170970042,19.59215497,1.80E-85,8.65E-85
CDK11A,4.082167287,0.415379611,0.201792753,2.058446616,0.039547281,0.043541672
NADK,14.96236163,2.390450963,0.249614356,9.576576467,1.00E-21,1.72E-21
GNB1,27.61360587,2.802257599,0.26038737,10.76187988,5.21E-27,9.78E-27
AL590822.1,49.05609669,4.197485523,0.224628546,18.68634063,6.40E-78,2.75E-77
SKI,28.58043711,3.272257355,0.272516334,12.00756414,3.24E-33,6.71E-33
PANK4,41.62638341,3.958260022,0.257790981,15.3545326,3.30E-53,9.58E-53
HES5,20.99820277,2.951415478,0.18248054,16.1738642,7.71E-59,2.45E-58
TPRG1L,28.25430541,3.296543434,0.244194657,13.49965423,1.57E-41,3.72E-41
WRAP73,176.6523423,6.034403669,0.203652381,29.63090158,5.98E-193,9.15E-192
LRRC47,10.68372809,1.856327902,0.235986903,7.866232732,3.65E-15,5.57E-15
CEP104,7.730710759,1.403555109,0.242450414,5.789039863,7.08E-09,9.53E-09
DFFB,9.388998982,1.722081884,0.210639118,8.175508439,2.95E-16,4.56E-16
C1orf174,28.46361444,3.350069915,0.256522953,13.05953279,5.61E-39,1.27E-38
AJAP1,27.73173744,3.342279718,0.22681823,14.73549864,3.81E-49,1.03E-48
NPHP4,7.121810359,1.291700061,0.220403267,5.860621219,4.61E-09,6.22E-09
RPL22,126.1652573,3.475915128,0.17317801,20.07134236,1.31E-89,6.67E-89
ICMT,135.9656661,5.540854798,0.198294149,27.94260354,8.11E-172,1.06E-170
GPR153,2.46407231,-0.43247518,0.171254365,-2.525338138,0.011558701,0.013058209
ACOT7,20.52494455,2.795332769,0.235264947,11.88163731,1.47E-32,3.02E-32
HES2,9.418354665,1.759961339,0.190154785,9.255414426,2.13E-20,3.57E-20
TNFRSF25,52.98039186,4.309501329,0.240671361,17.90616592,1.06E-71,4.13E-71
NOL9,18.01639041,2.671890303,0.241023569,11.08559761,1.47E-28,2.83E-28
ZBTB48,79.39914516,4.875250384,0.235992386,20.65850708,8.19E-95,4.46E-94
KLHL21,6.345552272,1.055907819,0.222058072,4.755097669,1.98E-06,2.51E-06
PHF13,4.155723472,0.450390514,0.20248786,2.224284039,0.02612934,0.029059933
THAP3,4.142251943,0.430364688,0.207806276,2.070989845,0.038359745,0.042259879
DNAJC11,38.41604106,3.773664063,0.245045686,15.39983879,1.64E-53,4.79E-53
CAMTA1,489.7247642,7.111337376,0.167822755,42.37409514,0,0
VAMP3,19.77684189,2.539190602,0.173007336,14.67677996,9.08E-49,2.45E-48
PER3,145.8513295,5.713607643,0.229913104,24.85116138,2.51E-136,2.28E-135
PARK7,40.97517208,2.528894011,0.259853628,9.731994236,2.20E-22,3.82E-22
ERRFI1,36.75657932,3.193632255,0.236142282,13.52418647,1.13E-41,2.67E-41
RERE,15.33283559,2.348075301,0.20025089,11.72566724,9.42E-32,1.91E-31
ENO1,150.1167006,4.140675388,0.176044861,23.52056954,2.51E-122,1.90E-121
GPR157,8.809827604,1.632760413,0.235819954,6.923758499,4.40E-12,6.34E-12
H6PD,21.40288997,2.928196541,0.254434026,11.50866726,1.19E-30,2.38E-30
SLC25A33,29.51235593,3.342525199,0.252468286,13.23938643,5.20E-40,1.19E-39
TMEM201,116.4223207,5.452206472,0.229654284,23.74093078,1.36E-124,1.06E-123
CLSTN1,10.01935128,1.69533174,0.218964075,7.742510899,9.75E-15,1.48E-14
CTNNBIP1,56.05241243,4.287715866,0.220806903,19.41839596,5.39E-84,2.55E-83
LZIC,17.64403614,2.573692737,0.243584581,10.56590989,4.29E-26,7.93E-26
NMNAT1,2.051486746,-0.825462229,0.167031555,-4.941953804,7.73E-07,9.88E-07
UBE4B,108.1232443,5.159244168,0.17706484,29.13759828,1.20E-186,1.76E-185
KIF1B,36.21720501,3.57832287,0.232674981,15.37906165,2.26E-53,6.59E-53
PGD,84.48237692,4.794922777,0.23058641,20.79447256,4.86E-96,2.71E-95
DFFA,180.3214162,5.915384112,0.2117752,27.93237404,1.08E-171,1.40E-170
PEX14,92.37763698,5.064035128,0.211447659,23.94935532,9.38E-127,7.56E-126
CASZ1,13.30063537,2.266129995,0.246547373,9.19145869,3.88E-20,6.46E-20
TARDBP,2.433324084,-0.622923696,0.168980134,-3.686372351,0.000227473,0.000272777
SRM,2.487204202,-1.623770957,0.139172637,-11.66731472,1.87E-31,3.77E-31
EXOSC10,185.7258577,6.044066206,0.211906314,28.52235073,6.19E-179,8.63E-178
MTOR,77.84477735,4.804633516,0.224608901,21.39110913,1.62E-101,9.77E-101
UBIAD1,94.61403758,5.129492729,0.222282669,23.07644025,7.98E-118,5.75E-117
FBXO44,71.8784166,4.731434007,0.231663418,20.42374257,1.03E-92,5.43E-92
FBXO6,116.5328979,5.453839429,0.210073724,25.9615497,1.35E-148,1.39E-147
MAD2L2,38.89362897,3.744553875,0.248747505,15.0536339,3.27E-51,9.19E-51
DRAXIN,75.60010444,4.826037619,0.236924366,20.36952848,3.12E-92,1.64E-91
MTHFR,26.05044966,3.251095309,0.27279834,11.91757733,9.59E-33,1.97E-32
KIAA2013,18.04122229,2.645138323,0.256563692,10.30987006,6.36E-25,1.15E-24
PLOD1,20.28767606,2.755040559,0.240868213,11.43795824,2.70E-30,5.35E-30
MFN2,26.07966174,3.220699704,0.255303249,12.61519278,1.74E-36,3.80E-36
MIIP,103.2795514,5.258357248,0.223400414,23.53781335,1.67E-122,1.27E-121
VPS13D,44.52261907,3.959170434,0.232694774,17.0144364,6.42E-65,2.26E-64
DHRS3,9.421343581,1.699045609,0.209668909,8.103469496,5.34E-16,8.25E-16
PDPN,135.7775853,5.591771263,0.215923,25.89706169,7.19E-148,7.32E-147
PRDM2,133.1492123,5.481957938,0.227399925,24.10712294,2.10E-128,1.73E-127
KAZN,1.717111302,-1.275075652,0.136562832,-9.336915695,9.92E-21,1.67E-20
CASP9,50.5666209,4.229359111,0.224081665,18.87418643,1.86E-79,8.16E-79
DNAJC16,38.3524515,3.805311425,0.266760562,14.26489508,3.62E-46,9.35E-46
AGMAT,6.998813009,1.271914003,0.223973122,5.678868937,1.36E-08,1.81E-08
DDI2,8.064362341,1.46662573,0.224007612,6.547213805,5.86E-11,8.25E-11
PLEKHM2,39.54047535,3.747339852,0.223121982,16.79502761,2.65E-63,9.05E-63
FBLIM1,8.900413478,1.576260709,0.230344639,6.843053601,7.75E-12,1.11E-11
SPEN,13.48463248,2.185563043,0.250508773,8.724497003,2.67E-18,4.29E-18
ZBTB17,12.34976502,2.10984266,0.242734653,8.691971376,3.56E-18,5.71E-18
EPHA2,39.56314354,3.873272413,0.245135795,15.80051745,3.09E-56,9.41E-56
SZRD1,3.024364761,-0.41004873,0.180467981,-2.272141176,0.023077985,0.025745385
NECAP2,111.2056807,5.225300957,0.233243638,22.40275877,3.70E-111,2.48E-110
CROCC,161.9347016,5.887079596,0.219659598,26.80092126,3.15E-158,3.59E-157
SDHB,18.0169461,2.401850033,0.225985296,10.6283465,2.20E-26,4.09E-26
RCC2,2.589401835,-0.481029523,0.177288926,-2.713251951,0.006662643,0.007598867
PAX7,6.002447995,1.05674453,0.212793019,4.966067661,6.83E-07,8.75E-07
UBR4,15.41766548,2.400358201,0.26081289,9.203372583,3.47E-20,5.79E-20
EMC1,107.1661369,5.257430103,0.223610933,23.51150741,3.11E-122,2.36E-121
MRTO4,2.339698885,-0.86124398,0.164192167,-5.245341462,1.56E-07,2.03E-07
AKR7A2,5.325920463,0.460127408,0.219212281,2.099003791,0.035816567,0.03952223
CAPZB,48.6657996,3.364633579,0.225498991,14.92083649,2.41E-50,6.70E-50
OTUD3,12.87315037,2.1748671,0.248983136,8.734997611,2.44E-18,3.91E-18
CAMK2N1,6.071365193,0.951770017,0.208956801,4.554864988,5.24E-06,6.55E-06
PINK1,54.48843972,4.061141719,0.260027752,15.6181088,5.48E-55,1.64E-54
PINK1-AS,150.973615,5.817684014,0.163497726,35.58266007,2.60E-277,7.89E-276
DDOST,35.50831498,3.437315228,0.21059267,16.32210292,6.87E-60,2.22E-59
EIF4G3,2.837930311,-0.7104588,0.162348964,-4.37612154,1.21E-05,1.50E-05
ECE1,10.00568934,1.796521619,0.237504361,7.564162663,3.90E-14,5.85E-14
NBPF3,4.691744247,0.669729488,0.222308408,3.012614298,0.002590079,0.002997442
ALPL,4.202750619,0.46488254,0.212459739,2.188097101,0.02866253,0.031802387
USP48,9.722198181,1.720324007,0.244259704,7.043011908,1.88E-12,2.73E-12
LINC00339,135.3046402,5.648635093,0.233496499,24.19151945,2.73E-129,2.28E-128
CDC42,7.133813774,0.476161413,0.206657683,2.304106996,0.021216638,0.023722472
WNT4,153.2763484,5.85017152,0.217939103,26.84314764,1.01E-158,1.16E-157
ZBTB40,8.12647333,1.508268804,0.23533938,6.408909562,1.47E-10,2.05E-10
EPHB2,221.1294043,6.347660759,0.186109512,34.10712698,5.78E-255,1.47E-253
KDM1A,34.49093305,3.567879322,0.207360791,17.20614254,2.39E-66,8.60E-66
LUZP1,91.58099218,4.958480101,0.189336275,26.18874853,3.57E-151,3.78E-150
HNRNPR,9.921063513,1.45122941,0.229837091,6.314165407,2.72E-10,3.76E-10
ZNF436,6.869391359,1.249208226,0.239231109,5.221763297,1.77E-07,2.30E-07
ASAP3,9.286748229,1.727849331,0.219706451,7.864354126,3.71E-15,5.65E-15
E2F2,6.505301943,1.191352726,0.229388002,5.193613953,2.06E-07,2.68E-07
ID3,11.32847415,1.224100435,0.211555758,5.786183485,7.20E-09,9.69E-09
RPL11,11.10780814,-1.990184506,0.215818938,-9.221547124,2.93E-20,4.89E-20
PITHD1,44.34166326,3.791484026,0.258104809,14.68970704,7.50E-49,2.03E-48
LYPLA2,66.24774454,4.549408452,0.213753975,21.28338642,1.62E-100,9.60E-100
GALE,331.0421431,6.869103837,0.148309226,46.31609254,0,0
HMGCL,451.1127615,7.257638097,0.159193369,45.59007781,0,0
FUCA1,23.85219296,3.130624116,0.252692639,12.38905939,3.00E-35,6.42E-35
CNR2,185.7427266,6.128389531,0.176440072,34.73354698,2.46E-264,6.79E-263
PNRC2,5.587995334,0.743585424,0.227905682,3.262689278,0.001103604,0.001293151
SRSF10,6.711036393,0.893902467,0.226757083,3.942114867,8.08E-05,9.81E-05
STPG1,164.2108192,5.919165019,0.217046064,27.27146908,9.25E-164,1.12E-162
NIPAL3,5.403980331,0.829112092,0.221888995,3.736607539,0.00018652,0.000224162
SRRM1,151.3210032,5.405781275,0.211100616,25.60760537,1.26E-144,1.24E-143
CLIC4,247.2443433,5.876664742,0.179891936,32.6677498,4.49E-234,9.65E-233
SYF2,20.54316046,2.534486098,0.239632752,10.57654299,3.83E-26,7.09E-26
RHD,14.23530569,2.35807821,0.250677962,9.406803035,5.11E-21,8.65E-21
TMEM50A,17.74973364,2.295940146,0.219967168,10.43764924,1.67E-25,3.06E-25
MAN1C1,327.2908585,6.936842863,0.17426634,39.80598241,0,0
MTFR1L,103.9084914,5.173584182,0.20983388,24.65561887,3.20E-134,2.82E-133
AUNIP,93.7760843,5.127425296,0.21615542,23.72101188,2.19E-124,1.70E-123
PAQR7,8.255134155,1.556882874,0.231804166,6.716371423,1.86E-11,2.65E-11
STMN1,83.25168524,4.466821194,0.223532386,19.9828816,7.76E-89,3.90E-88
PAFAH2,2.101263815,-0.747657313,0.17200262,-4.346778624,1.38E-05,1.71E-05
PDIK1L,22.5877098,3.05078792,0.2423165,12.59009569,2.39E-36,5.21E-36
ZNF593,29.40782623,3.163220536,0.238430328,13.26685478,3.60E-40,8.30E-40
CEP85,14.09720174,2.332377339,0.252544217,9.235520694,2.57E-20,4.30E-20
SH3BGRL3,5.63558136,-3.318292427,0.149512011,-22.19415281,3.91E-109,2.57E-108
UBXN11,29.43319688,3.417111983,0.244483621,13.97685446,2.16E-44,5.40E-44
LIN28A,47.77846457,4.157800115,0.221224585,18.79447581,8.38E-79,3.65E-78
DHDDS,5.119683245,0.776454955,0.223722361,3.470618457,0.000519261,0.000616084
HMGN2,18.68018516,2.030955774,0.22723366,8.937741766,3.97E-19,6.47E-19
ARID1A,18.84838783,2.665670037,0.248635681,10.72118861,8.10E-27,1.52E-26
PIGV,2.533596533,-0.428692068,0.170798324,-2.509931348,0.012075464,0.013618375
ZDHHC18,76.06355714,4.813471569,0.236259823,20.3736357,2.87E-92,1.51E-91
GPN2,19.54929234,2.783356415,0.246242553,11.30331206,1.26E-29,2.47E-29
GPATCH3,6.787091539,1.242705862,0.230312668,5.395733862,6.82E-08,8.95E-08
SLC9A1,16.79262303,2.557575714,0.23862083,10.71815783,8.37E-27,1.57E-26
WDTC1,8.607004878,1.607164213,0.222055236,7.237677628,4.56E-13,6.71E-13
TMEM222,38.13166393,3.756072899,0.22116699,16.98297247,1.10E-64,3.84E-64
SYTL1,173.7758857,6.032066779,0.236107589,25.547958,5.79E-144,5.66E-143
WASF2,17.07116168,2.411987548,0.205073718,11.76156343,6.16E-32,1.25E-31
AHDC1,9.58409505,1.774806744,0.235392261,7.539783744,4.71E-14,7.05E-14
IFI6,69.70576979,4.644387268,0.234322952,19.82045389,1.98E-87,9.79E-87
FAM76A,5.019428907,0.707438767,0.222888778,3.173954174,0.001503774,0.001753355
STX12,72.80874814,4.627864199,0.2377725,19.46341232,2.24E-84,1.06E-83
RPA2,34.90212387,3.594616893,0.221589638,16.22195392,3.53E-59,1.13E-58
EYA3,2.726170043,-0.377406641,0.175003813,-2.156562392,0.031039777,0.034359371
DNAJC8,6.289867912,0.520301234,0.196637673,2.645989582,0.008145232,0.009251922
SESN2,72.51895989,4.713252891,0.236236819,19.95138996,1.46E-88,7.30E-88
MED18,24.86372637,3.191909283,0.253800158,12.57646688,2.84E-36,6.18E-36
PHACTR4,27.71566559,3.244107357,0.229530931,14.13363916,2.36E-45,5.99E-45
SNHG3,106.2362013,5.103696089,0.238950003,21.35884506,3.23E-101,1.94E-100
TRNAU1AP,32.36397909,3.514775838,0.216147565,16.2610013,1.87E-59,5.99E-59
SNHG12,15.26907696,2.289040067,0.249044129,9.191303053,3.88E-20,6.47E-20
TAF12,17.2890238,2.562096008,0.24714211,10.36689381,3.51E-25,6.39E-25
GMEB1,133.5024165,5.608376873,0.214731422,26.11810053,2.27E-150,2.39E-149
YTHDF2,9.62636421,1.559850097,0.235362369,6.627440513,3.42E-11,4.83E-11
EPB41,82.8160752,4.904315295,0.255164353,19.22022119,2.51E-82,1.15E-81
SRSF4,39.58128366,3.557649677,0.223294174,15.93256833,3.77E-57,1.17E-56
MECR,6.392631411,1.077854221,0.234692486,4.592623471,4.38E-06,5.48E-06
PTPRU,72.21534146,4.737617348,0.207168173,22.86846127,9.58E-116,6.72E-115
PUM1,2.179544337,-1.046012768,0.143976916,-7.265142198,3.73E-13,5.49E-13
NKAIN1,4.673415372,0.666915755,0.199444124,3.34387267,0.000826176,0.000973321
SNRNP40,11.43367526,1.882259101,0.228482823,8.238077057,1.75E-16,2.72E-16
ZCCHC17,2.806022296,-0.627498285,0.15184821,-4.132404879,3.59E-05,4.40E-05
SERINC2,56.44500127,4.218416592,0.2365303,17.8345717,3.81E-71,1.48E-70
PEF1,110.6420486,5.295145365,0.217246845,24.37386539,3.24E-131,2.75E-130
PTP4A2,24.65369142,2.500437472,0.254684922,9.817767992,9.44E-23,1.65E-22
KHDRBS1,145.6667267,5.463149165,0.212309748,25.7319752,5.13E-146,5.12E-145
TMEM39B,16.80529001,2.580756999,0.249923644,10.32618187,5.37E-25,9.73E-25
KPNA6,13.64155039,2.195103036,0.248196018,8.844231475,9.22E-19,1.49E-18
TXLNA,67.54699372,4.508391395,0.244278273,18.45596559,4.67E-76,1.95E-75
CCDC28B,19.36677739,2.76136293,0.235449955,11.72802489,9.16E-32,1.85E-31
IQCC,8.014071648,1.505777561,0.230404642,6.535361227,6.35E-11,8.93E-11
TMEM234,9.773472518,1.780164698,0.248027852,7.177277406,7.11E-13,1.04E-12
EIF3I,6.832049562,0.51109926,0.197774663,2.584250436,0.00975909,0.011052709
HDAC1,53.90949071,4.199487379,0.22107773,18.99552427,1.86E-80,8.28E-80
MARCKSL1,6.09311565,0.933375653,0.210225551,4.439877318,9.00E-06,1.12E-05
BSDC1,4.212771386,0.442833284,0.21240578,2.084845737,0.037083306,0.040878524
ZBTB8B,147.9416724,5.799391318,0.173612131,33.4042977,1.19E-244,2.79E-243
ZBTB8A,84.60752556,4.968545954,0.241242197,20.59567528,3.00E-94,1.62E-93
ZBTB8OS,107.5985835,5.084752675,0.230630802,22.04715342,1.02E-107,6.57E-107
RBBP4,16.73531237,2.463892186,0.241287475,10.21143841,1.76E-24,3.17E-24
KIAA1522,23.25738719,3.060266388,0.239897892,12.75653722,2.87E-37,6.32E-37
YARS,47.96524097,4.007862081,0.242437794,16.531507,2.18E-61,7.22E-61
S100PBP,14.99700003,2.387609338,0.246791915,9.674584911,3.87E-22,6.68E-22
FNDC5,922.0122996,8.443517917,0.157176726,53.71989961,0,0
AK2,24.15316557,2.974922738,0.2286746,13.00941485,1.08E-38,2.44E-38
TRIM62,83.18391774,4.963926668,0.180642112,27.47934361,3.10E-166,3.84E-165
ZNF362,6.192417685,1.082114275,0.236509102,4.57535996,4.75E-06,5.95E-06
PHC2,75.98512766,4.555273446,0.24911943,18.28550043,1.08E-74,4.40E-74
ZSCAN20,6.086643649,1.085483194,0.227050437,4.780802038,1.75E-06,2.21E-06
CSMD2,29.31852394,3.307948113,0.248311025,13.32179316,1.73E-40,4.01E-40
SMIM12,26.98027911,3.177396827,0.233572152,13.60349169,3.82E-42,9.15E-42
ZMYM1,19.74225797,2.841192881,0.229624814,12.37319624,3.65E-35,7.81E-35
SFPQ,138.1568278,5.310437102,0.222544186,23.86239425,7.53E-126,5.99E-125
ZMYM4-AS1,30.36000067,3.45213024,0.212771058,16.22462318,3.38E-59,1.08E-58
KIAA0319L,53.83730689,4.257017101,0.232547602,18.30600298,7.41E-75,3.03E-74
NCDN,13.38407193,2.231813558,0.225780454,9.884883819,4.84E-23,8.51E-23
PSMB2,11.53075841,1.495078582,0.241309977,6.195676627,5.80E-10,7.98E-10
CLSPN,9.300478866,1.461270356,0.22118125,6.606664685,3.93E-11,5.55E-11
AGO4,12.0715829,2.067872,0.239760708,8.624732623,6.42E-18,1.02E-17
AGO1,6.154983853,1.05963971,0.22092597,4.796356493,1.62E-06,2.05E-06
AGO3,36.0327533,3.651027893,0.243410189,14.99948668,7.40E-51,2.07E-50
TEKT2,8.098681664,1.525951949,0.232022815,6.576732339,4.81E-11,6.78E-11
ADPRHL2,13.01205265,2.106223833,0.238956491,8.81425664,1.20E-18,1.95E-18
TRAPPC3,21.00747577,2.755354032,0.196120084,14.04932108,7.78E-45,1.96E-44
MAP7D1,5.6648233,0.813900177,0.223902557,3.635064235,0.000277911,0.000332454
THRAP3,6.701864305,1.011416465,0.224234787,4.510524337,6.47E-06,8.06E-06
STK40,50.50982408,4.164197913,0.24270201,17.15765731,5.51E-66,1.97E-65
LSM10,23.08030581,2.738505728,0.272561462,10.04729614,9.44E-24,1.68E-23
OSCP1,67.92164384,4.627843899,0.224517559,20.61239183,2.12E-94,1.15E-93
MRPS15,19.72012163,2.424712825,0.232582405,10.42517739,1.90E-25,3.48E-25
GRIK3,54.43106713,4.348213049,0.251970917,17.25680524,9.95E-67,3.61E-66
MEAF6,15.4467528,2.343372793,0.246321891,9.51345731,1.84E-21,3.15E-21
DNALI1,43.03664015,3.973792756,0.235239042,16.89257327,5.10E-64,1.76E-63
GNL2,9.23290671,1.489870606,0.233419737,6.382796169,1.74E-10,2.42E-10
C1orf109,47.22995501,4.088897032,0.231801451,17.63965246,1.22E-69,4.64E-69
EPHA10,7.157406417,1.345821462,0.222266006,6.055003576,1.40E-09,1.91E-09
MANEAL,58.45151773,4.452241141,0.215103063,20.69817637,3.60E-95,1.98E-94
YRDC,126.9440476,5.473075345,0.204246306,26.7964472,3.55E-158,4.05E-157
C1orf122,33.45367985,2.982697852,0.21392122,13.94297325,3.47E-44,8.65E-44
MTF1,35.87418801,3.675372641,0.240362048,15.2909857,8.78E-53,2.53E-52
INPP5B,82.10955434,4.935033098,0.240419516,20.52675745,1.24E-93,6.65E-93
SF3A3,6.681176042,0.996080244,0.204072193,4.881018957,1.06E-06,1.34E-06
FHL3,24.656636,3.136035152,0.214691389,14.60717717,2.53E-48,6.77E-48
RRAGC,149.1706739,5.707642153,0.178358218,32.00100452,1.06E-224,2.14E-223
MYCBP,8.854211217,1.535074571,0.212777137,7.21447141,5.41E-13,7.95E-13
AKIRIN1,6.4467681,0.953170738,0.212209583,4.491647952,7.07E-06,8.80E-06
NDUFS5,201.2252956,4.941067247,0.213439484,23.14973384,1.46E-118,1.06E-117
MACF1,42.55697898,3.748647602,0.255056229,14.69733796,6.70E-49,1.81E-48
PABPC4,7.026660167,0.953226262,0.214500204,4.443941055,8.83E-06,1.10E-05
PPIE,73.72373463,4.654725161,0.267945151,17.3719328,1.35E-67,4.94E-67
TRIT1,68.4216028,4.615373456,0.229726229,20.09075528,8.89E-90,4.52E-89
MYCL,129.8536576,5.609903544,0.219237027,25.58830336,2.06E-144,2.03E-143
MFSD2A,4.363672901,0.537124774,0.20679436,2.597385985,0.00939363,0.010644351
CAP1,53.68669567,3.707962941,0.23346415,15.88236541,8.40E-57,2.58E-56
PPT1,170.469987,5.992905881,0.220630755,27.16260418,1.80E-162,2.14E-161
RLF,358.6559156,7.027190255,0.203307261,34.56438401,8.67E-262,2.36E-260
ZMPSTE24,271.9878608,6.535129908,0.175478742,37.2417184,1.44E-303,5.17E-302
SMAP2,5.973802841,0.907750934,0.23047162,3.938666864,8.19E-05,9.95E-05
ZFP69B,4.130848335,0.459566159,0.206381588,2.226778868,0.025962056,0.028879798
EXO5,28.83230275,3.4102362,0.259417567,13.14574119,1.80E-39,4.10E-39
ZNF684,6.593467753,1.183693967,0.233541884,5.068444033,4.01E-07,5.17E-07
RIMS3,4.896796784,0.745697069,0.211625206,3.523668481,0.000425616,0.000506249
NFYC,58.77310386,4.354436283,0.242092483,17.98666455,2.48E-72,9.79E-72
SCMH1,6.733780026,1.066928662,0.208991265,5.105135191,3.31E-07,4.27E-07
HIVEP3,125.7218354,5.40680575,0.213576624,25.31553151,2.15E-141,2.07E-140
FOXJ3,8.621742571,1.475961907,0.243360786,6.064912626,1.32E-09,1.80E-09
PPCS,12.1914767,1.927225201,0.236470348,8.149965602,3.64E-16,5.63E-16
CCDC30,35.54326179,3.727183788,0.239796115,15.54313665,1.77E-54,5.26E-54
PPIH,51.92036833,4.247577262,0.225317627,18.85150898,2.86E-79,1.25E-78
YBX1,4.747380179,-1.839635848,0.173657835,-10.59345149,3.20E-26,5.92E-26
C1orf50,640.8505617,7.886216885,0.176218925,44.75238347,0,0
ERMAP,382.7968015,7.141586046,0.240308825,29.71836782,4.45E-194,6.89E-193
ZNF691,14.07660757,2.357276819,0.224911299,10.4809177,1.06E-25,1.94E-25
SLC2A1,82.99392346,4.961391334,0.240390038,20.63892235,1.23E-94,6.66E-94
EBNA1BP2,232.1494915,5.990580062,0.175968208,34.04353615,5.06E-254,1.28E-252
TIE1,102.2079258,5.263790936,0.210851594,24.96443516,1.49E-137,1.37E-136
CDC20,10.79983462,1.844794608,0.243457122,7.577492869,3.52E-14,5.29E-14
MED8,16.17452275,2.332890448,0.235986588,9.885690827,4.80E-23,8.44E-23
SZT2,22.56422028,2.963783613,0.238355363,12.4343064,1.70E-35,3.66E-35
PTPRF,22.14761699,2.959510519,0.244825288,12.08825501,1.22E-33,2.54E-33
KDM4A,177.3408099,5.985941367,0.196412268,30.47641289,5.35E-204,9.09E-203
KDM4A-AS1,5.006700461,0.755457101,0.213036746,3.546135179,0.000390926,0.000465751
ST3GAL3,79.08374895,4.783824448,0.223493529,21.40475601,1.21E-101,7.31E-101
IPO13,17.74538824,2.682872133,0.228352466,11.74882052,7.16E-32,1.45E-31
DPH2,2.171405199,-0.751046538,0.16370824,-4.587713725,4.48E-06,5.61E-06
ATP6V0B,34.98189436,3.14375175,0.237712841,13.22499758,6.29E-40,1.44E-39
B4GALT2,62.81143384,4.256655463,0.247231797,17.2172654,1.97E-66,7.10E-66
CCDC24,8.178296124,1.506532677,0.225184069,6.69022762,2.23E-11,3.17E-11
SLC6A9,65.38460494,4.583550241,0.211036078,21.71927319,1.35E-104,8.40E-104
DMAP1,196.8176479,6.179519484,0.189022003,32.69206438,2.02E-234,4.37E-233
ERI3,7.518990049,1.230273166,0.234822382,5.239164837,1.61E-07,2.10E-07
RNF220,22.68192296,3.002653085,0.238071584,12.61239598,1.80E-36,3.93E-36
TMEM53,123.5284631,5.537544389,0.196475347,28.1844235,9.08E-175,1.21E-173
KIF2C,84.6757849,4.915661297,0.225250093,21.82312657,1.40E-105,8.82E-105
RPS8,13.59715837,-1.168236294,0.220576114,-5.296295551,1.18E-07,1.54E-07
PLK3,60.14913561,4.483457933,0.21055472,21.29355225,1.30E-100,7.74E-100
BTBD19,59.32886313,4.448603078,0.15715723,28.30670331,2.86E-176,3.88E-175
EIF2B3,6.107590306,0.939090095,0.222695445,4.216925467,2.48E-05,3.04E-05
HECTD3,29.11384798,3.368491823,0.25025694,13.46013353,2.68E-41,6.32E-41
UROD,15.39952266,2.260205982,0.223421543,10.11632968,4.68E-24,8.35E-24
ZSWIM5,42.09084448,3.973590005,0.204503276,19.4304467,4.27E-84,2.02E-83
MUTYH,16.90822286,2.612934905,0.240639281,10.85830581,1.82E-27,3.44E-27
TOE1,139.7584838,5.66405997,0.217829939,26.00221064,4.68E-149,4.85E-148
MMACHC,121.7388967,5.495298726,0.232019949,23.68459586,5.20E-124,4.01E-123
PRDX1,55.41676884,2.356752191,0.206982965,11.38621331,4.90E-30,9.63E-30
AKR1A1,2.698141134,-0.727681194,0.172492975,-4.2186135,2.46E-05,3.02E-05
NASP,30.00280709,3.005959242,0.241132183,12.46602259,1.14E-35,2.47E-35
GPBP1L1,14.39685841,2.247930926,0.228626117,9.832345315,8.17E-23,1.43E-22
TMEM69,18.44070724,2.739503146,0.24021883,11.40419818,3.98E-30,7.85E-30
IPP,110.3830608,5.333395874,0.211188249,25.25422648,1.02E-140,9.69E-140
MAST2,33.07430543,3.534933057,0.247198173,14.29999667,2.19E-46,5.68E-46
PIK3R3,47.67921093,4.10014865,0.221799896,18.48580057,2.69E-76,1.12E-75
POMGNT1,4.756274903,0.6158551,0.220749852,2.789832442,0.005273533,0.006034192
RAD54L,15.62479615,2.484624461,0.250289431,9.927005123,3.18E-23,5.60E-23
LRRC41,5.448994687,0.861564874,0.231410303,3.723105073,0.000196788,0.000236293
UQCRH,6.397338106,-0.457673828,0.20441767,-2.238915199,0.025161434,0.028012136
NSUN4,13.18855272,2.249110568,0.207499033,10.83913759,2.25E-27,4.24E-27
MKNK1,23.32047797,2.979138166,0.18589894,16.02557905,8.47E-58,2.65E-57
ATPAF1,18.45567122,2.66797286,0.244318117,10.92007784,9.24E-28,1.76E-27
EFCAB14,70.89892375,4.658254118,0.263963532,17.6473397,1.07E-69,4.05E-69
STIL,77.88023711,4.793537607,0.263262693,18.20819181,4.44E-74,1.80E-73
SPATA6,14.99186959,2.412544355,0.241651403,9.983572715,1.80E-23,3.18E-23
BEND5,12.03543326,2.122522136,0.225121088,9.428357667,4.17E-21,7.06E-21
ELAVL4,12.41484082,2.173615832,0.233607449,9.304565591,1.35E-20,2.26E-20
FAF1,10.69412535,1.725523887,0.229641222,7.513998896,5.73E-14,8.58E-14
RNF11,152.643457,5.690346304,0.212551084,26.77166453,6.91E-158,7.86E-157
EPS15,169.2389152,5.868038123,0.198064278,29.62693815,6.72E-193,1.03E-191
OSBPL9,18.57532075,2.718297469,0.220157442,12.34706146,5.05E-35,1.08E-34
RAB3B,391.8258568,6.986388314,0.183092109,38.15777948,0,0
TXNDC12,4.559009308,0.474935289,0.2090151,2.272253482,0.023071205,0.025740463
BTF3L4,80.99949667,4.71414804,0.21547035,21.87840708,4.17E-106,2.65E-105
ZFYVE9,137.7206525,5.590312255,0.214963247,26.00589793,4.25E-149,4.41E-148
ORC1,25.07658882,3.194937627,0.262821659,12.15629502,5.31E-34,1.11E-33
PRPF38A,62.05041046,4.453384478,0.229357962,19.41674249,5.57E-84,2.63E-83
GPX7,72.03676249,4.63318521,0.235619616,19.66383481,4.40E-86,2.13E-85
ECHDC2,15.84813276,2.462701417,0.235986709,10.43576321,1.70E-25,3.12E-25
SCP2,13.0503663,1.90305689,0.249404724,7.630396316,2.34E-14,3.52E-14
CPT2,18.06245874,2.720970949,0.253394358,10.73808815,6.74E-27,1.26E-26
MAGOH,222.7920662,6.11589782,0.16072703,38.05145785,0,0
LRP8,5.809445711,0.93944432,0.232032579,4.048760414,5.15E-05,6.28E-05
NDC1,51.3458977,4.208667156,0.241991348,17.39180839,9.52E-68,3.51E-67
YIPF1,4.487955754,0.602134059,0.217764516,2.765069671,0.005691064,0.006505783
HSPB11,8.91647356,1.323806184,0.230211378,5.750394243,8.90E-09,1.19E-08
LRRC42,65.55970342,4.5255236,0.233925556,19.3459991,2.20E-83,1.03E-82
TMEM59,23.96432355,2.56395582,0.246702664,10.39289879,2.67E-25,4.87E-25
TCEANC2,27.67854518,3.338956144,0.231796434,14.40469159,4.83E-47,1.27E-46
MRPL37,7.569994466,1.087310058,0.177618624,6.121599364,9.26E-10,1.27E-09
SSBP3,201.4271957,6.159525533,0.202075192,30.48135431,4.60E-204,7.84E-203
ACOT11,184.1673689,6.105732206,0.228931041,26.67061745,1.03E-156,1.16E-155
TTC4,40.174289,3.781137578,0.234909998,16.09611171,2.72E-58,8.56E-58
PARS2,7.078989115,1.321095679,0.230111391,5.741113775,9.41E-09,1.26E-08
DHCR24,240.7747002,6.492346554,0.193422805,33.56556931,5.34E-247,1.29E-245
USP24,10.21181748,1.777522413,0.23625142,7.523859168,5.32E-14,7.96E-14
PRKAA2,34.88310992,3.700077179,0.243739889,15.18043353,4.77E-52,1.36E-51
DAB1,34.87200384,3.686407406,0.281703212,13.08613907,3.95E-39,8.96E-39
OMA1,219.5203758,6.370198623,0.205013098,31.0721543,5.73E-212,1.05E-210
MYSM1,62.81394973,4.451824557,0.261027844,17.05497962,3.21E-65,1.13E-64
JUN,15.64966368,2.171355195,0.242033579,8.971297296,2.93E-19,4.80E-19
FGGY,33.25653801,3.595873324,0.208993829,17.20564355,2.41E-66,8.67E-66
HOOK1,125.1370847,5.556434876,0.215741567,25.75505019,2.83E-146,2.84E-145
NFIA,79.68973714,4.756022081,0.230243264,20.6565091,8.53E-95,4.65E-94
TM2D1,13.22762811,2.090590842,0.254958385,8.199733629,2.41E-16,3.74E-16
L1TD1,64.82752985,4.602509008,0.24338163,18.91066718,9.32E-80,4.10E-79
KANK4,79.5948237,4.900425043,0.245472024,19.96327302,1.15E-88,5.76E-88
USP1,19.5488414,2.631877316,0.227643805,11.56138343,6.47E-31,1.30E-30
DOCK7,109.0818932,5.262772504,0.206071486,25.53857695,7.35E-144,7.17E-143
ATG4C,32.31600766,3.575766909,0.258938524,13.80932761,2.24E-43,5.50E-43
ALG6,154.5513932,5.851747433,0.188755983,31.00165276,5.12E-211,9.28E-210
ITGB3BP,5.476773171,0.761867025,0.223190803,3.413523388,0.000641287,0.000758461
PGM1,8.000633549,1.398944908,0.227487074,6.149557795,7.77E-10,1.07E-09
ROR1,22.69203832,2.950939671,0.24744121,11.92582136,8.68E-33,1.78E-32
CACHD1,42.78270962,3.985966952,0.23559409,16.91879009,3.27E-64,1.13E-63
RAVER2,17.18236406,2.659310844,0.250841442,10.60156097,2.93E-26,5.43E-26
JAK1,2.64045851,-0.794348305,0.173246685,-4.585070742,4.54E-06,5.68E-06
AK4,99.17144784,5.176406296,0.211284656,24.49967922,1.49E-132,1.28E-131
LEPROT,35.33948238,3.490134325,0.252794844,13.80619269,2.34E-43,5.74E-43
LEPR,38.66352914,3.838888974,0.250758975,15.30907904,6.65E-53,1.92E-52
PDE4B,59.52087524,4.261317587,0.250255623,17.02785952,5.10E-65,1.80E-64
SGIP1,4.913524901,0.567110172,0.216560191,2.618718471,0.008826075,0.010011668
AL139147.1,29.61002349,3.448796409,0.222674346,15.48807249,4.18E-54,1.23E-53
WDR78,17.43281825,2.634898647,0.233796338,11.27005952,1.84E-29,3.60E-29
MIER1,42.70311992,3.707443332,0.260798013,14.21576528,7.31E-46,1.88E-45
SLC35D1,24.41192234,3.132773958,0.247417658,12.66188511,9.62E-37,2.10E-36
SERBP1,13.4354425,1.222345755,0.224797932,5.437531131,5.40E-08,7.11E-08
GADD45A,98.51545031,4.580027846,0.233486944,19.61577706,1.13E-85,5.46E-85
GNG12,74.35860837,4.303368077,0.204120248,21.08251446,1.15E-98,6.67E-98
GNG12-AS1,148.6536644,5.679347346,0.193501461,29.35041068,2.36E-189,3.53E-188
DIRAS3,23.6269782,3.104288096,0.247886693,12.52301227,5.59E-36,1.21E-35
WLS,59.8647553,4.340940373,0.235992,18.39443871,1.46E-75,6.02E-75
DEPDC1,40.73805761,3.820813889,0.243316717,15.70304721,1.44E-55,4.35E-55
LRRC7,54.19481048,4.299513056,0.209894717,20.48414141,2.98E-93,1.58E-92
LRRC40,13.09521703,2.156762137,0.244545152,8.819484332,1.15E-18,1.86E-18
SRSF11,23.86115879,2.666821527,0.232822895,11.45429243,2.24E-30,4.43E-30
ANKRD13C,8.199286558,1.397795133,0.2290682,6.102091583,1.05E-09,1.43E-09
HHLA3,15.04977661,2.464689618,0.217419703,11.33609139,8.69E-30,1.70E-29
CTH,58.88101346,4.45232651,0.252961264,17.60082334,2.43E-69,9.18E-69
ZRANB2,6.468285081,0.822478079,0.226627058,3.629213949,0.000284286,0.000339966
NEGR1,49.70390872,3.638067402,0.233571763,15.57580143,1.06E-54,3.17E-54
FPGT,87.69593066,5.019816157,0.214469254,23.40576121,3.73E-121,2.79E-120
SLC44A5,26.57914037,3.301603461,0.227540592,14.5099537,1.05E-47,2.78E-47
ACADM,234.4335172,6.390557632,0.202322488,31.58599767,5.75E-219,1.12E-217
RABGGTB,7.009315845,1.090841334,0.204709095,5.328738989,9.89E-08,1.29E-07
ST6GALNAC3,64.6014068,4.597608882,0.252587903,18.20201533,4.97E-74,2.01E-73
USP33,12.81211081,2.168398534,0.24973104,8.682935585,3.86E-18,6.17E-18
NEXN-AS1,161.5722351,5.926543735,0.208327495,28.44820721,5.13E-178,7.10E-177
NEXN,30.69106681,3.315227392,0.265192393,12.501216,7.35E-36,1.59E-35
FUBP1,7.902098747,1.303848964,0.233667121,5.579941911,2.41E-08,3.19E-08
DNAJB4,8.831303239,1.57277278,0.230589768,6.820652943,9.06E-12,1.30E-11
TTLL7,39.54157367,3.80816609,0.24580597,15.49256956,3.89E-54,1.15E-53
PRKACB,38.25564273,3.778800344,0.271277243,13.92966213,4.18E-44,1.04E-43
RPF1,44.71403244,3.878944435,0.254474387,15.24296602,1.83E-52,5.26E-52
GNG5,35.8992839,2.789446575,0.251273588,11.1012327,1.24E-28,2.38E-28
SSX2IP,38.13545443,3.78676672,0.255612238,14.81449698,1.18E-49,3.23E-49
SYDE2,6.22409682,1.131088615,0.224374816,5.04106759,4.63E-07,5.96E-07
C1orf52,37.70800159,3.609313789,0.237748535,15.1812241,4.71E-52,1.34E-51
BCL10,10.64252047,1.846377049,0.236744524,7.799027479,6.24E-15,9.47E-15
DDAH1,18.108624,2.267447083,0.210428466,10.77538191,4.50E-27,8.46E-27
ZNHIT6,14.51434737,2.247734259,0.237995238,9.444450553,3.57E-21,6.06E-21
ODF2L,81.34506624,4.858860965,0.217669302,22.322215,2.25E-110,1.50E-109
SH3GLB1,55.81249771,3.900438237,0.203611003,19.15632349,8.57E-82,3.90E-81
HS2ST1,151.365581,5.746460252,0.224973421,25.5428407,6.59E-144,6.44E-143
PKN2,38.82107446,3.668839286,0.24810698,14.78732798,1.77E-49,4.83E-49
GTF2B,393.3399099,7.039630256,0.182777241,38.5148075,0,0
RBMXL1,94.9583445,5.156828584,0.198109879,26.03014353,2.26E-149,2.35E-148
GBP4,3.983383617,0.374894875,0.168619327,2.223320901,0.026194169,0.029126072
LRRC8B,54.08204683,4.338552701,0.23707843,18.30007349,8.26E-75,3.38E-74
LRRC8C,5.046284885,0.734388135,0.214986338,3.415975839,0.000635539,0.000751827
LRRC8D,23.27540956,3.040035207,0.21927104,13.86428051,1.04E-43,2.58E-43
ZNF326,5.880562015,0.929288253,0.209223942,4.441596143,8.93E-06,1.11E-05
ZNF644,4.358799908,0.389900842,0.19219705,2.028651539,0.042493795,0.046724258
HFM1,60.92484098,4.480433896,0.250412669,17.89220138,1.36E-71,5.30E-71
CDC7,29.66841779,3.440289884,0.242965782,14.15956541,1.63E-45,4.16E-45
GLMN,545.1532527,7.529170907,0.160281411,46.97469823,0,0
RPAP2,92.42060656,5.064186819,0.167400881,30.25185289,4.93E-201,8.18E-200
EVI5,109.047585,5.241530591,0.194950308,26.88649563,3.16E-159,3.65E-158
RPL5,5.698908713,-2.274974359,0.174367943,-13.04697594,6.61E-39,1.49E-38
MTF2,17.67737301,2.607718454,0.212592758,12.26626196,1.37E-34,2.91E-34
TMED5,10.47350556,1.74938273,0.245556594,7.124152947,1.05E-12,1.53E-12
CCDC18,131.3211403,5.520420283,0.203050657,27.18740424,9.15E-163,1.09E-161
FNBP1L,5.835086003,0.946692073,0.204682834,4.625165951,3.74E-06,4.69E-06
BCAR3,255.9549695,6.396691505,0.170845493,37.44138271,8.30E-307,3.06E-305
DNTTIP2,9.406849741,1.611185565,0.226211903,7.122461472,1.06E-12,1.55E-12
GCLM,71.00185436,4.362796469,0.249816552,17.46400085,2.69E-68,1.00E-67
ARHGAP29,27.06441598,3.220709376,0.258515497,12.45847699,1.26E-35,2.71E-35
ABCD3,15.27783835,2.374890367,0.248473796,9.557910738,1.20E-21,2.06E-21
F3,116.9792298,5.373775817,0.180941122,29.69903002,7.90E-194,1.22E-192
CNN3,5.552267455,0.674595749,0.198989827,3.390101691,0.000698667,0.000825069
ALG14,37.11581062,3.716333789,0.22678282,16.38719279,2.36E-60,7.69E-60
RWDD3,22.91082182,3.028074196,0.243040001,12.45915976,1.25E-35,2.69E-35
PTBP2,100.6471734,5.01639211,0.237682976,21.10539084,7.10E-99,4.12E-98
DPYD,62.7476452,4.070140065,0.251205763,16.20241516,4.85E-59,1.55E-58
SNX7,8.68178953,1.387434585,0.219084881,6.332863223,2.41E-10,3.34E-10
AGL,46.74958958,4.115723771,0.243251284,16.9196384,3.22E-64,1.12E-63
SLC35A3,21.42903607,2.866656848,0.250810212,11.42958586,2.98E-30,5.88E-30
SASS6,300.1329999,6.696909154,0.195976447,34.17201021,6.30E-256,1.61E-254
TRMT13,151.1056736,5.8087729,0.203261576,28.57782081,1.27E-179,1.78E-178
DBT,24.42764584,3.156969965,0.223291286,14.13834827,2.20E-45,5.61E-45
RTCA,256.5747148,6.471452082,0.179567089,36.03918793,2.04E-284,6.67E-283
CDC14A,41.89471389,3.945059202,0.243029821,16.23281943,2.96E-59,9.46E-59
VCAM1,15.89455659,2.528612414,0.254176051,9.948271698,2.57E-23,4.53E-23
EXTL2,83.65816253,4.940526941,0.223152198,22.13971888,1.31E-108,8.56E-108
SLC30A7,2.297527215,-0.744236302,0.153398728,-4.85164585,1.22E-06,1.56E-06
DPH5,4.909947677,0.722567499,0.218141798,3.312375288,0.000925074,0.001087004
S1PR1,4.87409673,0.735513797,0.216196708,3.402058265,0.000668804,0.000790319
OLFM3,32.65561369,3.603737064,0.259122592,13.90745993,5.71E-44,1.42E-43
COL11A1,230.1253606,6.37367939,0.198123772,32.17019,4.61E-227,9.47E-226
RNPC3,26.57891371,3.246664681,0.242768093,13.37352301,8.64E-41,2.01E-40
AMY2B,9.5865564,1.775420167,0.242651604,7.316746064,2.54E-13,3.75E-13
PRMT6,603.4632775,7.799672655,0.163769952,47.62578567,0,0
VAV3,7.314859232,1.370569735,0.237860734,5.762068055,8.31E-09,1.12E-08
SLC25A24,22.17961104,2.850946616,0.236371146,12.06131402,1.69E-33,3.52E-33
FAM102B,22.60407255,3.028714073,0.228221087,13.27096505,3.41E-40,7.86E-40
PRPF38B,33.78259202,3.4275218,0.224296902,15.28118211,1.02E-52,2.94E-52
STXBP3,33.68506939,3.541508514,0.246440396,14.37064934,7.91E-47,2.07E-46
AKNAD1,30.10402524,3.429200853,0.256637113,13.36206136,1.01E-40,2.35E-40
GPSM2,21.83102335,2.862594911,0.245411128,11.66448697,1.94E-31,3.90E-31
CLCC1,13.48461317,2.233892543,0.235073831,9.50294015,2.04E-21,3.48E-21
WDR47,228.7365422,6.397271638,0.19202526,33.31474009,2.36E-243,5.49E-242
TMEM167B,52.86626606,4.173190555,0.239910295,17.39479564,9.03E-68,3.33E-67
KIAA1324,122.8127647,5.518745305,0.250677971,22.01527836,2.06E-107,1.33E-106
SARS,184.9273089,5.856258982,0.197032521,29.72229633,3.96E-194,6.14E-193
CELSR2,63.72458628,4.577803599,0.248758501,18.40260164,1.25E-75,5.19E-75
PSRC1,17.88217105,2.704886336,0.242751304,11.14262331,7.78E-29,1.50E-28
SORT1,129.0642224,5.591006471,0.256246384,21.81886971,1.54E-105,9.68E-105
PSMA5,3.545470519,-0.493096043,0.171307803,-2.878421381,0.003996709,0.004595454
CYB561D1,44.96509456,4.069644649,0.246590315,16.50366781,3.45E-61,1.14E-60
GNAI3,109.2855079,5.075521436,0.220406281,23.02802537,2.44E-117,1.75E-116
GNAT2,29.33560427,3.446181316,0.280747772,12.27500859,1.23E-34,2.61E-34
AMPD2,26.47470294,3.188200786,0.260705505,12.2291272,2.17E-34,4.57E-34
GSTM4,13.3198648,2.243547133,0.241984839,9.271436777,1.84E-20,3.08E-20
GSTM2,116.26222,5.438821548,0.269912252,20.15033225,2.67E-90,1.37E-89
GSTM1,15.23483347,2.480707191,0.212427601,11.67789485,1.65E-31,3.34E-31
GSTM5,161.3832816,5.914095144,0.191519064,30.87992929,2.22E-209,3.95E-208
GSTM3,147.7744586,5.445654785,0.174013266,31.2944806,5.55E-215,1.04E-213
CSF1,8.515049485,1.597905066,0.242177129,6.598084111,4.17E-11,5.88E-11
AHCYL1,2.325801733,-0.74843361,0.167934008,-4.456712594,8.32E-06,1.04E-05
STRIP1,54.59127009,4.331373029,0.198639668,21.80517652,2.07E-105,1.30E-104
KCNC4,26.03201488,3.227370794,0.244093364,13.22187027,6.56E-40,1.51E-39
RBM15,139.0955661,5.688573372,0.22057335,25.78993958,1.15E-146,1.16E-145
LAMTOR5-AS1,15.10305457,2.430243557,0.215827897,11.2600993,2.07E-29,4.02E-29
LAMTOR5,864.810223,7.531258361,0.162322426,46.39690617,0,0
LRIF1,8.361942929,1.564504354,0.222047099,7.045822073,1.84E-12,2.68E-12
CEPT1,76.6483626,4.792489943,0.218207338,21.96300997,6.50E-107,4.17E-106
PIFO,68.93032367,4.691874248,0.226412404,20.72269086,2.16E-95,1.19E-94
WDR77,17.60548006,2.609663158,0.236499876,11.03452232,2.60E-28,4.98E-28
RAP1A,2.394342088,-0.750483425,0.163251466,-4.597100694,4.28E-06,5.36E-06
DDX20,50.56836075,4.178311657,0.249258541,16.76296279,4.55E-63,1.55E-62
WNT2B,203.0977398,6.247156124,0.179522153,34.79880353,2.54E-265,7.10E-264
ST7L,18.33271515,2.668481788,0.262856523,10.15185682,3.25E-24,5.82E-24
CAPZA1,307.1630804,6.355700267,0.169378357,37.52368583,0,0
MOV10,2.613760785,-0.356163174,0.157790626,-2.257188412,0.023996304,0.026745137
RHOC,86.99892305,3.855590665,0.245074094,15.73234689,9.08E-56,2.75E-55
SLC16A1,77.46097434,4.765988349,0.218226591,21.83963159,9.75E-106,6.17E-105
LRIG2,49.71428454,4.205905427,0.246819813,17.04038822,4.12E-65,1.45E-64
MAGI3,2.060729874,-0.793852412,0.162658403,-4.88048817,1.06E-06,1.35E-06
PHTF1,584.7800998,7.711652956,0.174789664,44.11961667,0,0
RSBN1,11.88988613,2.053653747,0.230773684,8.898994514,5.64E-19,9.16E-19
AP4B1-AS1,2.076190881,-0.79436945,0.16543847,-4.801600552,1.57E-06,1.99E-06
BCL2L15,214.4987952,6.336942641,0.167770498,37.77149565,0,0
AP4B1,1.794727079,-1.045509987,0.149740484,-6.982146451,2.91E-12,4.20E-12
DCLRE1B,5.603585019,0.887910611,0.190909438,4.650951892,3.30E-06,4.15E-06
HIPK1,15.91608239,2.448682427,0.241356047,10.14551929,3.47E-24,6.21E-24
OLFML3,23.4081552,3.041306597,0.265173192,11.46913295,1.89E-30,3.74E-30
SYT6,5.432934307,0.911725084,0.221907335,4.108584711,3.98E-05,4.87E-05
BCAS2,6.488387891,1.009039995,0.230799605,4.371931198,1.23E-05,1.52E-05
DENND2C,2.229587572,-0.689937048,0.160963056,-4.286306843,1.82E-05,2.24E-05
NRAS,139.2303194,5.586644721,0.236444803,23.62769095,2.00E-123,1.53E-122
CSDE1,243.8830605,6.069520311,0.23200089,26.16162507,7.27E-151,7.68E-150
SIKE1,20.72515459,2.788079968,0.235298609,11.84911367,2.17E-32,4.45E-32
TSPAN2,21.30065326,2.964216399,0.24573932,12.06244241,1.67E-33,3.47E-33
VANGL1,12.33713646,2.147259514,0.228207522,9.40924075,5.00E-21,8.46E-21
SLC22A15,5.391164307,0.86481341,0.224189592,3.857509178,0.000114548,0.000138632
MAB21L3,47.47673544,4.149572502,0.256789545,16.15942934,9.75E-59,3.10E-58
ATP1A1,50.36344023,4.070093091,0.222403036,18.30052847,8.20E-75,3.35E-74
CD58,125.6345327,5.478496032,0.21124068,25.93485322,2.70E-148,2.76E-147
IGSF3,36.59452235,3.759159535,0.230793676,16.28796596,1.20E-59,3.87E-59
PTGFRN,11.19928274,1.986655393,0.212157683,9.364051125,7.67E-21,1.29E-20
TRIM45,22.20672073,3.026384602,0.256127473,11.81593122,3.23E-32,6.59E-32
MAN1A2,12.83450592,2.055614016,0.23936999,8.587601204,8.88E-18,1.41E-17
GDAP2,27.90804817,3.304922109,0.223810345,14.76661908,2.40E-49,6.56E-49
WDR3,131.8936528,5.530001332,0.200391701,27.59595977,1.24E-167,1.57E-166
SPAG17,51.99514067,4.282380456,0.251653828,17.01694938,6.15E-65,2.16E-64
TBX15,90.33106696,5.021092525,0.222413481,22.57548646,7.55E-113,5.16E-112
WARS2,37.63281333,3.755890132,0.267316164,14.0503667,7.66E-45,1.93E-44
WARS2-IT1,20.95115763,2.952929757,0.2552015,11.57097335,5.78E-31,1.16E-30
ZNF697,15.72224438,2.491967269,0.24833113,10.03485655,1.07E-23,1.90E-23
PHGDH,6.39324918,0.939300384,0.226886697,4.139953541,3.47E-05,4.26E-05
NOTCH2,1.780142016,-1.531093669,0.129302574,-11.84116926,2.39E-32,4.89E-32
SEC22B,36.57180835,3.575109227,0.228327014,15.65784599,2.94E-55,8.82E-55
LINC00623,1.959456473,-0.910721941,0.151417118,-6.014656433,1.80E-09,2.45E-09
FAM72B,8.144070808,1.509375929,0.239772273,6.295039492,3.07E-10,4.25E-10
SRGAP2C,91.20496111,5.044946647,0.23848649,21.15401438,2.53E-99,1.48E-98
FAM72C,37.94928275,3.822369749,0.264358116,14.45905957,2.20E-47,5.80E-47
NBPF15,20.22570013,2.832547605,0.229467385,12.34400959,5.25E-35,1.12E-34
SRGAP2B,15.64820717,2.486118517,0.253345868,9.813140172,9.88E-23,1.73E-22
NBPF20,55.53739865,4.357504028,0.266245893,16.3664648,3.32E-60,1.08E-59
GPR89A,180.7241471,6.056655368,0.207708323,29.15942552,6.34E-187,9.34E-186
RNF115,292.9051752,6.683792752,0.189727301,35.2284185,7.34E-272,2.13E-270
POLR3C,70.15452837,4.664526723,0.230166067,20.2659184,2.57E-91,1.33E-90
PIAS3,42.49104792,3.944135914,0.232187708,16.986842,1.03E-64,3.60E-64
PEX11B,65.19482715,4.588861139,0.217970974,21.05262481,2.16E-98,1.25E-97
RBM8A,3.582315461,-0.69200257,0.178157743,-3.884212706,0.000102662,0.000124343
LIX1L,13.55565724,2.221238246,0.25111159,8.845622164,9.10E-19,1.47E-18
POLR3GL,4.317175054,0.420157864,0.205943795,2.040157913,0.0413346,0.045458858
TXNIP,51.72078559,4.189957143,0.237497439,17.64211508,1.17E-69,4.44E-69
NBPF12,74.99233154,4.792579878,0.191176748,25.068843,1.09E-138,1.01E-137
PRKAB2,33.68394707,3.532565131,0.259298779,13.62353167,2.90E-42,6.98E-42
CHD1L,6.879320183,1.273414435,0.199873397,6.371105184,1.88E-10,2.61E-10
ACP6,96.86604593,5.184896818,0.17713062,29.27160086,2.38E-188,3.55E-187
GPR89B,184.0914684,6.115421051,0.213522972,28.64057667,2.10E-180,2.97E-179
NBPF11,58.3187631,4.416610589,0.243958525,18.10394038,2.97E-73,1.19E-72
NBPF14,87.38066905,4.982976951,0.205192179,24.28443904,2.86E-130,2.41E-129
PDE4DIP,41.96920038,3.853634572,0.244320571,15.77286169,4.78E-56,1.45E-55
NBPF9,11.27848304,2.014171408,0.261004993,7.716984206,1.19E-14,1.80E-14
HIST2H4A,83.67037843,4.973100277,0.234341709,21.22157556,6.04E-100,3.55E-99
HIST2H2AA3,9.673365403,1.795287052,0.231828671,7.744025135,9.63E-15,1.46E-14
HIST2H2AA4,41.35437626,3.947463151,0.233215409,16.92625356,2.88E-64,1.00E-63
HIST2H3A,4.118581916,0.466852324,0.216819991,2.153179328,0.031304588,0.034645444
HIST2H4B,8.802558001,1.656808245,0.231720175,7.150038812,8.68E-13,1.27E-12
HIST2H2AC,51.75583987,4.224079221,0.257997569,16.37255435,3.00E-60,9.77E-60
SV2A,14.94970616,2.429980154,0.23123265,10.50881071,7.87E-26,1.45E-25
SF3B4,90.4717337,4.905427014,0.232784177,21.07285419,1.41E-98,8.16E-98
OTUD7B,92.94141838,5.062676371,0.236590989,21.39843277,1.38E-101,8.36E-101
VPS45,16.25257083,2.489401066,0.261410715,9.522949623,1.68E-21,2.87E-21
PLEKHO1,191.885354,5.954600499,0.165672907,35.94190864,6.77E-283,2.17E-281
ANP32E,12.75822977,1.990259523,0.253335603,7.856217201,3.96E-15,6.03E-15
CA14,8.38984493,1.58416256,0.227118887,6.975036643,3.06E-12,4.42E-12
APH1A,32.43831902,3.519150988,0.220463474,15.96251262,2.33E-57,7.23E-57
C1orf54,2.017928164,-1.097378793,0.132926053,-8.255558423,1.51E-16,2.35E-16
MRPS21,59.35074744,3.897456816,0.255009039,15.28360259,9.84E-53,2.84E-52
PRPF3,11.01421542,1.964880277,0.188709458,10.41219818,2.18E-25,3.98E-25
RPRD2,25.57867605,3.128182951,0.246774258,12.67629361,8.00E-37,1.75E-36
TARS2,22.30477521,3.031895659,0.232264429,13.05363749,6.06E-39,1.37E-38
MCL1,257.3061622,6.361334584,0.242000809,26.28641863,2.74E-152,2.92E-151
ENSA,26.90345124,3.038521885,0.213850676,14.20861484,8.10E-46,2.08E-45
GOLPH3L,4.824630523,0.704920441,0.211782459,3.328511931,0.000873113,0.001027503
ARNT,35.87779016,3.707699336,0.268216444,13.82353477,1.84E-43,4.52E-43
SETDB1,22.17358571,3.001735112,0.218767305,13.72113219,7.59E-43,1.84E-42
CERS2,10.13110765,1.726258482,0.235727351,7.323114911,2.42E-13,3.58E-13
C1orf56,75.87151413,4.820306921,0.237005707,20.33835806,5.89E-92,3.08E-91
CDC42SE1,51.3792502,4.120074342,0.216896987,18.99553515,1.86E-80,8.28E-80
MLLT11,13.44619356,2.198278333,0.240114383,9.155129758,5.43E-20,9.01E-20
GABPB2,32.34669049,3.535419822,0.2464491,14.34543615,1.14E-46,2.97E-46
SEMA6C,22.84380384,3.078532327,0.220749432,13.9458222,3.34E-44,8.31E-44
SCNM1,254.9948665,6.472112443,0.201012254,32.19760146,1.91E-227,3.94E-226
LYSMD1,21.47850209,2.975127334,0.24782866,12.00477512,3.35E-33,6.94E-33
VPS72,16.46708237,2.539439466,0.254258763,9.987618249,1.73E-23,3.06E-23
PIP5K1A,52.99236895,4.214293658,0.230298304,18.29928221,8.38E-75,3.42E-74
PSMD4,2.239753929,-1.058581077,0.160779224,-6.584066326,4.58E-11,6.46E-11
PI4KB,16.43751553,2.525312803,0.224591984,11.24400237,2.48E-29,4.82E-29
RFX5,6.381413777,1.143400391,0.221175613,5.169649462,2.35E-07,3.04E-07
SELENBP1,24.48940606,3.181518147,0.261261053,12.17754468,4.09E-34,8.59E-34
PSMB4,60.04460249,3.948041944,0.239600939,16.47757291,5.32E-61,1.75E-60
POGZ,6.17365381,1.029146113,0.22754693,4.522786202,6.10E-06,7.61E-06
CGN,300.1519102,6.822241121,0.199157731,34.25546722,3.62E-257,9.45E-256
TUFT1,1.72856395,-1.184390209,0.141723035,-8.357076258,6.43E-17,1.01E-16
SNX27,28.34014064,3.343100846,0.2482765,13.46523268,2.51E-41,5.90E-41
MRPL9,51.40595539,4.062409929,0.229315416,17.71538086,3.19E-70,1.22E-69
TDRKH,14.11075156,2.358022583,0.206315665,11.42919799,2.99E-30,5.91E-30
THEM4,6.183757606,1.069050255,0.232542529,4.597224688,4.28E-06,5.36E-06
S100A10,7.825024862,-1.853243439,0.187519477,-9.882938393,4.94E-23,8.67E-23
S100A11,45.06088721,0.644484056,0.196506625,3.279706509,0.001039151,0.001218679
S100A6,271.7454903,3.5082762,0.137230156,25.56490712,3.75E-144,3.68E-143
S100A4,25.98370699,1.72526782,0.205767651,8.38454348,5.09E-17,7.99E-17
S100A16,247.8740426,4.921121808,0.197657705,24.89719183,7.98E-137,7.26E-136
S100A13,15.61299344,1.274193655,0.227084796,5.611091877,2.01E-08,2.67E-08
CHTOP,104.0905709,5.07093974,0.216452565,23.4274874,2.24E-121,1.69E-120
SNAPIN,82.24907469,4.806000833,0.234409379,20.50259613,2.04E-93,1.09E-92
ILF2,119.5162768,5.109282889,0.195642273,26.11543409,2.44E-150,2.56E-149
INTS3,322.3354884,6.914741535,0.170951407,40.44857931,0,0
SLC27A3,34.19476477,3.659461175,0.24102305,15.18303407,4.58E-52,1.31E-51
GATAD2B,35.86840476,3.654798701,0.227200783,16.08620642,3.19E-58,1.00E-57
DENND4B,87.8951781,5.000359929,0.263523471,18.97500784,2.74E-80,1.22E-79
CRTC2,61.29908991,4.477642097,0.238826633,18.74850405,1.99E-78,8.63E-78
SLC39A1,17.41232392,2.570179736,0.229279121,11.209829,3.65E-29,7.08E-29
CREB3L4,2.356574236,-0.507721997,0.171883284,-2.953876529,0.003138095,0.003622777
JTB,7.733838162,0.950770983,0.225455924,4.217103574,2.47E-05,3.04E-05
RAB13,67.06244424,3.73907399,0.196846934,18.99482972,1.88E-80,8.39E-80
RPS27,66.85573683,1.558726944,0.216623945,7.195543155,6.22E-13,9.13E-13
TPM3,8.388965253,0.50519003,0.213804534,2.362859288,0.018134554,0.02031399
C1orf43,9.308090256,1.291484802,0.232124147,5.563767578,2.64E-08,3.50E-08
UBAP2L,9.35848544,1.578399736,0.225457787,7.000865917,2.54E-12,3.68E-12
HAX1,6.433622875,0.761627534,0.225722607,3.374174801,0.000740373,0.000873562
ATP8B2,9.496662275,1.707213952,0.227797655,7.494431632,6.66E-14,9.94E-14
UBE2Q1,31.87195462,3.461151345,0.237796378,14.55510543,5.42E-48,1.44E-47
CHRNB2,14.49835265,2.405281426,0.238221274,10.09683724,5.71E-24,1.02E-23
ADAR,2.751891479,-0.353903155,0.169540028,-2.087431265,0.036849168,0.040636911
KCNN3,25.53851414,3.232560514,0.246443193,13.11685861,2.64E-39,5.99E-39
PMVK,7.407191768,1.252419276,0.224426789,5.580524867,2.40E-08,3.18E-08
PBXIP1,7.995755199,1.508449118,0.239022451,6.310909759,2.77E-10,3.84E-10
PYGO2,38.61983218,3.825967448,0.255716773,14.96173835,1.31E-50,3.64E-50
SHC1,11.9399474,1.792463039,0.228723326,7.836817821,4.62E-15,7.03E-15
CKS1B,5.504108882,0.448689757,0.208967279,2.147177107,0.031779185,0.035138486
FLAD1,7.472645457,1.342482068,0.215275032,6.236125262,4.49E-10,6.18E-10
EFNA4,30.30997987,3.493880788,0.240473638,14.52916345,7.92E-48,2.10E-47
EFNA3,57.217224,4.4218592,0.217806585,20.30177003,1.24E-91,6.47E-91
SLC50A1,23.25651255,3.008086135,0.266962587,11.26781911,1.89E-29,3.69E-29
DPM3,11.52667361,1.968044163,0.232790906,8.454128215,2.81E-17,4.42E-17
KRTCAP2,41.70415568,3.345911798,0.234740871,14.25363968,4.26E-46,1.10E-45
THBS3,40.84759512,3.90833161,0.206174809,18.95639741,3.91E-80,1.73E-79
GBA,115.3455334,5.394892931,0.21373645,25.2408652,1.43E-140,1.35E-139
FAM189B,38.53748281,3.812823074,0.234255312,16.27635697,1.45E-59,4.67E-59
SCAMP3,25.49849254,3.151419466,0.241452336,13.05193198,6.20E-39,1.40E-38
CLK2,41.9121316,3.923359854,0.231010636,16.98345978,1.09E-64,3.81E-64
HCN3,74.96931417,4.813354388,0.229551639,20.96850364,1.27E-97,7.30E-97
FDPS,22.68456224,2.739609049,0.229625992,11.93074454,8.18E-33,1.68E-32
RUSC1-AS1,8.652568142,1.618196636,0.231477426,6.990731954,2.73E-12,3.95E-12
RUSC1,33.07239623,3.566605124,0.250615478,14.23138407,5.85E-46,1.50E-45
ASH1L,14.42948284,2.078841643,0.245827652,8.456500408,2.76E-17,4.34E-17
ASH1L-AS1,68.06052347,4.673986874,0.209941667,22.26326455,8.39E-110,5.55E-109
MSTO1,25.49398529,3.20798129,0.235999648,13.59316134,4.40E-42,1.05E-41
YY1AP1,188.7275789,6.077303339,0.181129673,33.55222394,8.36E-247,2.01E-245
DAP3,230.2754106,6.164698703,0.169009355,36.47548791,2.71E-291,9.16E-290
GON4L,134.079635,5.592317166,0.193128385,28.95647455,2.33E-184,3.36E-183
SYT11,117.0335188,5.40521969,0.156264072,34.59029071,3.54E-262,9.70E-261
RIT1,17.58484138,2.556533158,0.234548545,10.89980393,1.16E-27,2.19E-27
ARHGEF2,28.16603867,3.353421145,0.230729535,14.53399171,7.38E-48,1.96E-47
SSR2,18.04697332,2.076161174,0.23750474,8.741556806,2.30E-18,3.70E-18
UBQLN4,18.00739664,2.718093634,0.246443938,11.02925745,2.76E-28,5.28E-28
LAMTOR2,2.238905313,-1.042837146,0.129159284,-8.074039412,6.80E-16,1.05E-15
MEX3A,45.37434609,4.071582359,0.227567261,17.89177554,1.37E-71,5.34E-71
LMNA,176.8359385,4.54129077,0.115042618,39.47485582,0,0
SLC25A44,8.810210419,1.601119924,0.232408326,6.889253722,5.61E-12,8.07E-12
PMF1,175.3390876,5.873579881,0.211651581,27.75117414,1.69E-169,2.16E-168
SMG5,8.756372919,1.546509309,0.230411562,6.711943161,1.92E-11,2.73E-11
TSACC,145.9001951,5.757158563,0.220021469,26.16634914,6.42E-151,6.80E-150
C1orf61,2.527056258,-0.370369956,0.17580511,-2.106707577,0.035142935,0.03878678
MEF2D,27.89274377,3.327562782,0.201266746,16.53309769,2.12E-61,7.04E-61
IQGAP3,562.9924426,7.688628341,0.183312073,41.9428366,0,0
GPATCH4,2.485100712,-0.7941685,0.136306519,-5.826342769,5.67E-09,7.63E-09
NES,108.6128487,5.340265603,0.255462121,20.90433438,4.89E-97,2.77E-96
CRABP2,17.83792555,2.537210514,0.247653911,10.24498465,1.25E-24,2.25E-24
ISG20L2,15.2874279,2.418927177,0.240386466,10.06265958,8.08E-24,1.44E-23
RRNAD1,64.17164656,4.555895105,0.236519716,19.26222125,1.11E-82,5.17E-82
HDGF,8.228277035,1.150385211,0.220209232,5.224055324,1.75E-07,2.28E-07
PEAR1,6.405136778,1.12150493,0.225095138,4.98235963,6.28E-07,8.05E-07
ARHGEF11,5.591914352,0.927292543,0.222160679,4.173972403,2.99E-05,3.67E-05
ETV3,20.43518965,2.868899283,0.2154416,13.31636643,1.86E-40,4.31E-40
AIM2,2.410286746,-0.50304625,0.157989117,-3.184056339,0.001452267,0.001694754
TAGLN2,15.04411798,1.230824085,0.236484667,5.204667594,1.94E-07,2.53E-07
IGSF9,11.06448418,1.992194159,0.22706868,8.77353126,1.73E-18,2.79E-18
PIGM,70.63194667,4.71598554,0.225324368,20.92976269,2.87E-97,1.64E-96
ATP1A2,64.33124257,4.591525064,0.244834331,18.75359985,1.81E-78,7.85E-78
DCAF8,249.7396837,6.431739827,0.163627027,39.30731949,0,0
PEX19,240.869658,6.472745554,0.232515522,27.83790728,1.51E-170,1.96E-169
COPA,16.15754964,2.301269341,0.246681159,9.328922191,1.07E-20,1.80E-20
NCSTN,30.7190478,3.418447209,0.219807321,15.5520171,1.54E-54,4.58E-54
NHLH1,26.51961157,3.297089774,0.224844459,14.66386935,1.10E-48,2.96E-48
VANGL2,235.1107445,6.469295343,0.181759709,35.59257103,1.83E-277,5.56E-276
F11R,13.2663755,2.275893117,0.248112581,9.172824321,4.61E-20,7.66E-20
TSTD1,29.18813611,3.417072997,0.238494082,14.32770561,1.47E-46,3.82E-46
USF1,78.99284577,4.890292374,0.225642839,21.67271245,3.71E-104,2.30E-103
NIT1,82.3590467,4.90717439,0.20140207,24.36506429,4.01E-131,3.40E-130
DEDD,24.44884233,3.145605183,0.233929243,13.44682325,3.21E-41,7.56E-41
UFC1,370.6918873,6.64313769,0.13520506,49.13379495,0,0
USP21,35.98080101,3.733501406,0.240765343,15.50680576,3.12E-54,9.22E-54
PPOX,41.68328674,3.947531174,0.248295649,15.89851126,6.49E-57,2.00E-56
B4GALT3,22.96049764,3.001678472,0.249710201,12.02064817,2.77E-33,5.74E-33
ADAMTS4,101.2958977,5.250640869,0.209926137,25.01184912,4.54E-138,4.20E-137
NDUFS2,7.96961036,1.253042359,0.221616231,5.654109139,1.57E-08,2.09E-08
NR1I3,5.860506861,1.02981488,0.22539479,4.568938252,4.90E-06,6.13E-06
SDHC,109.0038191,5.033169381,0.229899875,21.89287564,3.04E-106,1.93E-105
DUSP12,12.83828826,2.086981226,0.239097346,8.728583818,2.58E-18,4.14E-18
ATF6,7.579909914,1.274450202,0.223305203,5.707212314,1.15E-08,1.54E-08
C1orf226,25.49288491,3.239647031,0.221601555,14.61924323,2.12E-48,5.67E-48
UHMK1,63.83837825,4.389223583,0.242588045,18.09332186,3.60E-73,1.44E-72
HSD17B7,4.321602412,0.558602722,0.209878573,2.661551936,0.007778134,0.00884604
RGS4,117.6004158,5.360864426,0.201985114,26.54088869,3.27E-155,3.61E-154
PBX1,15.26584099,2.441875935,0.235981836,10.34772834,4.29E-25,7.79E-25
ALDH9A1,16.7449268,2.493341382,0.236548315,10.54051637,5.62E-26,1.04E-25
TMCO1,45.02003148,3.759650451,0.263807092,14.25151396,4.39E-46,1.13E-45
UCK2,177.0721415,5.935256816,0.215111991,27.59147363,1.41E-167,1.77E-166
POGK,4.472461954,0.540860106,0.197764333,2.734871846,0.006240457,0.007123336
TADA1,4.146446794,0.419861743,0.152218371,2.758285621,0.00581054,0.006637477
ILDR2,11.16730191,2.015132062,0.221686103,9.090024288,9.90E-20,1.64E-19
POU2F1,13.46192791,2.219850681,0.240939822,9.213299263,3.16E-20,5.28E-20
CREG1,7.855079527,1.396678645,0.216381468,6.454705475,1.08E-10,1.52E-10
MPZL1,15.04182413,2.303252166,0.251142938,9.171080769,4.68E-20,7.78E-20
MPC2,3.411677889,-0.398624645,0.187495274,-2.126051699,0.033498955,0.037013689
GPR161,31.5437322,3.518749275,0.242209187,14.52772838,8.09E-48,2.15E-47
TIPRL,167.2058775,5.702553192,0.245447715,23.2332706,2.10E-119,1.54E-118
ATP1B1,46.70718239,4.018998368,0.23638991,17.00156475,8.00E-65,2.81E-64
NME7,14.89797177,2.307133328,0.240690955,9.585459213,9.20E-22,1.58E-21
BLZF1,72.32028343,4.67775826,0.242672013,19.27605167,8.53E-83,3.97E-82
CCDC181,22.51591699,3.057168137,0.2675821,11.42515936,3.13E-30,6.19E-30
SLC19A2,214.5657,6.31478897,0.208777552,30.24649398,5.80E-201,9.60E-200
C1orf112,17.87772343,2.662459436,0.211023092,12.61691034,1.70E-36,3.72E-36
METTL18,2.064246034,-0.793845705,0.159601251,-4.973931597,6.56E-07,8.41E-07
SCYL3,29.64113849,3.450957396,0.245121247,14.07857312,5.14E-45,1.30E-44
GORAB,12.73846194,2.142196457,0.249014992,8.602680663,7.79E-18,1.24E-17
FMO4,27.39046351,3.346724652,0.243310435,13.75495734,4.76E-43,1.16E-42
PRRC2C,49.1920157,3.776723587,0.198921017,18.98604605,2.22E-80,9.90E-80
VAMP4,13.37322433,2.233949216,0.235384922,9.490621548,2.30E-21,3.91E-21
PIGC,11.81279221,2.065559871,0.22829384,9.047812541,1.46E-19,2.40E-19
SUCO,2.624917062,-0.432276457,0.183531362,-2.355327457,0.018506389,0.020728377
PRDX6,145.3548127,4.967582509,0.188948164,26.29071589,2.45E-152,2.61E-151
ANKRD45,6.662518019,1.234757136,0.227758306,5.421348433,5.92E-08,7.77E-08
KLHL20,221.6726725,6.308956417,0.217499357,29.0067819,5.40E-185,7.83E-184
CENPL,15.86841495,2.497188361,0.242251225,10.30825898,6.47E-25,1.17E-24
GAS5,3.461395668,-1.643410027,0.169591909,-9.690379886,3.31E-22,5.73E-22
ZBTB37,7.860814702,1.447890305,0.224115169,6.460474382,1.04E-10,1.46E-10
RC3H1,2.772775233,-0.420824475,0.169946726,-2.476214082,0.013278393,0.014935203
RABGAP1L,8.605438215,1.371400139,0.199323069,6.880288112,5.97E-12,8.59E-12
RABGAP1L-IT1,40.50296744,3.918813778,0.245639622,15.95350845,2.69E-57,8.35E-57
CACYBP,18.4193553,2.177970026,0.247408009,8.803150843,1.33E-18,2.15E-18
MRPS14,6.436390995,0.949919988,0.231353868,4.105917902,4.03E-05,4.92E-05
ASTN1,9.684148441,1.803291344,0.242824618,7.426311863,1.12E-13,1.66E-13
RASAL2,37.72795013,3.343484776,0.215533186,15.51262167,2.85E-54,8.43E-54
RALGPS2,296.2350034,6.698447844,0.181181872,36.97085018,3.37E-299,1.18E-297
ANGPTL1,4.728346163,0.676388109,0.212999161,3.175543528,0.001495561,0.001744339
FAM20B,148.6338172,5.741240245,0.209650569,27.38480637,4.16E-165,5.09E-164
TOR3A,55.23879883,4.337245392,0.244881491,17.7116097,3.41E-70,1.31E-69
ABL2,36.60779685,3.427576619,0.227423557,15.07133503,2.50E-51,7.05E-51
SOAT1,33.31764013,3.502468296,0.181974221,19.24705753,1.49E-82,6.90E-82
TOR1AIP2,90.1240922,4.832315489,0.204321019,23.65060395,1.16E-123,8.91E-123
TOR1AIP1,35.43633796,3.626925885,0.270826837,13.39204755,6.73E-41,1.57E-40
CEP350,8.037981953,1.300941248,0.237578645,5.475834117,4.35E-08,5.74E-08
QSOX1,46.67747935,3.948047403,0.228303738,17.29295998,5.32E-67,1.93E-66
LHX4,117.9817066,5.471361768,0.252179572,21.69629256,2.22E-104,1.38E-103
ACBD6,20.1710495,2.721332809,0.242322647,11.23020419,2.90E-29,5.63E-29
XPR1,57.76577763,4.424494,0.20306324,21.78874921,2.97E-105,1.86E-104
STX6,5.376964582,0.844811326,0.210024991,4.022432384,5.76E-05,7.02E-05
IER5,35.53033715,3.50341679,0.195074115,17.95941395,4.05E-72,1.60E-71
GLUL,127.0044427,5.483377411,0.182362538,30.06855172,1.25E-198,2.02E-197
RGSL1,10.99640412,1.993491757,0.212101,9.398785288,5.52E-21,9.33E-21
RGS16,34.46896211,3.651014788,0.23816645,15.32967714,4.84E-53,1.40E-52
DHX9,30.72674786,3.213831002,0.218045377,14.73927605,3.61E-49,9.80E-49
SMG7,7.38081448,1.256134933,0.235791699,5.327307696,9.97E-08,1.30E-07
ARPC5,20.12255991,1.868179402,0.221776675,8.423696504,3.65E-17,5.73E-17
RGL1,178.7333867,5.998084236,0.271204272,22.11648141,2.19E-108,1.43E-107
COLGALT2,27.09155265,3.329957795,0.248914846,13.37789951,8.14E-41,1.90E-40
TSEN15,7.104023904,1.243421511,0.238356944,5.216636391,1.82E-07,2.37E-07
C1orf21,170.9448429,5.893941469,0.210196372,28.04016741,5.26E-173,6.90E-172
EDEM3,1.854991844,-1.190138231,0.13639099,-8.725930005,2.64E-18,4.24E-18
RNF2,76.22404759,4.795897219,0.234087389,20.48763601,2.78E-93,1.48E-92
TRMT1L,15.72287929,2.500163973,0.189644737,13.18340814,1.09E-39,2.50E-39
SWT1,1477.632955,9.101981923,0.172422152,52.78893583,0,0
IVNS1ABP,51.10521351,4.202979754,0.247380211,16.98995944,9.75E-65,3.42E-64
HMCN1,6.261570476,0.89247922,0.218822398,4.078555165,4.53E-05,5.54E-05
OCLM,25.08244273,3.215870918,0.243717683,13.19506601,9.37E-40,2.14E-39
PLA2G4A,24.01125149,3.03557988,0.24155883,12.56662767,3.22E-36,6.99E-36
RGS2,45.14827869,4.032877127,0.198090262,20.35878534,3.88E-92,2.04E-91
UCHL5,89.60007446,4.938305132,0.187435704,26.34666197,5.60E-153,6.01E-152
CDC73,26.36517877,3.065924267,0.215469745,14.22902443,6.05E-46,1.56E-45
B3GALT2,120.1529336,5.497894044,0.256198599,21.45950083,3.72E-102,2.26E-101
KCNT2,15.29821044,2.4864981,0.222792457,11.16060273,6.36E-29,1.23E-28
CFHR1,12.70237838,2.198612054,0.247058582,8.899152728,5.63E-19,9.15E-19
ASPM,5.076099348,0.686194736,0.217929352,3.148702691,0.001639969,0.001910719
ZBTB41,22.67349075,3.001388264,0.216517059,13.862133,1.07E-43,2.65E-43
CRB1,2.308697657,-0.531094665,0.171291222,-3.100536387,0.001931705,0.002244843
DENND1B,5.522971861,0.872230867,0.217871986,4.003409907,6.24E-05,7.61E-05
NEK7,475.6670711,7.166465828,0.167017621,42.90844157,0,0
MIR181A1HG,12.42912805,2.122321723,0.238628321,8.893838402,5.90E-19,9.59E-19
ZNF281,65.08814481,4.565328473,0.221390459,20.62116181,1.77E-94,9.59E-94
KIF14,272.1133008,6.574711818,0.236284494,27.82540533,2.14E-170,2.77E-169
DDX59,71.31344756,4.741398824,0.246470002,19.23722473,1.81E-82,8.32E-82
KIF21B,66.87484452,4.647658368,0.225141905,20.64323998,1.12E-94,6.10E-94
TMEM9,116.6006909,5.338902741,0.188228238,28.3639841,5.63E-177,7.69E-176
CSRP1,62.21906374,3.923227347,0.225319866,17.41181287,6.71E-68,2.48E-67
NAV1,3.38486087,-0.374474721,0.183252241,-2.04349327,0.041003633,0.045103996
IPO9,90.47272405,4.970759232,0.214249154,23.20083477,4.47E-119,3.25E-118
TIMM17A,39.53948216,3.525825044,0.235525138,14.97005827,1.15E-50,3.21E-50
RNPEP,2.151051371,-0.905299112,0.150272417,-6.024386462,1.70E-09,2.31E-09
ARL8A,2356.619431,9.7762555,0.162154693,60.28968588,0,0
PPP1R12B,87.23467947,5.022491153,0.209967888,23.92028224,1.88E-126,1.52E-125
SYT2,47.05790112,4.136438436,0.228347907,18.11463261,2.44E-73,9.80E-73
KDM5B,40.99858949,3.777832407,0.243930853,15.48730862,4.23E-54,1.24E-53
RABIF,19.513353,2.75029251,0.261177659,10.53035135,6.26E-26,1.16E-25
KLHL12,42.91407019,3.959918277,0.234751601,16.86854641,7.67E-64,2.64E-63
ADIPOR1,39.64261536,3.733054524,0.202246126,18.45797792,4.50E-76,1.88E-75
CYB5R1,36.30841802,3.672702015,0.245537316,14.95781611,1.38E-50,3.86E-50
TMEM183A,36.64669756,3.518219808,0.254999706,13.79695633,2.66E-43,6.52E-43
PPFIA4,61.57658134,4.52824703,0.235364766,19.23927321,1.74E-82,8.00E-82
BTG2,27.04302552,3.316182819,0.231408478,14.33042924,1.41E-46,3.68E-46
ATP2B4,53.99758554,3.973643837,0.230151691,17.2653254,8.58E-67,3.11E-66
ZC3H11A,4.693659062,0.685218523,0.215641357,3.177583981,0.001485077,0.001732297
ZBED6,54.72902995,4.356534969,0.232498175,18.73793188,2.43E-78,1.05E-77
SOX13,83.92474937,4.977626027,0.232782924,21.38312358,1.92E-101,1.16E-100
ETNK2,48.93146666,4.193567494,0.255762372,16.39634266,2.03E-60,6.62E-60
PPP1R15B,46.5380612,4.098983341,0.235201435,17.42754389,5.10E-68,1.89E-67
PIK3C2B,4.593893731,0.635664733,0.216008732,2.942773314,0.003252865,0.003753279
MDM4,63.23905021,4.533786639,0.266129042,17.03604613,4.44E-65,1.56E-64
NFASC,82.77327744,4.914541149,0.24515744,20.04646948,2.17E-89,1.10E-88
CNTN2,27.46644388,3.34963629,0.25638665,13.06478432,5.23E-39,1.18E-38
RBBP5,15.60062641,2.438797954,0.221422629,11.01422182,3.26E-28,6.24E-28
NUAK2,8.470348473,1.594593108,0.249103232,6.401334491,1.54E-10,2.15E-10
KLHDC8A,12.71334036,2.207162739,0.236675249,9.325701542,1.10E-20,1.86E-20
LEMD1,4.082118863,0.444192068,0.198829611,2.234033783,0.02548085,0.028356121
ELK4,7.98678769,1.428761789,0.234693778,6.087770195,1.14E-09,1.56E-09
NUCKS1,11.85870413,1.303363819,0.238313857,5.469106303,4.52E-08,5.96E-08
SLC41A1,7.909492595,1.481977957,0.239664729,6.183546331,6.27E-10,8.61E-10
EIF2D,6.147152426,1.06012407,0.21684398,4.888879412,1.01E-06,1.29E-06
MAPKAPK2,11.5636223,1.887337532,0.235717415,8.00678021,1.18E-15,1.81E-15
PIGR,55.04365296,4.364145047,0.2826151,15.44200944,8.54E-54,2.50E-53
PFKFB2,221.5559189,6.350207838,0.197577651,32.14031446,1.21E-226,2.46E-225
YOD1,81.39911156,4.922464917,0.226333528,21.74872173,7.10E-105,4.43E-104
CD55,22.26088834,2.912807483,0.214075563,13.60644549,3.67E-42,8.79E-42
CR1,15.01984674,2.459112556,0.231619398,10.61704059,2.48E-26,4.61E-26
CD46,69.49441606,4.617577507,0.21078033,21.90706082,2.22E-106,1.42E-105
PLXNA2,12.31042085,2.093333864,0.232761525,8.993470318,2.40E-19,3.93E-19
C1orf74,75.71237364,4.817024596,0.20868359,23.0829103,6.88E-118,4.95E-117
SYT14,66.47402307,4.606421378,0.260517578,17.6818064,5.79E-70,2.21E-69
SERTAD4,1204.233582,8.817195315,0.27839348,31.67170194,3.81E-220,7.51E-219
HHAT,5.41288494,0.879473004,0.194664313,4.517895408,6.25E-06,7.79E-06
RCOR3,7.654973724,1.345718023,0.208163594,6.464713635,1.01E-10,1.42E-10
TRAF5,80.38109658,4.871665882,0.20842358,23.37387109,7.88E-121,5.89E-120
SLC30A1,38.28141964,3.802137207,0.237511677,16.00821171,1.12E-57,3.49E-57
NEK2,90.94479499,5.031981765,0.236070992,21.31554466,8.15E-101,4.86E-100
LPGAT1,18.54220817,2.613844814,0.204457305,12.78430628,2.01E-37,4.43E-37
DTL,56.84339603,4.265921605,0.227891238,18.71911201,3.46E-78,1.49E-77
PPP2R5A,39.78024241,3.815705826,0.230638373,16.5441066,1.77E-61,5.87E-61
NENF,119.7269168,5.028741678,0.194100054,25.90798703,5.41E-148,5.53E-147
NSL1,305.9120638,6.765779397,0.16882192,40.07642719,0,0
TATDN3,17.43707396,2.647155614,0.240390814,11.0118834,3.35E-28,6.40E-28
VASH2,511.6188501,7.592366284,0.224564713,33.8092579,1.44E-250,3.56E-249
ANGEL2,85.83285295,5.009632265,0.237689775,21.07634739,1.31E-98,7.59E-98
RPS6KC1,68.57084791,4.518575243,0.259307897,17.42552114,5.28E-68,1.95E-67
PROX1,8.06484922,1.522143659,0.229834103,6.62279286,3.52E-11,4.98E-11
SMYD2,13.2274815,2.255056627,0.234678303,9.609139818,7.32E-22,1.26E-21
PTPN14,38.56545733,3.38515642,0.245537192,13.78673591,3.06E-43,7.50E-43
CENPF,30.25824966,3.257837525,0.233528957,13.95046492,3.13E-44,7.79E-44
KCTD3,40.3041493,3.805229075,0.219957651,17.29982596,4.72E-67,1.72E-66
ESRRG,58.91770832,4.463663778,0.239702907,18.62165059,2.14E-77,9.15E-77
GPATCH2,145.6874139,5.601962106,0.21092368,26.55919003,2.01E-155,2.23E-154
SPATA17,53.57161979,4.314458844,0.250041516,17.25496995,1.03E-66,3.72E-66
RRP15,7.078460092,1.055177498,0.225747045,4.674158637,2.95E-06,3.71E-06
TGFB2,13.70511628,2.244250204,0.238425326,9.412801243,4.83E-21,8.18E-21
LYPLAL1,327.544006,6.854731543,0.177410109,38.63777324,0,0
ZC3H11B,4.196243363,0.476995056,0.217474957,2.193333258,0.028283377,0.031391314
EPRS,95.30216661,4.923349327,0.212167614,23.20499924,4.05E-119,2.95E-118
BPNT1,31.05421288,3.518056117,0.262645865,13.39467546,6.50E-41,1.52E-40
IARS2,95.43338702,5.070100783,0.224284307,22.60568677,3.81E-113,2.61E-112
RAB3GAP2,34.15746852,3.573179915,0.278545292,12.82800328,1.14E-37,2.53E-37
MARK1,6.356777309,1.132797552,0.229179432,4.942841256,7.70E-07,9.84E-07
2-Mar,228.3436974,6.405457321,0.176321373,36.32830906,5.78E-289,1.92E-287
1-Mar,182.2036808,6.100880566,0.178364535,34.20456064,2.07E-256,5.34E-255
DUSP10,25.70202651,3.174378565,0.211373799,15.01784318,5.61E-51,1.57E-50
TAF1A,25.06154432,3.182977828,0.247041191,12.88440123,5.51E-38,1.23E-37
MIA3,69.43020353,4.659590485,0.218822816,21.29389694,1.29E-100,7.68E-100
AIDA,20.96692109,2.627239433,0.267692299,9.814400491,9.76E-23,1.71E-22
BROX,1.964455906,-1.004604177,0.141531297,-7.098106177,1.26E-12,1.84E-12
CAPN2,77.42605011,4.162899477,0.247560606,16.81567816,1.87E-63,6.41E-63
TP53BP2,99.11042536,5.143805101,0.274744591,18.7221342,3.27E-78,1.41E-77
FBXO28,81.93363657,4.816673937,0.209963741,22.94050356,1.83E-116,1.30E-115
DEGS1,27.63839926,2.98618745,0.239538672,12.46641063,1.14E-35,2.46E-35
NVL,10.54248157,1.808739168,0.239942825,7.538209035,4.76E-14,7.14E-14
CNIH4,57.84641709,4.144682751,0.239190186,17.32797998,2.89E-67,1.06E-66
WDR26,545.4189042,7.559018605,0.15137269,49.9364752,0,0
CNIH3,8.294630371,1.540529974,0.231212605,6.662828686,2.69E-11,3.81E-11
DNAH14,14.93657242,2.395569819,0.243691519,9.830337254,8.33E-23,1.46E-22
LBR,2.170683952,-0.683424135,0.174186623,-3.923516758,8.73E-05,0.000105896
AC092811.1,530.7257636,7.645934243,0.18069346,42.31439394,0,0
ENAH,8.440268658,1.220370312,0.229205869,5.324341464,1.01E-07,1.32E-07
SRP9,82.1033097,4.465296605,0.232725389,19.18697666,4.76E-82,2.18E-81
PYCR2,2.770420143,-0.376259396,0.180736122,-2.081816257,0.037359256,0.041178539
SDE2,763.3197561,8.128150053,0.167156011,48.62613088,0,0
H3F3A,30.76985539,2.249555686,0.179821087,12.50996602,6.59E-36,1.42E-35
ACBD3,170.4173481,5.771753653,0.156872859,36.79255734,2.43E-296,8.40E-295
LIN9,89.47945241,5.039091914,0.24279624,20.75440674,1.12E-95,6.20E-95
PARP1,2.750152952,-0.400485039,0.191776351,-2.088292097,0.036771494,0.040555368
ITPKB,17.03557481,2.624594917,0.253358451,10.35921601,3.80E-25,6.91E-25
PSEN2,94.3797155,5.147951633,0.19012593,27.07653624,1.86E-161,2.19E-160
CDC42BPA,2.883656873,-0.4568453,0.17259391,-2.646937539,0.008122435,0.009228921
ZNF678,23.90742283,3.134769449,0.227328522,13.78960024,2.94E-43,7.22E-43
SNAP47,6.757606662,1.203206857,0.231889911,5.188698598,2.12E-07,2.75E-07
JMJD4,58.87666858,4.429538913,0.280987903,15.76416233,5.49E-56,1.67E-55
ARF1,41.59894045,3.317931184,0.239658405,13.84441821,1.37E-43,3.38E-43
C1orf35,12.99815453,2.164867221,0.22687547,9.542094697,1.40E-21,2.39E-21
MRPL55,6.932431517,1.029398006,0.219533751,4.689019356,2.75E-06,3.46E-06
IBA57,5.289163185,0.83249403,0.221820038,3.75301545,0.00017472,0.000210213
OBSCN,120.5613538,5.502604364,0.22151605,24.84065762,3.26E-136,2.95E-135
TRIM11,225.5486714,6.38801012,0.192074844,33.25792161,1.57E-242,3.62E-241
RNF187,184.9926251,5.838881144,0.220370523,26.49574488,1.09E-154,1.19E-153
RHOU,8.271468583,1.547463719,0.23171638,6.678266418,2.42E-11,3.43E-11
RAB4A,26.47990136,3.083922443,0.252916552,12.19343858,3.37E-34,7.08E-34
CCSAP,16.72270303,2.606073393,0.231670565,11.24904837,2.34E-29,4.55E-29
NUP133,7.249257878,1.312775001,0.242970146,5.40303005,6.55E-08,8.60E-08
ABCB10,68.54259819,4.661199774,0.216508489,21.52894695,8.34E-103,5.10E-102
TAF5L,71.17926115,4.717274967,0.247984758,19.02243913,1.11E-80,4.98E-80
URB2,8.287893315,1.563198355,0.238084258,6.565735886,5.18E-11,7.29E-11
GALNT2,126.2154651,5.404185904,0.210539605,25.66826272,2.64E-145,2.63E-144
PGBD5,5.579296869,0.947531163,0.208161842,4.551896512,5.32E-06,6.64E-06
COG2,1896.247263,9.452097306,0.166760243,56.6807599,0,0
C1orf198,27.07916164,3.27587195,0.226810715,14.44319748,2.77E-47,7.28E-47
TTC13,10.3785479,1.883967661,0.211797333,8.895143478,5.83E-19,9.48E-19
FAM89A,38.81765137,3.823281635,0.226328213,16.89264268,5.10E-64,1.76E-63
C1orf131,10.27620083,1.784193104,0.228952774,7.792843352,6.55E-15,9.95E-15
GNPAT,64.07991021,4.552347096,0.246194481,18.49085759,2.45E-76,1.02E-75
EXOC8,62.3399805,4.535396247,0.245793969,18.45202416,5.02E-76,2.09E-75
SPRTN,8.152482002,1.493699797,0.233940079,6.384967494,1.71E-10,2.39E-10
EGLN1,10.74387202,1.90063701,0.242984429,7.8220527,5.20E-15,7.90E-15
TSNAX,13.38642106,2.15074165,0.246778515,8.715271052,2.90E-18,4.65E-18
SIPA1L2,237.1455289,6.470669932,0.180151644,35.91790655,1.61E-282,5.10E-281
NTPCR,15.85942795,2.423722002,0.244192824,9.925443192,3.23E-23,5.68E-23
COA6,9.17374165,1.407611378,0.209214815,6.728067423,1.72E-11,2.45E-11
TARBP1,13.93116384,2.227629152,0.251953528,8.841428696,9.45E-19,1.53E-18
IRF2BP2,24.82023844,2.996189943,0.245455998,12.20662754,2.87E-34,6.03E-34
TOMM20,46.03851264,3.486986609,0.240025359,14.52757586,8.10E-48,2.15E-47
RBM34,13.81145109,2.310247154,0.241164099,9.57956495,9.75E-22,1.67E-21
ARID4B,12.33674081,2.004726856,0.252386087,7.943095751,1.97E-15,3.02E-15
GGPS1,64.68141744,4.495047196,0.234129994,19.19893779,3.78E-82,1.73E-81
TBCE,32.17145303,3.569626565,0.250175152,14.26850964,3.44E-46,8.88E-46
GNG4,24.22030218,3.164476975,0.22773815,13.89524317,6.77E-44,1.68E-43
LYST,18.47805688,2.672340282,0.251466743,10.62701273,2.23E-26,4.15E-26
GPR137B,7.053017004,1.270852023,0.234586731,5.417407962,6.05E-08,7.94E-08
LGALS8,19.07232405,2.704609895,0.226774141,11.92644754,8.62E-33,1.77E-32
HEATR1,19.53152727,2.80474851,0.246839079,11.36265993,6.42E-30,1.26E-29
CHRM3,6.403148722,1.169601419,0.227606642,5.138696338,2.77E-07,3.58E-07
FMN2,17.34096751,2.483375378,0.23750898,10.45592202,1.38E-25,2.52E-25
OPN3,13.24018231,2.236924501,0.24009499,9.316831242,1.20E-20,2.02E-20
CHML,695.6390576,8.015763109,0.187110658,42.83969275,0,0
EXO1,6.943120088,1.26218569,0.232564288,5.427254988,5.72E-08,7.52E-08
MAP1LC3C,24.77770725,3.197793795,0.243888031,13.1117291,2.82E-39,6.41E-39
PLD5,101.5426419,5.231580214,0.244516288,21.39563076,1.47E-101,8.87E-101
CEP170,129.8701308,5.245222335,0.221541269,23.6760508,6.37E-124,4.90E-123
SDCCAG8,29.418848,3.284794122,0.234087791,14.03231713,9.89E-45,2.49E-44
AKT3,7.741975357,1.140035726,0.224779678,5.071791788,3.94E-07,5.08E-07
ZBTB18,4.442810182,0.592355684,0.216397061,2.737355492,0.006193532,0.007070516
ADSS,34.0037194,3.470225903,0.248274243,13.97738992,2.14E-44,5.36E-44
DESI2,4.57070624,0.487176031,0.220505307,2.209361934,0.027149477,0.03016416
HNRNPU,8.352658233,0.897745092,0.229797995,3.906670695,9.36E-05,0.000113453
EFCAB2,40.71837203,3.861041245,0.184768196,20.89667667,5.74E-97,3.25E-96
KIF26B,25.52265025,3.2199955,0.24457441,13.16570898,1.38E-39,3.15E-39
SMYD3,70.45660024,3.883833982,0.282041032,13.77045728,3.84E-43,9.38E-43
TFB2M,15.32240944,2.367411008,0.237517374,9.967317202,2.12E-23,3.74E-23
CNST,45.3551026,3.996145699,0.254138251,15.72429843,1.03E-55,3.12E-55
SCCPDH,41.37847545,3.783857116,0.225018884,16.81573141,1.87E-63,6.40E-63
AHCTF1,14.45965265,2.24368185,0.248712284,9.021194359,1.86E-19,3.06E-19
ZNF695,59.16757682,4.458516938,0.247872582,17.98713231,2.46E-72,9.72E-72
ZNF670,209.5287563,6.291905745,0.201223973,31.26817172,1.26E-214,2.37E-213
ZNF669,43.17773882,4.010823045,0.232663178,17.23875294,1.36E-66,4.91E-66
C1orf229,4.357943518,0.550484784,0.210185359,2.619044382,0.008817647,0.010003152
ZNF124,7.357269309,1.351934017,0.2321287,5.824070933,5.74E-09,7.74E-09
ZNF496,120.401629,5.478943465,0.206436214,26.54061201,3.30E-155,3.63E-154
TRIM58,15.82722157,2.536506418,0.248642776,10.20140806,1.95E-24,3.51E-24
ZNF672,124.3451836,5.49405236,0.207699842,26.45188506,3.47E-154,3.76E-153
ZNF692,29.80901432,3.457435643,0.260467128,13.27398074,3.28E-40,7.56E-40
PGBD2,162.0437359,5.930884193,0.214406728,27.6618381,2.01E-168,2.56E-167
SH3YL1,27.78306167,3.29163588,0.256812964,12.81724967,1.31E-37,2.90E-37
ACP1,25.58540569,2.842930569,0.183388494,15.50222973,3.35E-54,9.89E-54
TMEM18,29.39827607,3.365896029,0.247139835,13.61939902,3.07E-42,7.38E-42
PXDN,23.02820438,2.901419659,0.219703639,13.20606101,8.10E-40,1.85E-39
MYT1L,25.17253713,3.220566479,0.238338824,13.51255507,1.32E-41,3.13E-41
TRAPPC12,8.725723445,1.483736201,0.215760172,6.876784472,6.12E-12,8.80E-12
ADI1,207.4737939,5.971491092,0.176335676,33.86433888,2.23E-251,5.53E-250
RNASEH1,43.5382637,3.879104422,0.25461288,15.23530318,2.06E-52,5.92E-52
AC108488.3,19.05019421,2.809488795,0.249301608,11.2694371,1.86E-29,3.62E-29
RPS7,32.04848135,0.641053264,0.239197674,2.680014624,0.007361894,0.00838297
SOX11,11.17860607,1.992325487,0.216510798,9.201968235,3.51E-20,5.86E-20
RNF144A,20.06236256,2.86493277,0.257517001,11.125218,9.46E-29,1.82E-28
KIDINS220,11.07224796,1.91672467,0.24917657,7.692234739,1.45E-14,2.18E-14
MBOAT2,482.2560848,7.352225286,0.158504511,46.3849593,0,0
ASAP2,124.3165097,5.285802665,0.218551138,24.1856561,3.15E-129,2.62E-128
ITGB1BP1,54.83273389,3.82150865,0.202643189,18.8583128,2.51E-79,1.10E-78
CPSF3,24.8217862,3.13527077,0.242142948,12.94801603,2.41E-38,5.40E-38
IAH1,13.7141451,2.068128198,0.245542016,8.422705963,3.68E-17,5.78E-17
ADAM17,49.51078932,4.084489413,0.214088301,19.07852687,3.81E-81,1.72E-80
YWHAQ,77.60010563,3.91859265,0.208771056,18.76980809,1.33E-78,5.80E-78
TAF1B,206.9270034,6.169643359,0.204765089,30.1303478,1.94E-199,3.16E-198
KLF11,4.452770852,0.564090718,0.206647646,2.729722452,0.006338767,0.007231757
RRM2,116.9023102,5.027542808,0.20173063,24.92205971,4.29E-137,3.93E-136
HPCAL1,18.22871329,2.403506724,0.25189356,9.541755343,1.40E-21,2.40E-21
ODC1,339.6222918,5.994802606,0.138483792,43.28883913,0,0
NOL10,124.4185787,5.382335154,0.178419693,30.1667101,6.48E-200,1.06E-198
ATP6V1C2,9.183635646,1.71910969,0.217586207,7.900821087,2.77E-15,4.23E-15
PDIA6,43.45993167,3.448468576,0.192513488,17.91286739,9.36E-72,3.67E-71
ROCK2,141.0345709,5.488351327,0.163265757,33.61605897,9.77E-248,2.37E-246
E2F6,48.14789641,4.097817211,0.25917783,15.8108323,2.62E-56,8.00E-56
GREB1,454.7486918,7.422406044,0.229477206,32.34485109,1.64E-229,3.43E-228
LPIN1,61.74521978,4.477917322,0.248853819,17.9941676,2.16E-72,8.57E-72
TRIB2,16.03046665,2.523711973,0.238169544,10.59628335,3.10E-26,5.75E-26
NBAS,8.517737919,1.396185881,0.238636407,5.850682637,4.90E-09,6.60E-09
DDX1,24.86503289,2.942921963,0.258484425,11.38529705,4.95E-30,9.73E-30
MYCN,61.88860979,4.535604548,0.246134701,18.42732667,7.93E-76,3.30E-75
FAM49A,106.1194061,5.306635869,0.20124478,26.36906093,3.10E-153,3.34E-152
VSNL1,12.94285778,2.215473148,0.2315848,9.566574074,1.11E-21,1.89E-21
SMC6,211.9571753,6.163807258,0.223498073,27.57879373,2.00E-167,2.51E-166
GEN1,10.31850637,1.7938679,0.182546223,9.826924243,8.62E-23,1.51E-22
RDH14,6.858506753,1.15640598,0.216939294,5.330551044,9.79E-08,1.28E-07
AC010096.1,511.8132134,7.593450513,0.16835978,45.10252106,0,0
TTC32,236.1308753,6.443775669,0.199553692,32.2909368,9.38E-229,1.95E-227
WDR35,30.50021377,3.459425927,0.232913153,14.85285776,6.67E-50,1.83E-49
LAPTM4A,27.77702982,2.659906412,0.257408281,10.3334143,4.98E-25,9.03E-25
SDC1,50.0942201,4.204435723,0.230019029,18.27864303,1.22E-74,4.99E-74
PUM2,14.96357103,2.262304781,0.244970383,9.235013457,2.58E-20,4.32E-20
RHOB,30.14951838,3.243726794,0.248975997,13.02827113,8.45E-39,1.90E-38
HS1BP3,58.90467782,4.43082794,0.235978655,18.77639287,1.18E-78,5.13E-78
KLHL29,15.45935607,2.434228895,0.25763376,9.448408054,3.44E-21,5.84E-21
ATAD2B,53.10424537,4.226930323,0.249202288,16.96184399,1.57E-64,5.49E-64
UBXN2A,15.92779878,2.462241982,0.227864838,10.80571272,3.23E-27,6.09E-27
MFSD2B,49.5689726,4.212059771,0.23862479,17.65139229,9.93E-70,3.77E-69
FKBP1B,6.701420695,1.1758444,0.227750857,5.162853896,2.43E-07,3.15E-07
ITSN2,124.3890688,5.483665064,0.177625488,30.87206193,2.83E-209,5.02E-208
NCOA1,92.85264848,5.060369839,0.218803512,23.12746163,2.45E-118,1.77E-117
PTRHD1,46.70093694,3.896546529,0.239783144,16.25029373,2.22E-59,7.13E-59
CENPO,333.8246276,6.921290035,0.223900848,30.91229927,8.16E-210,1.46E-208
ADCY3,30.85480602,3.435237876,0.226360738,15.17594398,5.10E-52,1.45E-51
DNAJC27,62.85218121,4.557711279,0.257912828,17.6715184,6.95E-70,2.65E-69
EFR3B,69.17885073,4.696987185,0.234433588,20.03547029,2.70E-89,1.37E-88
DNMT3A,46.53394673,4.10959931,0.256027784,16.05138025,5.59E-58,1.75E-57
DTNB,6.01215036,1.019033648,0.204685437,4.978535183,6.41E-07,8.21E-07
ASXL2,6.964774749,1.148336603,0.20824353,5.514392704,3.50E-08,4.63E-08
KIF3C,10.73077913,1.956183559,0.247585717,7.901035569,2.77E-15,4.23E-15
RAB10,40.48749862,3.538062216,0.256615669,13.78739743,3.04E-43,7.44E-43
HADHA,15.36812816,2.224981153,0.195567626,11.37704228,5.44E-30,1.07E-29
HADHB,19.96015601,2.627273777,0.237919918,11.04268108,2.38E-28,4.56E-28
SLC35F6,7.40049954,1.332072447,0.231638818,5.750644306,8.89E-09,1.19E-08
CENPA,307.2023967,6.792543161,0.181730982,37.37691335,9.27E-306,3.39E-304
DPYSL5,43.33831269,4.006111199,0.237623424,16.85907528,9.00E-64,3.09E-63
TMEM214,49.043213,4.132181834,0.213625428,19.34311783,2.33E-83,1.09E-82
AGBL5,41.55549349,3.859449594,0.246314885,15.66876317,2.47E-55,7.44E-55
AC013472.3,1.661166266,-1.296057639,0.137057611,-9.456298183,3.19E-21,5.42E-21
OST4,36.90261185,2.166198588,0.189576069,11.42654027,3.08E-30,6.09E-30
PREB,18.04728646,2.667489497,0.240070524,11.11127451,1.11E-28,2.13E-28
SLC5A6,67.09792004,4.631218917,0.228178343,20.29648768,1.38E-91,7.20E-91
ATRAID,13.92828291,2.029704579,0.226469534,8.962373644,3.18E-19,5.20E-19
CAD,35.85440956,3.707708768,0.228994866,16.19123097,5.82E-59,1.85E-58
MPV17,9.064497149,1.569410296,0.22708062,6.911247177,4.80E-12,6.92E-12
GTF3C2,2.609914441,-0.448226954,0.185154212,-2.420830452,0.015485098,0.017387338
EIF2B4,46.6026556,4.048115292,0.212884953,19.01550693,1.27E-80,5.68E-80
SNX17,120.1954547,5.174562368,0.212238444,24.38089102,2.73E-131,2.32E-130
ZNF513,149.4150751,5.791852914,0.219597226,26.3748911,2.66E-153,2.86E-152
PPM1G,79.98539113,4.427852822,0.249106899,17.77491047,1.11E-70,4.26E-70
NRBP1,155.3554608,5.595882424,0.190547235,29.36742919,1.43E-189,2.15E-188
IFT172,20.83723286,2.932942332,0.247261289,11.86171253,1.87E-32,3.83E-32
ZNF512,114.171369,5.391979987,0.254612006,21.17724167,1.55E-99,9.05E-99
CCDC121,4.791522904,0.697260107,0.213650749,3.263550958,0.001100254,0.001289503
GPN1,44.08748276,3.906945977,0.244318566,15.99119558,1.47E-57,4.58E-57
MRPL33,660.2255931,7.411097416,0.144425241,51.3144196,0,0
AC093690.1,10.49411772,1.924586389,0.209609236,9.181782376,4.24E-20,7.05E-20
AC104695.3,16.21835351,2.569068314,0.241982543,10.61675061,2.49E-26,4.62E-26
PPP1CB,63.46856507,4.322467675,0.256843819,16.82916759,1.49E-63,5.11E-63
TRMT61B,5.770156012,0.908503059,0.215891607,4.208144416,2.57E-05,3.16E-05
WDR43,146.6806321,5.476439343,0.191898262,28.5382436,3.93E-179,5.49E-178
CLIP4,41.47037835,3.93022937,0.243671361,16.12922156,1.59E-58,5.03E-58
ALK,20.84368207,2.924812087,0.249372787,11.72867387,9.09E-32,1.84E-31
LBH,4.991551219,0.630281012,0.214001144,2.945222634,0.003227224,0.003724484
LCLAT1,58.08342983,4.388455812,0.223889914,19.60095362,1.52E-85,7.29E-85
EHD3,15.52344346,2.49554576,0.25150562,9.922425423,3.33E-23,5.85E-23
MEMO1,7.926639215,1.480225559,0.215593026,6.8658323,6.61E-12,9.49E-12
DPY30,69.45378631,4.492927152,0.215283396,20.86982663,1.01E-96,5.68E-96
SPAST,5.071254596,0.78419914,0.213467549,3.673622265,0.000239136,0.000286668
SLC30A6,12.8100829,2.208804625,0.247202986,8.935185865,4.06E-19,6.63E-19
YIPF4,9.048189083,1.532705845,0.239165504,6.408557348,1.47E-10,2.05E-10
BIRC6,27.29300425,3.101292928,0.226904637,13.66782526,1.58E-42,3.82E-42
TTC27,74.5750636,4.740522043,0.188295635,25.17595291,7.35E-140,6.93E-139
LTBP1,94.494563,4.56052524,0.255678576,17.8369471,3.65E-71,1.42E-70
RASGRP3,282.7540653,6.724821285,0.170821092,39.36762841,0,0
FAM98A,136.5315403,5.490522711,0.211303443,25.98406651,7.50E-149,7.77E-148
CRIM1,8.551099323,1.085812608,0.228550361,4.750868046,2.03E-06,2.56E-06
FEZ2,35.1255243,3.349689886,0.190062773,17.62412401,1.61E-69,6.09E-69
HEATR5B,62.80692631,4.502683495,0.265562827,16.95524766,1.76E-64,6.13E-64
GPATCH11,14.49906046,2.24595004,0.227236642,9.883749488,4.90E-23,8.60E-23
EIF2AK2,5.16986443,0.615917599,0.18234014,3.377849767,0.00073055,0.000862065
CEBPZ,53.28076145,4.058774137,0.236400316,17.16907241,4.53E-66,1.62E-65
NDUFAF7,25.48595029,3.183774095,0.217350169,14.64813262,1.38E-48,3.72E-48
PRKD3,40.19647742,3.749134295,0.23153152,16.19275981,5.67E-59,1.81E-58
CDC42EP3,71.49190933,4.619053066,0.210783415,21.91374055,1.92E-106,1.23E-105
RMDN2,159.0648283,5.849846248,0.192736479,30.351526,2.40E-202,4.04E-201
GALM,13.38365315,2.254481628,0.250186297,9.011211449,2.04E-19,3.35E-19
SRSF7,6.639945023,0.586149352,0.216965729,2.701575752,0.006901176,0.007869266
GEMIN6,38.01010037,3.700706715,0.262705548,14.08689974,4.57E-45,1.16E-44
DHX57,195.1111937,6.166914798,0.228112413,27.03454286,5.80E-161,6.78E-160
MORN2,111.1448389,5.166406094,0.210857571,24.50187611,1.41E-132,1.22E-131
SOS1,13.22861942,2.104350283,0.248370732,8.472617804,2.40E-17,3.78E-17
MAP4K3,721.4859793,7.75708754,0.162693284,47.67921174,0,0
TMEM178A,21.39728307,2.981010352,0.239547452,12.44434172,1.50E-35,3.23E-35
THUMPD2,10.78326737,1.861385294,0.241696923,7.701319793,1.35E-14,2.03E-14
SLC8A1-AS1,19.61976028,2.694117514,0.247503885,10.88515244,1.36E-27,2.57E-27
EML4,24.40309309,3.070036624,0.267095837,11.49413879,1.41E-30,2.81E-30
COX7A2L,10.03931248,1.236210185,0.218399252,5.660322433,1.51E-08,2.02E-08
MTA3,24.52063218,3.161515922,0.255576954,12.37011347,3.79E-35,8.12E-35
THADA,81.77823602,4.773517445,0.19115007,24.97261679,1.21E-137,1.12E-136
PLEKHH2,59.38834972,4.474884307,0.232579595,19.24022742,1.70E-82,7.86E-82
DYNC2LI1,20.40443931,2.836031223,0.254624597,11.13808821,8.19E-29,1.58E-28
LRPPRC,5.486364359,0.647995722,0.225095626,2.878757507,0.003992452,0.004591045
PPM1B,8.559441074,1.571731478,0.233391486,6.734313672,1.65E-11,2.35E-11
SLC3A1,11.88193089,2.089217,0.237344291,8.802474216,1.34E-18,2.16E-18
PREPL,78.6289637,4.747769808,0.184993845,25.66447439,2.91E-145,2.89E-144
CAMKMT,179.2995224,5.950903241,0.168145087,35.39147856,2.31E-274,6.88E-273
AC009236.1,105.0829357,5.303818378,0.209660394,25.29718788,3.43E-141,3.27E-140
SRBD1,473.7852045,7.39688584,0.151231272,48.91108653,0,0
PRKCE,7.354538385,1.306141383,0.21603463,6.045981544,1.49E-09,2.02E-09
ATP6V1E2,41.02218842,3.913271202,0.195130621,20.05462387,1.84E-89,9.33E-89
RHOQ,56.1036461,4.229170534,0.261275492,16.18663311,6.27E-59,2.00E-58
PIGF,162.6875241,5.853940405,0.191172938,30.62117712,6.40E-206,1.10E-204
CRIPT,18.66898625,2.596155995,0.24740446,10.49356989,9.25E-26,1.70E-25
SOCS5,46.30433077,4.061347303,0.224116149,18.12161831,2.15E-73,8.64E-73
MCFD2,25.50786975,2.69369061,0.252621271,10.66296041,1.52E-26,2.83E-26
TTC7A,23.06747893,3.0483227,0.244711966,12.45677825,1.28E-35,2.77E-35
CALM2,2.892371296,-2.998061306,0.110945296,-27.02287895,7.96E-161,9.29E-160
MSH2,15.90875857,2.435423688,0.228648627,10.65138122,1.72E-26,3.20E-26
MSH6,2282.183799,9.615869893,0.146727323,65.53564607,0,0
FBXO11,18.09201264,2.527146632,0.231250867,10.92816068,8.45E-28,1.61E-27
FOXN2,8.129373078,1.480035311,0.228262285,6.483924021,8.94E-11,1.25E-10
PPP1R21,31.90988447,3.536819017,0.257109632,13.75607356,4.68E-43,1.14E-42
STON1,6.199656382,1.116715743,0.230908157,4.836190097,1.32E-06,1.68E-06
NRXN1,155.2033211,5.869274889,0.174493189,33.63612593,4.97E-248,1.21E-246
CHAC2,13.08199035,2.210901025,0.24402042,9.060311524,1.30E-19,2.14E-19
ERLEC1,31.30877825,3.307615521,0.215735917,15.33177952,4.69E-53,1.36E-52
PSME4,207.3270839,6.054957668,0.187004557,32.37866369,5.48E-230,1.15E-228
ACYP2,63.3945995,4.431285645,0.228864278,19.36206774,1.61E-83,7.56E-83
SPTBN1,79.49052971,4.694819662,0.265237001,17.7004703,4.16E-70,1.59E-69
RTN4,33.05137867,2.380469347,0.247168188,9.630969761,5.92E-22,1.02E-21
CLHC1,34.52252475,3.652510289,0.256810951,14.22256442,6.64E-46,1.70E-45
RPS27A,18.15162438,-0.804108979,0.178387691,-4.507648338,6.56E-06,8.17E-06
MTIF2,53.23591826,4.273109984,0.23921249,17.86323946,2.28E-71,8.87E-71
CCDC88A,255.6783084,6.378744876,0.197525134,32.29333266,8.68E-229,1.81E-227
PNPT1,31.13863277,3.40765349,0.217162744,15.69170398,1.72E-55,5.19E-55
EFEMP1,8.364659059,1.414441253,0.241075565,5.867211197,4.43E-09,5.98E-09
AC007743.1,208.4066525,6.294858449,0.202541722,31.07931732,4.58E-212,8.43E-211
VRK2,41.63083573,3.850971837,0.241157275,15.96871519,2.11E-57,6.56E-57
FANCL,55.90481834,4.344285444,0.26596016,16.33434665,5.62E-60,1.82E-59
BCL11A,38.63083546,3.848018717,0.254345358,15.12910929,1.04E-51,2.95E-51
PAPOLG,16.41483526,2.569120756,0.246245824,10.43315463,1.75E-25,3.20E-25
REL,136.016979,5.666791672,0.207494369,27.31058058,3.18E-164,3.87E-163
PUS10,2.568780386,-0.421397185,0.172598547,-2.441487448,0.014626897,0.016432201
USP34,22.75049674,2.750322257,0.218219406,12.60347237,2.02E-36,4.40E-36
AC016747.3,362.9633417,7.096990702,0.183276814,38.72279613,0,0
XPO1,17.03882299,2.386576699,0.214823133,11.10949583,1.13E-28,2.17E-28
FAM161A,5.597610975,0.951639228,0.214973836,4.426767667,9.57E-06,1.19E-05
CCT4,3.597997964,-0.446044182,0.179253453,-2.488343597,0.012833967,0.014446355
COMMD1,27.69450283,2.973541695,0.197432242,15.06107442,2.92E-51,8.21E-51
TMEM17,25.53926262,3.228280452,0.168835326,19.12088265,1.69E-81,7.68E-81
AC092155.1,18.43995238,2.763779849,0.218271699,12.66210809,9.59E-37,2.10E-36
EHBP1,11.46954239,1.657590837,0.214302673,7.734811759,1.04E-14,1.57E-14
WDPCP,5.971783189,0.787353433,0.212321728,3.708303622,0.000208652,0.000250457
MDH1,1.95819364,-1.380434924,0.138783019,-9.946713457,2.61E-23,4.60E-23
VPS54,24.22527373,3.008775345,0.261372135,11.51146178,1.16E-30,2.30E-30
LGALSL,52.28464882,4.268533926,0.252122743,16.93038033,2.69E-64,9.32E-64
AFTPH,27.98582167,3.334464627,0.240487043,13.8654648,1.03E-43,2.53E-43
SERTAD2,15.2722818,2.254241363,0.192485643,11.71121817,1.12E-31,2.26E-31
CEP68,5.543043761,0.894736651,0.173567551,5.154976531,2.54E-07,3.29E-07
RAB1A,152.0315318,5.372293708,0.259951238,20.66654401,6.93E-95,3.78E-94
ACTR2,68.77713054,4.170475575,0.244708631,17.04261738,3.97E-65,1.40E-64
SPRED2,57.63070201,4.197881376,0.220954773,18.99882645,1.74E-80,7.78E-80
MEIS1,21.45852879,2.930692915,0.230806322,12.69762845,6.09E-37,1.34E-36
ETAA1,6.114011011,1.069478468,0.220352333,4.853492822,1.21E-06,1.54E-06
C1D,17.1842383,2.40948651,0.238283057,10.11186672,4.89E-24,8.73E-24
WDR92,31.98211251,3.520082689,0.236435726,14.88811672,3.94E-50,1.09E-49
PNO1,80.7182792,4.736149528,0.218664312,21.65945362,4.95E-104,3.06E-103
PPP3R1,61.51676151,4.310506439,0.240018187,17.95908255,4.07E-72,1.60E-71
CNRIP1,92.68444324,4.960063729,0.207379441,23.91781805,2.00E-126,1.61E-125
FBXO48,6.705064628,1.234894217,0.218772308,5.644655058,1.66E-08,2.21E-08
APLF,5.005386103,0.748528295,0.214849663,3.483963086,0.000494048,0.000586746
ARHGAP25,2.348043993,-0.505530609,0.174085627,-2.903919275,0.003685232,0.00424405
ANTXR1,40.93997576,3.74692626,0.23355104,16.04328654,6.37E-58,2.00E-57
GFPT1,41.69436982,3.813533432,0.226377619,16.84589423,1.12E-63,3.86E-63
NFU1,69.63390967,4.544217919,0.228852645,19.85652345,9.68E-88,4.79E-87
AAK1,19.8924361,2.640377889,0.231436854,11.40863196,3.79E-30,7.47E-30
ANXA4,79.01366047,4.688135736,0.258049191,18.16760484,9.32E-74,3.76E-73
GMCL1,22.8644139,3.00566396,0.241996178,12.42029515,2.03E-35,4.36E-35
MXD1,123.4313208,5.514937179,0.203205494,27.1397051,3.35E-162,3.98E-161
PCBP1-AS1,23.40751031,3.092016186,0.258347283,11.96844862,5.20E-33,1.07E-32
PCBP1,91.98669686,4.578423499,0.186979039,24.48629281,2.07E-132,1.78E-131
TIA1,54.37863367,4.348166629,0.238809478,18.20768029,4.49E-74,1.82E-73
PCYOX1,44.38374703,3.914272884,0.247708364,15.8019407,3.02E-56,9.20E-56
SNRPG,30.12698518,2.767560092,0.20820774,13.29230169,2.57E-40,5.93E-40
FAM136A,2.249080264,-0.852695986,0.169890365,-5.019095624,5.19E-07,6.67E-07
TGFA,358.1423685,7.07776153,0.193534966,36.57097048,8.28E-293,2.82E-291
ADD2,69.97336776,4.713398275,0.251195341,18.76387619,1.49E-78,6.47E-78
TEX261,4.599847079,0.524810854,0.202793753,2.587904438,0.009656177,0.010938433
NAGK,35.89930959,3.405976052,0.211907732,16.07292015,3.95E-58,1.24E-57
MCEE,88.0095426,5.004056625,0.177752036,28.15189485,2.27E-174,3.02E-173
AC007881.4,390.361664,7.201749788,0.227692025,31.62934573,1.46E-219,2.85E-218
MPHOSPH10,45.2587008,3.945432456,0.23318326,16.91987861,3.21E-64,1.11E-63
PAIP2B,16.34019904,2.572390172,0.251883105,10.21263482,1.74E-24,3.13E-24
ZNF638,6.105404112,0.847122279,0.220495637,3.841900408,0.000122085,0.00014754
CYP26B1,27.23998259,3.337130268,0.252917635,13.19453373,9.43E-40,2.16E-39
EXOC6B,58.06578859,4.206863491,0.249299369,16.87474584,6.90E-64,2.38E-63
SFXN5,30.99983301,3.461645387,0.25264116,13.70182668,9.90E-43,2.40E-42
RAB11FIP5,85.35959137,4.938152406,0.190134124,25.97194186,1.03E-148,1.06E-147
SMYD5,50.20944943,4.197691162,0.213846498,19.62945942,8.66E-86,4.18E-85
PRADC1,6.733501396,1.125963038,0.206579816,5.450498789,5.02E-08,6.61E-08
ALMS1-IT1,50.32362872,4.23476524,0.25260123,16.76462635,4.43E-63,1.50E-62
DUSP11,2.701537711,-0.425281093,0.174449938,-2.43784032,0.014775299,0.016597204
STAMBP,14.75410743,2.329408538,0.195005152,11.94536918,6.86E-33,1.41E-32
DGUOK,45.33246945,3.747178083,0.219969433,17.0349945,4.52E-65,1.59E-64
TET3,142.5046036,5.679695656,0.221241516,25.67192527,2.41E-145,2.40E-144
BOLA3,728.1385005,7.690535053,0.140107701,54.89016666,0,0
BOLA3-AS1,419.1725794,7.283541779,0.181756683,40.07303422,0,0
MOB1A,157.2004002,5.594797867,0.190281998,29.4026651,5.08E-190,7.64E-189
MTHFD2,29.86146647,3.239022757,0.226316319,14.31192751,1.84E-46,4.79E-46
DCTN1,28.18542647,3.262966844,0.254038769,12.84436567,9.25E-38,2.05E-37
WDR54,54.56367263,4.268156283,0.251193556,16.9915039,9.49E-65,3.33E-64
RTKN,50.78875668,4.247723268,0.235208477,18.05939703,6.65E-73,2.65E-72
WBP1,11.30855752,1.993206231,0.246627192,8.081859158,6.38E-16,9.84E-16
MOGS,31.96720097,3.486503762,0.233816583,14.91127669,2.78E-50,7.71E-50
MRPL53,45.51143979,4.088412168,0.227281713,17.98830232,2.41E-72,9.52E-72
CCDC142,40.57310573,3.910597462,0.279711802,13.98080964,2.04E-44,5.11E-44
TTC31,85.12164808,4.965971529,0.215198911,23.07619262,8.03E-118,5.78E-117
PCGF1,54.75312952,4.303520681,0.201333262,21.3751103,2.28E-101,1.37E-100
AUP1,380.4015674,6.94369516,0.147138202,47.19165444,0,0
HTRA2,669.727367,7.857578458,0.202170156,38.86616414,0,0
SEMA4F,76.29051554,4.828824411,0.217376896,22.21406461,2.51E-109,1.65E-108
HK2,14.44816201,2.305571106,0.252486117,9.131476729,6.76E-20,1.12E-19
POLE4,11.19945989,1.594169619,0.220958458,7.214793387,5.40E-13,7.93E-13
TACR1,4906.361717,10.83433123,0.150695951,71.89530436,0,0
MRPL19,14.14750951,2.189224272,0.249025072,8.791180165,1.48E-18,2.38E-18
GCFC2,137.8663326,5.621425482,0.235775654,23.84226441,1.22E-125,9.66E-125
LRRTM4,178.9157478,6.074561357,0.195731857,31.03511842,1.81E-211,3.31E-210
CTNNA2,9.719414149,1.805766817,0.224464733,8.044768534,8.64E-16,1.33E-15
SUCLG1,76.19225476,4.591866645,0.220783477,20.79805382,4.51E-96,2.52E-95
DNAH6,14.8408997,2.440562558,0.245895193,9.925214585,3.23E-23,5.69E-23
TRABD2A,45.34096584,4.082047326,0.242940037,16.80269489,2.33E-63,7.95E-63
TMSB10,13.47772769,-3.486747305,0.196523625,-17.74212801,1.98E-70,7.61E-70
KCMF1,23.81442912,2.860888485,0.237595007,12.04102951,2.16E-33,4.49E-33
TCF7L1,40.08389676,3.849564084,0.246771611,15.599704,7.31E-55,2.18E-54
TCF7L1-IT1,10.29584296,1.897198894,0.243143415,7.802797743,6.05E-15,9.20E-15
TGOLN2,148.3899999,5.619417692,0.230385262,24.39139396,2.11E-131,1.80E-130
ELMOD3,39.27136557,3.839011429,0.229030733,16.7619925,4.63E-63,1.57E-62
CAPG,1747.866513,9.008297415,0.161082387,55.9235405,0,0
MAT2A,60.28833836,4.24395229,0.237919929,17.83773352,3.60E-71,1.40E-70
GGCX,80.68176665,4.899916238,0.219383564,22.33492862,1.69E-110,1.13E-109
VAMP8,33.28362066,3.609012767,0.248899501,14.4998795,1.21E-47,3.21E-47
VAMP5,30.31669299,3.059348557,0.228095809,13.41255928,5.10E-41,1.20E-40
RNF181,6.151408906,0.658400397,0.204064397,3.226434439,0.001253429,0.001466337
TMEM150A,108.0316647,5.311566669,0.235340386,22.56972023,8.60E-113,5.86E-112
USP39,22.91715486,3.00915845,0.232892936,12.92078024,3.44E-38,7.68E-38
C2orf68,20.5546728,2.882214138,0.25544434,11.28313956,1.59E-29,3.10E-29
ATOH8,49.63134782,4.170760542,0.230884991,18.06423418,6.10E-73,2.43E-72
POLR1A,5.744039254,0.923037825,0.209831195,4.398954234,1.09E-05,1.35E-05
PTCD3,23.22308491,2.986176408,0.223792031,13.34353324,1.29E-40,3.00E-40
IMMT,5.379853631,0.563412926,0.2205441,2.554649731,0.01062947,0.012022175
MRPL35,69.11515374,4.562178198,0.229662577,19.86469999,8.22E-88,4.08E-87
REEP1,30.71850692,3.512901024,0.258586895,13.58499251,4.92E-42,1.17E-41
KDM3A,12.32513999,2.11847648,0.251076797,8.437563761,3.24E-17,5.09E-17
RNF103,145.5403454,5.753878812,0.209395435,27.47853037,3.17E-166,3.92E-165
RMND5A,13.79425924,2.297715447,0.227368104,10.10570701,5.21E-24,9.29E-24
RGPD1,8.856852715,1.667232348,0.199090493,8.374243921,5.56E-17,8.72E-17
PLGLB1,41.09968553,3.939667546,0.258291537,15.25279376,1.58E-52,4.53E-52
PLGLB2,47.44891435,4.148717915,0.258036552,16.07802414,3.64E-58,1.14E-57
RGPD2,184.2638217,6.116907512,0.219525644,27.86420488,7.25E-171,9.42E-170
KRCC1,23.60790603,3.001927748,0.250809072,11.96897596,5.17E-33,1.07E-32
EIF2AK3,7.444353152,1.34446676,0.191692306,7.013670954,2.32E-12,3.36E-12
RPIA,13.2758771,2.20259084,0.1980732,11.1200851,1.00E-28,1.93E-28
MRPS5,127.5388397,5.3823231,0.219425742,24.52913245,7.22E-133,6.28E-132
ZNF514,2037.847664,9.566584577,0.151792284,63.02418244,0,0
ZNF2,110.0853729,5.371366766,0.200720471,26.76043328,9.34E-158,1.06E-156
FAHD2A,32.65347778,3.583348897,0.270793721,13.23276214,5.68E-40,1.30E-39
LINC00342,93.39746415,5.067779623,0.254662146,19.90001149,4.07E-88,2.02E-87
ANKRD36C,39.95599324,3.791744684,0.256617586,14.77585674,2.10E-49,5.72E-49
STARD7,196.5418845,6.073155715,0.181513684,33.45839052,1.94E-245,4.59E-244
TMEM127,21.28531595,2.895640261,0.21349746,13.56287918,6.65E-42,1.58E-41
CIAO1,6.265007348,0.902715618,0.226721079,3.981613103,6.84E-05,8.33E-05
SNRNP200,36.53965051,3.64222857,0.264202669,13.78573722,3.11E-43,7.60E-43
NCAPH,23.93572556,3.083609989,0.22088968,13.95995497,2.74E-44,6.83E-44
KANSL3,67.48336451,4.627687945,0.253734447,18.23831175,2.56E-74,1.04E-73
FER1L5,133.2437487,5.647737263,0.229793249,24.57747251,2.20E-133,1.93E-132
LMAN2L,12.90052294,2.222746085,0.24997287,8.891949298,6.00E-19,9.75E-19
CNNM3,6.798680239,1.259671721,0.227150194,5.545545425,2.93E-08,3.88E-08
ANKRD39,672.0837161,7.922987903,0.176088953,44.99423596,0,0
FAHD2B,87.52863087,5.038907302,0.247148602,20.38816834,2.13E-92,1.12E-91
ANKRD36,7.879710511,1.467414398,0.242148873,6.0599679,1.36E-09,1.86E-09
AC159540.2,151.3496101,5.821277898,0.227628588,25.57357996,3.00E-144,2.95E-143
AC159540.1,31.7669424,3.56211637,0.271697441,13.11059963,2.86E-39,6.50E-39
ANKRD36B,17.39815846,2.630835743,0.254086924,10.35407767,4.01E-25,7.29E-25
COX5B,13.56889344,1.283516349,0.192936372,6.652536976,2.88E-11,4.08E-11
ACTR1B,95.56440971,5.134180918,0.273505189,18.77178618,1.28E-78,5.59E-78
TMEM131,6.900738398,1.060138727,0.204376349,5.187188893,2.13E-07,2.77E-07
VWA3B,9.310040217,1.741548715,0.231377022,7.526887073,5.20E-14,7.78E-14
INPP4A,35.34943242,3.698857732,0.212295257,17.42317651,5.50E-68,2.03E-67
COA5,6.183343563,0.986512899,0.209510804,4.708649293,2.49E-06,3.14E-06
UNC50,8.143001152,1.333541916,0.235985268,5.650954085,1.60E-08,2.13E-08
MGAT4A,9.317401596,1.736695131,0.218407354,7.951633049,1.84E-15,2.82E-15
TSGA10,66.92117291,4.648674512,0.192966774,24.09054374,3.14E-128,2.58E-127
LIPT1,14.29315208,2.354490389,0.188008895,12.52329251,5.57E-36,1.21E-35
MITD1,30.49455017,3.35468667,0.198029366,16.94034945,2.27E-64,7.88E-64
TXNDC9,9.739325711,1.537486485,0.185176828,8.302801696,1.02E-16,1.59E-16
EIF5B,43.39147919,3.516791776,0.190397901,18.47074864,3.55E-76,1.48E-75
REV1,20.95514083,2.877344263,0.198555942,14.49135307,1.37E-47,3.63E-47
AFF3,83.20013441,4.965241138,0.232324581,21.37200082,2.43E-101,1.46E-100
LONRF2,19.21443496,2.825204376,0.217701982,12.97739394,1.64E-38,3.69E-38
CHST10,4.991362379,0.753946597,0.210926449,3.574452617,0.000350961,0.000418504
RPL31,4.343565868,-1.334254771,0.167742342,-7.954191867,1.80E-15,2.76E-15
TBC1D8,36.4059152,3.750981549,0.194762812,19.25922878,1.18E-82,5.48E-82
CNOT11,2.045021154,-0.883975027,0.156765122,-5.638850132,1.71E-08,2.28E-08
SLC9A4,8.368126698,1.583485622,0.227792249,6.951446464,3.62E-12,5.21E-12
SLC9A2,262.9982394,6.631085304,0.251382847,26.3784319,2.42E-153,2.61E-152
MFSD9,12.5038511,2.17684527,0.256510259,8.48638678,2.13E-17,3.36E-17
TMEM182,11.46516389,2.05019696,0.223477021,9.174083996,4.55E-20,7.57E-20
AC018730.1,5.6130156,0.954544843,0.203279622,4.695723218,2.66E-06,3.35E-06
POU3F3,1.716670276,-1.179798475,0.151114784,-7.807300147,5.84E-15,8.88E-15
MRPS9,68.3521981,4.56502025,0.254556941,17.93319888,6.49E-72,2.55E-71
TGFBRAP1,2.443158031,-0.440637953,0.15403005,-2.860727194,0.004226706,0.00485631
C2orf49,2.725670507,-0.35199094,0.1630208,-2.159178088,0.030836353,0.034148103
FHL2,20.0333686,1.785161463,0.21954736,8.131099663,4.25E-16,6.57E-16
NCK2,58.65809253,4.435347544,0.237454733,18.67870768,7.38E-78,3.17E-77
UXS1,6.900301667,1.210952934,0.213737681,5.665603414,1.47E-08,1.96E-08
RGPD3,7.472697215,1.401970413,0.224350848,6.249008757,4.13E-10,5.70E-10
ST6GAL2,6.556871605,1.201805644,0.22437099,5.356332587,8.49E-08,1.11E-07
RGPD4,83.64617019,4.972618398,0.180429469,27.55990158,3.37E-167,4.23E-166
SULT1C4,125.6711393,5.551917948,0.248566383,22.33575546,1.66E-110,1.11E-109
RANBP2,15.08156311,2.309280838,0.234153142,9.862267123,6.07E-23,1.06E-22
CCDC138,7.781923818,1.353525091,0.218484613,6.195059099,5.83E-10,8.01E-10
RGPD5,2.405803672,-0.464125749,0.164715612,-2.817739879,0.004836297,0.005547322
LIMS3,63.26471629,4.567017355,0.234697353,19.45917711,2.44E-84,1.16E-83
MALL,7.8133951,1.230096745,0.212172363,5.797629463,6.73E-09,9.05E-09
NPHP1,17.06296301,2.605330268,0.236656859,11.00889396,3.46E-28,6.62E-28
RGPD6,59.50743194,4.478477377,0.247356671,18.10534301,2.89E-73,1.16E-72
BUB1,6.795772885,1.189687143,0.213229451,5.579375356,2.41E-08,3.20E-08
BCL2L11,18.1757152,2.741182432,0.246117494,11.13769843,8.22E-29,1.59E-28
ANAPC1,6.940622796,1.237127398,0.220640472,5.606983108,2.06E-08,2.74E-08
MERTK,36.36108206,3.760060185,0.248239068,15.14693162,7.94E-52,2.25E-51
TMEM87B,472.7352197,7.392689478,0.16780287,44.05579892,0,0
FBLN7,6.748181271,1.237101743,0.226885286,5.452542832,4.97E-08,6.54E-08
ZC3H8,14.46281511,2.327441066,0.176113382,13.2155833,7.13E-40,1.63E-39
ZC3H6,6.928762443,1.257962137,0.219029394,5.743348471,9.28E-09,1.24E-08
RGPD8,70.73506935,4.69728842,0.22192474,21.16613233,1.96E-99,1.14E-98
TTL,10.04703066,1.665529289,0.210391301,7.916341048,2.45E-15,3.74E-15
POLR1B,6.202545481,1.083649771,0.228473703,4.742995606,2.11E-06,2.66E-06
CHCHD5,464.6349358,7.216282478,0.161415949,44.70613039,0,0
SLC20A1,8.391310693,0.987257976,0.217705626,4.534829866,5.76E-06,7.19E-06
CKAP2L,6.630885829,1.088956141,0.20757177,5.246166861,1.55E-07,2.02E-07
PSD4,25.89177013,3.251787998,0.238254363,13.64838806,2.06E-42,4.98E-42
PAX8,72.06707077,4.724348861,0.20154427,23.44075006,1.64E-121,1.24E-120
AC016745.1,34.25174242,3.672573871,0.26153606,14.04232314,8.59E-45,2.16E-44
CBWD2,186.2798641,6.111228176,0.196760612,31.05920489,8.57E-212,1.57E-210
RABL2A,35.99408757,3.745773791,0.262568928,14.26586844,3.57E-46,9.22E-46
AC017074.2,43.22711072,4.012526846,0.249524273,16.08070747,3.48E-58,1.10E-57
SLC35F5,5.464556628,0.842846049,0.215662063,3.908179473,9.30E-05,0.000112759
ACTR3,63.1678073,4.019325052,0.246879549,16.28051032,1.36E-59,4.37E-59
DPP10,21.99121467,3.013562387,0.250481747,12.03106582,2.44E-33,5.06E-33
DDX18,26.76082602,2.945228466,0.26782886,10.99668074,3.96E-28,7.57E-28
INSIG2,23.30399625,3.092616344,0.166445535,18.58035032,4.63E-77,1.97E-76
TMEM177,4.325140386,0.519882637,0.207699818,2.503048108,0.012312881,0.01387561
PTPN4,6.26871324,1.057585549,0.213101859,4.962817089,6.95E-07,8.89E-07
EPB41L5,111.9703702,5.362377718,0.210933346,25.42214322,1.44E-142,1.39E-141
RALB,7.167466749,1.203561182,0.232088083,5.185794827,2.15E-07,2.79E-07
GLI2,20.20600895,2.798949295,0.216156838,12.94869654,2.39E-38,5.36E-38
CLASP1,23.05413626,2.996092015,0.242352561,12.36253499,4.17E-35,8.91E-35
TSN,8.508123756,1.531326683,0.227961,6.71749415,1.85E-11,2.63E-11
CNTNAP5,2128.215903,9.650901577,0.153146575,63.0174168,0,0
GYPC,2.697312524,-0.468777069,0.170379973,-2.751362502,0.005934793,0.006777275
BIN1,108.3290771,5.186054969,0.211024664,24.57558693,2.30E-133,2.02E-132
CYP27C1,9.690750365,1.756411702,0.233968271,7.50705084,6.05E-14,9.04E-14
MAP3K2,8.677632191,1.438970154,0.229020019,6.283163181,3.32E-10,4.59E-10
IWS1,50.63350388,4.069758535,0.274552318,14.82325321,1.04E-49,2.84E-49
WDR33,93.83402292,4.909707407,0.250286335,19.61636225,1.12E-85,5.40E-85
SAP130,4.247909364,0.484940501,0.20872041,2.323397601,0.020157803,0.022545539
UGGT1,12.64429326,2.116191889,0.229343251,9.227181862,2.78E-20,4.64E-20
HS6ST1,15.07726929,2.441957852,0.211752111,11.53215353,9.08E-31,1.81E-30
RAB6C,92.36778889,5.116440011,0.209870557,24.37902712,2.85E-131,2.43E-130
POTEF,30.48762713,3.503383125,0.230749243,15.18264192,4.61E-52,1.32E-51
CCDC74B,95.78386063,5.168881362,0.194372711,26.59262886,8.26E-156,9.19E-155
SMPD4,292.1995607,6.637689704,0.185344026,35.81280631,6.98E-281,2.17E-279
MZT2B,9.726337162,0.533288006,0.212396641,2.510811862,0.012045387,0.013589668
CCDC115,14.42663778,2.323880594,0.245213554,9.476966334,2.62E-21,4.45E-21
IMP4,25.44729852,2.891055158,0.229696312,12.58642393,2.51E-36,5.45E-36
PTPN18,28.91243506,3.403742656,0.250656161,13.57932971,5.31E-42,1.27E-41
POTEI,214.0759264,6.333791506,0.179418571,35.30176092,5.52E-273,1.62E-271
POTEJ,50.96470517,4.251462399,0.175783553,24.18578035,3.14E-129,2.61E-128
AC140481.1,60.44810251,4.500680798,0.219305765,20.52240077,1.36E-93,7.27E-93
ARHGEF4,27.52734157,3.342575477,0.259880923,12.86195016,7.37E-38,1.64E-37
FAM168B,11.80784001,1.974604596,0.23070203,8.559112372,1.14E-17,1.80E-17
POTEE,9.262348354,1.734991874,0.21791831,7.961661768,1.70E-15,2.60E-15
MZT2A,10.27175904,1.264215101,0.211693806,5.971904054,2.35E-09,3.18E-09
CCDC74A,12.90042028,2.165971183,0.22229761,9.743564854,1.97E-22,3.41E-22
C2orf27A,10.08319509,1.810660738,0.233857061,7.742595968,9.74E-15,1.47E-14
LYPD1,15.84774643,2.525756286,0.237233167,10.64672501,1.81E-26,3.36E-26
NCKAP5,46.49418253,4.119422716,0.277664138,14.83599123,8.57E-50,2.35E-49
AC011243.1,41.44258179,3.951108126,0.236965853,16.67374468,2.03E-62,6.85E-62
MGAT5,5.99724004,0.950019635,0.214051057,4.438285195,9.07E-06,1.13E-05
CCNT2,37.26740665,3.670382233,0.254826001,14.403484,4.92E-47,1.29E-46
RAB3GAP1,10.43413404,1.752860363,0.243398769,7.20159913,5.95E-13,8.74E-13
ZRANB3,35.28057418,3.609795468,0.275173787,13.11823886,2.59E-39,5.89E-39
R3HDM1,8.720809445,1.494533703,0.23768711,6.28781974,3.22E-10,4.45E-10
UBXN4,46.35352501,3.805287246,0.175349535,21.70115391,2.00E-104,1.24E-103
MCM6,7.431248775,1.324055515,0.213748183,6.194464408,5.85E-10,8.04E-10
DARS,142.9209918,5.500961324,0.222338839,24.74134229,3.84E-135,3.41E-134
CXCR4,29.43472336,3.450169115,0.229005223,15.06589704,2.71E-51,7.64E-51
HNMT,7.79391034,1.464441621,0.230614596,6.350168834,2.15E-10,2.99E-10
SPOPL,5.203204939,0.734167332,0.217948511,3.368535656,0.000755686,0.000891339
AC092620.2,9.210279591,1.722053599,0.210548859,8.178878796,2.86E-16,4.44E-16
NXPH2,10.16963899,1.871457213,0.241399128,7.752543371,9.01E-15,1.36E-14
GTDC1,86.48203691,4.946031041,0.26499444,18.66465965,9.60E-78,4.12E-77
ACVR2A,128.7129324,5.575402114,0.233532322,23.87422039,5.68E-126,4.54E-125
ORC4,9.030660564,1.61732272,0.229588779,7.044432782,1.86E-12,2.70E-12
MBD5,10.57227456,1.722120171,0.245554889,7.013178104,2.33E-12,3.37E-12
EPC2,95.89479973,5.065677974,0.19832096,25.54282696,6.60E-144,6.44E-143
KIF5C,16.66989273,2.614337605,0.229533135,11.38980482,4.70E-30,9.25E-30
LYPD6B,45.08077992,4.074621247,0.22576046,18.04842726,8.12E-73,3.23E-72
LYPD6,18.36129336,2.757063246,0.226033381,12.19759325,3.20E-34,6.73E-34
MMADHC,79.20204349,4.559799195,0.195145054,23.36620422,9.43E-121,7.05E-120
RND3,30.87939556,2.758073611,0.229391763,12.02342041,2.68E-33,5.55E-33
RBM43,60.81440242,4.456866508,0.218616959,20.38664584,2.20E-92,1.16E-91
RIF1,15.85430172,2.318684101,0.24659211,9.40291279,5.31E-21,8.97E-21
NEB,89.33047083,5.046117774,0.166956079,30.22422299,1.14E-200,1.88E-199
ARL5A,35.96825257,3.552937961,0.234922067,15.12390047,1.13E-51,3.19E-51
CACNB4,13.94399738,2.320974742,0.216456827,10.72257585,7.98E-27,1.49E-26
STAM2,8.537028597,1.488819545,0.223951861,6.647944509,2.97E-11,4.21E-11
FMNL2,51.99924277,4.029311043,0.226425423,17.795312,7.68E-71,2.97E-70
PRPF40A,58.15176618,4.250355296,0.267222947,15.90565235,5.79E-57,1.79E-56
ARL6IP6,7.181176237,1.202863888,0.231557762,5.194660196,2.05E-07,2.66E-07
GALNT13,36.44083529,3.763059499,0.224289311,16.77770326,3.55E-63,1.21E-62
GPD2,617.1897372,7.758016941,0.179021736,43.3356146,0,0
ACVR1,43.90631767,3.941854832,0.256467963,15.36977479,2.61E-53,7.60E-53
CCDC148,12.58886886,2.19570846,0.224273388,9.790320991,1.24E-22,2.16E-22
PKP4,18.1741826,2.592700613,0.250791943,10.33805386,4.74E-25,8.61E-25
TANC1,89.73759789,5.0208761,0.198877086,25.24612665,1.25E-140,1.19E-139
WDSUB1,6.600503016,1.152874575,0.208896748,5.518872774,3.41E-08,4.51E-08
BAZ2B,24.10079745,3.062148929,0.215273695,14.22444545,6.46E-46,1.66E-45
AC008277.1,66.03576676,4.629292728,0.238861413,19.38066374,1.12E-83,5.27E-83
7-Mar,14.5320898,2.220164804,0.212359934,10.45472545,1.39E-25,2.56E-25
RBMS1,14.61820902,2.007838298,0.235830347,8.513909788,1.68E-17,2.66E-17
TANK,16.97363932,2.412768408,0.237370459,10.16456899,2.85E-24,5.11E-24
PSMD14,45.93400189,3.626856859,0.150393977,24.11570546,1.71E-128,1.41E-127
GCA,165.1482284,5.937872591,0.200766591,29.57599954,3.04E-192,4.62E-191
KCNH7,166.6896232,5.971783085,0.181018939,32.98982478,1.14E-238,2.53E-237
FIGN,1.969568762,-0.965332927,0.158095043,-6.106029074,1.02E-09,1.40E-09
COBLL1,347.2256279,6.927645994,0.188393353,36.77224221,5.13E-296,1.76E-294
SCN3A,230.9533632,6.44360734,0.195848542,32.90097174,2.13E-237,4.68E-236
SCN2A,11.79126395,2.099400177,0.22755047,9.226085886,2.81E-20,4.69E-20
CSRNP3,28.1240626,3.383557623,0.218633648,15.47592354,5.04E-54,1.48E-53
TTC21B,68.06163222,4.630837897,0.223748235,20.69664549,3.71E-95,2.04E-94
SCN9A,71.86277207,4.73121861,0.254805628,18.56795178,5.84E-77,2.48E-76
SCN7A,39.64919002,3.88701567,0.201950156,19.24740117,1.48E-82,6.86E-82
B3GALT1,96.08667394,5.173967061,0.195484765,26.46736717,2.30E-154,2.50E-153
STK39,7.380168817,1.181784445,0.23581031,5.011589371,5.40E-07,6.94E-07
CERS6,6.937718331,1.12862362,0.230177955,4.90326548,9.43E-07,1.20E-06
NOSTRIN,5.741909738,0.939139285,0.225577325,4.16326989,3.14E-05,3.85E-05
SPC25,638.3242814,7.757070141,0.16350537,47.44229594,0,0
LRP2,133.7537417,5.653085459,0.209889636,26.93360937,8.88E-160,1.03E-158
BBS5,27.88710492,3.315337689,0.213407024,15.53527913,2.00E-54,5.94E-54
FASTKD1,105.8393366,5.260154209,0.209082986,25.15821259,1.15E-139,1.08E-138
PPIG,108.6097125,5.040766399,0.216886461,23.24149869,1.73E-119,1.27E-118
CCDC173,339.4726527,6.978978387,0.17704844,39.41846863,0,0
PHOSPHO2,45.54457801,4.064656344,0.179359163,22.66210586,1.06E-113,7.30E-113
KLHL23,15.70141146,2.510833464,0.253002742,9.924135369,3.27E-23,5.76E-23
SSB,234.1604171,5.828896591,0.205109264,28.41849502,1.19E-177,1.65E-176
METTL5,20.14678658,2.451781069,0.224493672,10.92138166,9.11E-28,1.73E-27
UBR3,37.68893629,3.633417986,0.201022228,18.07470758,5.04E-73,2.02E-72
GAD1,61.42153164,4.524572373,0.230031442,19.66936491,3.95E-86,1.91E-85
GORASP2,8.702179749,1.446059156,0.237975222,6.076511439,1.23E-09,1.68E-09
TLK1,6.983378444,1.096441948,0.221375328,4.952864257,7.31E-07,9.36E-07
METTL8,113.4068031,5.339718522,0.168458039,31.69761764,1.68E-220,3.31E-219
DCAF17,12.95668563,2.20287249,0.241535038,9.120302011,7.49E-20,1.24E-19
DYNC1I2,75.06219602,4.436695627,0.184137963,24.0944103,2.86E-128,2.35E-127
SLC25A12,29.34696641,3.330301409,0.25048413,13.29545872,2.46E-40,5.69E-40
METAP1D,5.486989639,0.903441731,0.215650955,4.189370419,2.80E-05,3.43E-05
ITGA6,53.2717415,4.221802324,0.212845034,19.83509904,1.48E-87,7.33E-87
PDK1,44.82154832,4.032885977,0.248222425,16.2470654,2.34E-59,7.51E-59
CDCA7,249.5679213,6.545014726,0.19710303,33.20605848,8.80E-242,2.02E-240
SP3,10.10890076,1.765151952,0.242914382,7.26656008,3.69E-13,5.43E-13
OLA1,3.147796275,-0.408816221,0.188927166,-2.163882671,0.030473355,0.033756439
CIR1,8.136404401,1.382843963,0.200224076,6.906481946,4.97E-12,7.15E-12
SCRN3,14.27519414,2.328316636,0.243004089,9.581388693,9.57E-22,1.64E-21
GPR155,23.40173572,3.104212476,0.245900856,12.62383761,1.56E-36,3.40E-36
WIPF1,6.384288436,0.990619905,0.239656581,4.13349761,3.57E-05,4.38E-05
CHN1,14.56201277,2.390748797,0.246935347,9.681679128,3.61E-22,6.23E-22
ATF2,20.24848316,2.817482711,0.245888764,11.458363,2.14E-30,4.23E-30
HOXD8,51.93479236,4.259328933,0.239222232,17.80490427,6.47E-71,2.50E-70
HOXD3,32.09556203,3.566135575,0.249389493,14.299462,2.21E-46,5.72E-46
MTX2,43.5060759,3.888791928,0.253231883,15.3566442,3.20E-53,9.28E-53
AC017048.3,133.8536058,5.65404792,0.199297126,28.36994204,4.75E-177,6.50E-176
AC074286.1,30.09337989,3.472698104,0.205296194,16.91555032,3.46E-64,1.20E-63
HNRNPA3,26.65433363,2.648712601,0.230484614,11.49192805,1.45E-30,2.88E-30
NFE2L2,37.34300046,3.522455483,0.244366319,14.41465212,4.19E-47,1.10E-46
AGPS,6.14879882,0.974204187,0.22197377,4.388825697,1.14E-05,1.41E-05
TTC30B,83.89343703,4.977329173,0.218953984,22.73230694,2.15E-114,1.49E-113
TTC30A,55.57635472,4.379256354,0.257469439,17.00883946,7.06E-65,2.48E-64
PDE11A,665.2709241,7.97189543,0.195267563,40.82549767,0,0
RBM45,20.66595082,2.906450202,0.189074465,15.37198695,2.52E-53,7.34E-53
OSBPL6,7.382176642,1.290130326,0.231197164,5.58021691,2.40E-08,3.19E-08
PRKRA,73.33421481,4.56168371,0.238213668,19.14954648,9.76E-82,4.44E-81
FKBP7,24.33955782,3.097372443,0.245219679,12.63101091,1.42E-36,3.11E-36
PLEKHA3,68.35188084,4.482587804,0.202670472,22.11761662,2.14E-108,1.39E-107
TTN-AS1,18.72247237,2.765049524,0.245780825,11.25006203,2.31E-29,4.50E-29
TTN,8.652579167,1.595856799,0.240801216,6.627278832,3.42E-11,4.84E-11
SESTD1,59.8772473,4.401064762,0.228215621,19.28467794,7.22E-83,3.36E-82
CWC22,9.954508306,1.7611128,0.206408428,8.53217485,1.44E-17,2.27E-17
NEUROD1,61.96873739,4.537419508,0.178986027,25.35069128,8.83E-142,8.48E-141
PPP1R1C,1.884328869,-0.926409076,0.160827392,-5.760269228,8.40E-09,1.13E-08
PDE1A,5.180392397,0.675935999,0.211506007,3.195824122,0.001394321,0.001628706
DNAJC10,5.704229477,0.823750456,0.222504471,3.70217485,0.000213759,0.00025653
FRZB,60.46091041,4.501642518,0.243528046,18.4851092,2.72E-76,1.14E-75
NCKAP1,12.77226663,1.97837295,0.213378336,9.27166736,1.83E-20,3.07E-20
NUP35,4.849386836,0.650022165,0.21636409,3.004297827,0.002661946,0.003079956
FSIP2,1.706859139,-1.181647865,0.143128751,-8.255838584,1.51E-16,2.35E-16
ITGAV,24.80565549,3.00290927,0.253702639,11.8363344,2.53E-32,5.18E-32
FAM171B,141.0935445,5.656511605,0.233938069,24.17952589,3.65E-129,3.03E-128
CALCRL,2.158896103,-0.659231707,0.167038254,-3.946591215,7.93E-05,9.63E-05
TFPI,8.916894654,1.472281846,0.217860088,6.757923658,1.40E-11,2.00E-11
GULP1,97.62584819,5.014701947,0.242358872,20.691225,4.16E-95,2.28E-94
COL3A1,301.6137817,6.208470413,0.186294878,33.32603915,1.62E-243,3.77E-242
COL5A2,97.2895827,4.857433512,0.20374641,23.84058454,1.27E-125,1.00E-124
WDR75,12.75928799,2.099275168,0.212090925,9.897996212,4.25E-23,7.47E-23
SLC40A1,29.13466781,3.435408899,0.241291926,14.23756259,5.36E-46,1.38E-45
ANKAR,35.08251695,3.663355075,0.266020602,13.770945,3.81E-43,9.32E-43
OSGEPL1,29.57891413,3.436286335,0.22969587,14.96015723,1.34E-50,3.72E-50
ORMDL1,22.82950383,2.758418765,0.247224149,11.15756198,6.58E-29,1.27E-28
PMS1,34.1868387,3.618154368,0.259830461,13.92505847,4.46E-44,1.11E-43
C2orf88,4.615866375,0.629936397,0.2135012,2.950505187,0.003172547,0.003662161
HIBCH,118.6296674,5.363428084,0.230375985,23.28119435,6.88E-120,5.07E-119
NAB1,166.7836576,5.929943809,0.189487226,31.29468905,5.51E-215,1.04E-213
GLS,19.33345782,2.383677943,0.243402222,9.793164268,1.20E-22,2.10E-22
STAT1,33.85477034,3.478975514,0.240768206,14.44948054,2.53E-47,6.65E-47
MYO1B,181.2932678,5.721873825,0.197020365,29.04204257,1.94E-185,2.82E-184
NABP1,163.0029308,5.802576242,0.261856592,22.15936666,8.47E-109,5.54E-108
SLC39A10,37.59832796,3.734252675,0.250640733,14.89882605,3.35E-50,9.28E-50
DNAH7,38.9030974,3.849554621,0.237815109,16.18717428,6.21E-59,1.98E-58
STK17B,10.38924365,1.778801149,0.219031754,8.121202142,4.62E-16,7.13E-16
CCDC150,4.744023463,0.600212323,0.209877749,2.859818761,0.004238832,0.004869728
GTF3C3,6.905498273,1.196467532,0.200847668,5.957089494,2.57E-09,3.48E-09
PGAP1,4.867217722,0.735751431,0.22192457,3.3153221,0.000915376,0.001075958
ANKRD44,2.385281649,-0.540157002,0.17161123,-3.14756209,0.001646381,0.001917984
SF3B1,147.985731,5.65631972,0.209167551,27.04205166,4.74E-161,5.54E-160
COQ10B,26.30853397,3.132676799,0.266330989,11.76234435,6.10E-32,1.24E-31
HSPD1,28.21719674,2.430629878,0.249440332,9.744333862,1.95E-22,3.38E-22
MOB4,27.50681407,3.092281993,0.222263229,13.91270167,5.30E-44,1.32E-43
RFTN2,5.148640786,0.815374433,0.223097967,3.654781997,0.000257401,0.000308291
AC011997.1,61.77915038,4.532784933,0.238450291,19.00934954,1.43E-80,6.37E-80
MARS2,8.645102929,1.613516722,0.239396579,6.739932238,1.58E-11,2.26E-11
SATB2,115.6261619,5.304945293,0.211233418,25.11413844,3.49E-139,3.27E-138
C2orf69,100.2596327,5.192419579,0.228307257,22.74312104,1.68E-114,1.17E-113
TYW5,22.92744876,3.015718275,0.187318269,16.09943488,2.57E-58,8.12E-58
SPATS2L,72.41856322,4.228980925,0.217902382,19.40768563,6.65E-84,3.13E-83
BZW1,137.0557382,4.826181601,0.189109282,25.52059613,1.16E-143,1.13E-142
CLK1,25.57388517,3.170918349,0.250176992,12.6747001,8.17E-37,1.79E-36
PPIL3,37.81254462,3.742224726,0.253688369,14.75126643,3.02E-49,8.22E-49
NIF3L1,42.38016502,3.910020154,0.209426122,18.6701645,8.66E-78,3.72E-77
ORC2,88.92893924,4.987953628,0.193169595,25.82162911,5.07E-147,5.12E-146
FAM126B,5.71751452,0.969590044,0.206964303,4.684817776,2.80E-06,3.53E-06
NDUFB3,46.34900671,3.355768066,0.213125719,15.74548617,7.38E-56,2.23E-55
CFLAR,82.42363542,4.804676354,0.203316028,23.63156703,1.83E-123,1.39E-122
TRAK2,47.58328102,4.079362857,0.273908854,14.89313982,3.65E-50,1.01E-49
STRADB,50.68225129,4.140415347,0.223206743,18.54968754,8.20E-77,3.47E-76
MPP4,128.1857677,5.591367011,0.204446013,27.34886799,1.11E-164,1.36E-163
ALS2,49.88888393,4.177704908,0.234463807,17.81812278,5.11E-71,1.98E-70
FZD7,216.5671336,6.307287054,0.209491392,30.10761914,3.85E-199,6.27E-198
SUMO1,41.8345201,3.302324704,0.219485154,15.04577712,3.68E-51,1.03E-50
NOP58,40.12790079,3.644661057,0.231025823,15.7759899,4.55E-56,1.38E-55
BMPR2,17.42022341,2.469364118,0.22364195,11.04159624,2.41E-28,4.61E-28
FAM117B,4.661970811,0.662645575,0.219674645,3.016486382,0.002557227,0.002960054
ICA1L,1.73969455,-1.221786891,0.136082823,-8.978259457,2.75E-19,4.51E-19
WDR12,78.11054986,4.789751422,0.224437917,21.34109728,4.72E-101,2.82E-100
CARF,40.54011799,3.908249288,0.243240638,16.06741916,4.32E-58,1.36E-57
NBEAL1,5.400685117,0.691641136,0.213454641,3.24022534,0.001194353,0.001398731
CYP20A1,71.45258466,4.688683263,0.228635912,20.50720387,1.86E-93,9.90E-93
ABI2,49.43374252,4.002900148,0.221678019,18.05727137,6.92E-73,2.76E-72
RAPH1,105.8845219,5.108599899,0.237946589,21.46952354,3.00E-102,1.83E-101
PARD3B,12.00898572,2.031491581,0.205786724,9.871830125,5.51E-23,9.68E-23
NRP2,23.46322088,3.087525945,0.25885921,11.92743324,8.52E-33,1.75E-32
AC007362.1,36.07777722,3.747144916,0.215050089,17.42452156,5.38E-68,1.99E-67
INO80D,40.66971488,3.83875368,0.233940266,16.40911909,1.65E-60,5.37E-60
NDUFS1,43.05568716,3.80480279,0.262896329,14.47263568,1.80E-47,4.76E-47
EEF1B2,26.62637073,0.88416232,0.235304061,3.757531068,0.000171598,0.000206503
GPR1,12.88213653,2.196667366,0.249656603,8.798755322,1.38E-18,2.23E-18
ZDBF2,4.368180913,0.534481936,0.208659745,2.561500003,0.010422124,0.011793799
ADAM23,8.556704862,1.581867021,0.238414381,6.634948003,3.25E-11,4.59E-11
MDH1B,31.42052778,3.545248266,0.211912738,16.72975533,7.96E-63,2.69E-62
FASTKD2,75.28190619,4.754884771,0.204157402,23.29028835,5.56E-120,4.11E-119
KLF7,64.5600259,4.470230121,0.247958607,18.02813048,1.17E-72,4.65E-72
METTL21A,124.1675715,5.493876287,0.231937709,23.68686101,4.93E-124,3.80E-123
CCNYL1,6.975563729,1.273712403,0.21204514,6.006798371,1.89E-09,2.57E-09
C2orf80,38.82918002,3.856134949,0.217785104,17.70614649,3.76E-70,1.44E-69
IDH1,9.336616999,1.681900243,0.245446469,6.85241165,7.26E-12,1.04E-11
PIKFYVE,151.9792848,5.816881353,0.201768667,28.82945821,9.17E-183,1.31E-181
MAP2,16.45382485,2.59492762,0.244932474,10.5944613,3.16E-26,5.86E-26
UNC80,74.70558856,4.808602043,0.240135843,20.0245077,3.37E-89,1.70E-88
RPE,5.94407374,0.964303494,0.206523832,4.669211706,3.02E-06,3.80E-06
KANSL1L,29.39171733,3.35220774,0.238869501,14.03363646,9.70E-45,2.44E-44
CPS1,29.5634706,3.456531872,0.22314424,15.49012363,4.05E-54,1.19E-53
IKZF2,4.791211706,0.683269818,0.214884817,3.179702637,0.001474263,0.001720052
SPAG16,291.8756733,6.719535683,0.193579683,34.71198833,5.19E-264,1.43E-262
BARD1,54.80326665,4.243726277,0.241135526,17.59892597,2.51E-69,9.49E-69
ABCA12,29.51850479,3.457774941,0.201705986,17.14264913,7.13E-66,2.54E-65
ATIC,14.25890706,2.274204002,0.251964053,9.025906575,1.78E-19,2.93E-19
FN1,60.85631009,1.929228342,0.25954925,7.432995261,1.06E-13,1.58E-13
PECR,58.18183978,4.434068208,0.220686816,20.09213009,8.65E-90,4.40E-89
TMEM169,11.92539875,2.113100392,0.246117497,8.585738181,9.03E-18,1.43E-17
XRCC5,21.54427476,2.242808126,0.211120636,10.62334868,2.32E-26,4.31E-26
SMARCAL1,136.605481,5.651029072,0.201202449,28.08628379,1.44E-173,1.90E-172
RPL37A,12.63801337,-1.493008146,0.225283723,-6.627234866,3.42E-11,4.84E-11
IGFBP2,102.5677824,5.247366344,0.214911376,24.41641968,1.14E-131,9.77E-131
IGFBP5,29.30075464,3.246982208,0.215485128,15.06824274,2.62E-51,7.38E-51
DIRC3,27.5368293,3.319452015,0.248139186,13.37737931,8.20E-41,1.91E-40
TNS1,11.28329323,1.949818537,0.230525744,8.45813794,2.72E-17,4.28E-17
ARPC2,49.22281155,2.83907272,0.176553644,16.08051043,3.49E-58,1.10E-57
AAMP,2.5485613,-0.546927383,0.179275236,-3.050769283,0.002282559,0.002646629
PNKD,269.0582937,6.372543469,0.180428332,35.31897344,3.00E-273,8.85E-272
CTDSP1,218.8807417,6.251661591,0.176879208,35.3442423,1.23E-273,3.64E-272
USP37,4.438703498,0.55903324,0.219053484,2.552039942,0.010709424,0.012111345
ZNF142,13.72216673,2.292889918,0.249650639,9.184394338,4.14E-20,6.89E-20
BCS1L,11.74772035,2.018543042,0.224856927,8.977010702,2.78E-19,4.56E-19
RNF25,35.60035424,3.665583966,0.219259331,16.71802951,9.69E-63,3.27E-62
STK36,37.83435436,3.79552826,0.2365877,16.0427962,6.42E-58,2.01E-57
TTLL4,68.23307204,4.655144658,0.24866803,18.72031821,3.38E-78,1.46E-77
CNPPD1,59.36276239,4.432522274,0.213975314,20.71511054,2.53E-95,1.40E-94
ZFAND2B,22.74708089,2.960023419,0.273063381,10.84005994,2.22E-27,4.20E-27
ATG9A,12.36457155,2.109965309,0.235479542,8.960291389,3.24E-19,5.29E-19
ANKZF1,99.66133014,5.173544133,0.225600989,22.93227593,2.21E-116,1.57E-115
GLB1L,8.369494396,1.576364926,0.219880961,7.169174247,7.55E-13,1.11E-12
DNPEP,8.783968209,1.540849387,0.23710535,6.498585493,8.11E-11,1.14E-10
SPEG,27.55422467,3.310412181,0.239908049,13.79867077,2.60E-43,6.37E-43
GMPPA,176.1789701,5.978171632,0.217226676,27.52043045,1.00E-166,1.25E-165
OBSL1,22.29956919,2.998761244,0.20988627,14.2875532,2.62E-46,6.78E-46
EPHA4,58.30146179,4.394608024,0.249644992,17.6034295,2.32E-69,8.77E-69
PAX3,51.71012176,4.273939325,0.25594042,16.69896188,1.33E-62,4.50E-62
SGPP2,43.74786741,4.030290032,0.251326139,16.03609577,7.15E-58,2.24E-57
FARSB,56.02384951,4.316473342,0.213292325,20.23735898,4.59E-91,2.37E-90
ACSL3,31.11057326,3.422916636,0.200911343,17.03695063,4.37E-65,1.54E-64
KCNE4,5.589982886,0.900429742,0.229826171,3.917872963,8.93E-05,0.000108381
SCG2,95.99560687,5.172669699,0.217312664,23.80289124,3.12E-125,2.44E-124
AP1S3,8.571627612,1.611820743,0.22974596,7.015665233,2.29E-12,3.32E-12
WDFY1,52.22334207,4.193249391,0.238061582,17.61413732,1.92E-69,7.26E-69
MRPL44,32.56690892,3.545080088,0.249999211,14.18036512,1.21E-45,3.10E-45
SERPINE2,14.6544414,1.282756962,0.220162362,5.826413511,5.66E-09,7.63E-09
CUL3,2.346760059,-0.826467768,0.164518413,-5.023557863,5.07E-07,6.52E-07
NYAP2,183.8772327,6.11387227,0.203507458,30.04249739,2.74E-198,4.41E-197
IRS1,12.0223073,1.879131165,0.238940117,7.864443984,3.71E-15,5.65E-15
MFF,13.88096615,2.066790875,0.237685957,8.695469021,3.45E-18,5.53E-18
DNER,1.90053709,-0.957966935,0.151257369,-6.333357135,2.40E-10,3.33E-10
TRIP12,88.64209524,4.744448308,0.206799987,22.94220792,1.76E-116,1.25E-115
FBXO36,48.73694934,4.154782817,0.242919612,17.10352977,1.40E-65,4.96E-65
SLC16A14,423.2383012,7.318886588,0.200963128,36.41905189,2.13E-290,7.13E-289
SP110,58.22031402,4.404652184,0.220166746,20.00598299,4.88E-89,2.46E-88
SP140L,10.94043332,1.929617596,0.232347552,8.304875937,9.99E-17,1.56E-16
SP100,49.40378907,4.022801909,0.249845162,16.10117992,2.50E-58,7.90E-58
CAB39,97.7952666,5.045644686,0.228044517,22.12570052,1.79E-108,1.16E-107
ITM2C,26.46579954,3.208010329,0.250122716,12.82574562,1.18E-37,2.60E-37
PSMD1,33.21452304,3.246311226,0.231360471,14.03139964,1.00E-44,2.52E-44
HTR2B,15.24250196,2.458353466,0.212181722,11.58607558,4.85E-31,9.73E-31
ARMC9,11.99758906,2.069655442,0.244349067,8.470077128,2.45E-17,3.86E-17
NCL,91.21900083,4.063926012,0.211608838,19.20489734,3.37E-82,1.54E-81
PDE6D,65.6423962,4.599928222,0.236658437,19.43699234,3.76E-84,1.78E-83
NPPC,29.89534516,3.475052648,0.254801751,13.63826047,2.37E-42,5.71E-42
DIS3L2,119.0234998,5.418861901,0.20170256,26.86560795,5.54E-159,6.37E-158
TIGD1,18.41923886,2.761701971,0.254267196,10.86141672,1.76E-27,3.33E-27
EIF4E2,2.72679486,-0.638190927,0.171073219,-3.730513352,0.00019109,0.000229604
EFHD1,39.28698605,3.872239689,0.276148393,14.02231479,1.14E-44,2.86E-44
GIGYF2,112.7522097,5.279616222,0.189857342,27.80833315,3.44E-170,4.45E-169
KCNJ13,6.307913606,1.149244377,0.227087746,5.060794328,4.18E-07,5.38E-07
ATG16L1,20.37283715,2.878710877,0.244766064,11.76107025,6.19E-32,1.26E-31
SAG,4.778322318,0.718909069,0.214109924,3.357663461,0.000786043,0.000926642
DGKD,6.719094204,1.190756293,0.224925992,5.29399152,1.20E-07,1.56E-07
USP40,28.70810456,3.349419718,0.24295624,13.78610286,3.09E-43,7.57E-43
SPP2,8.684072482,1.631419164,0.222680559,7.32627568,2.37E-13,3.50E-13
ARL4C,5.075407002,0.468520399,0.217659915,2.152534142,0.031355309,0.034691648
AC010148.1,32.31319233,3.587574397,0.249882035,14.35707214,9.62E-47,2.51E-46
SH3BP4,95.92615675,5.04390114,0.249512964,20.21498623,7.23E-91,3.72E-90
AGAP1,34.89413799,3.372380514,0.19118113,17.63971432,1.22E-69,4.63E-69
GBX2,4.942660029,0.773952565,0.213553148,3.624168371,0.000289893,0.000346367
IQCA1,6.618378403,1.217744598,0.22297122,5.461442956,4.72E-08,6.22E-08
ACKR3,4.960667395,0.734734165,0.226071282,3.250011057,0.001154005,0.001352062
COPS8,2.445017009,-0.799869197,0.165914646,-4.820967998,1.43E-06,1.81E-06
COL6A3,63.8134436,3.410262116,0.241060377,14.14692104,1.95E-45,4.97E-45
LRRFIP1,5.731820611,0.603423574,0.215224156,2.803698172,0.005052017,0.005787428
UBE2F,176.9524918,5.915660738,0.213463546,27.71274457,4.90E-169,6.27E-168
SCLY,105.4404277,5.183363738,0.21928197,23.63789297,1.57E-123,1.20E-122
ILKAP,7.538462626,1.3008335,0.207816944,6.259516054,3.86E-10,5.34E-10
HES6,6.376825217,1.151734627,0.222833467,5.168589102,2.36E-07,3.06E-07
PER2,36.71820257,3.74130597,0.204044328,18.33575089,4.29E-75,1.77E-74
TRAF3IP1,12.94143322,2.161584264,0.237845662,9.088180313,1.01E-19,1.66E-19
ASB1,7.255622909,1.212529003,0.216042432,5.612457656,1.99E-08,2.65E-08
NDUFA10,8.057246064,1.163989519,0.227723861,5.111407787,3.20E-07,4.14E-07
GPC1,5.973415082,0.901190157,0.228019718,3.952246599,7.74E-05,9.41E-05
ANKMY1,4.083864668,0.399121813,0.188741259,2.114650585,0.034459739,0.038052067
KIF1A,14.9750057,2.448750239,0.209451328,11.69126149,1.41E-31,2.85E-31
PASK,1.731255619,-1.290485951,0.135614144,-9.51586547,1.80E-21,3.07E-21
PPP1R7,14.05703719,2.008530367,0.246337413,8.153574152,3.53E-16,5.47E-16
HDLBP,130.4833517,4.989445552,0.220072355,22.67184155,8.50E-114,5.86E-113
FARP2,4.7215289,0.550478544,0.215267069,2.557188831,0.010552192,0.011938499
STK25,35.36842623,3.491592631,0.237444411,14.70488445,6.00E-49,1.62E-48
THAP4,71.08596694,4.642125953,0.260449211,17.82353626,4.64E-71,1.80E-70
ATG4B,14.92859882,2.30414406,0.247594831,9.306107268,1.33E-20,2.23E-20
DTYMK,33.45061977,3.265075048,0.234722854,13.91034145,5.48E-44,1.36E-43
ING5,8.779876194,1.596552235,0.237523029,6.721673445,1.80E-11,2.56E-11
CHL1,104.461576,5.294958594,0.253313724,20.90277031,5.05E-97,2.86E-96
CNTN4,19.70234322,2.860850779,0.244034932,11.72311993,9.70E-32,1.96E-31
TRNT1,13.34963302,2.176984883,0.238258213,9.137082217,6.42E-20,1.06E-19
CRBN,160.1572484,5.810429626,0.218426983,26.60124469,6.57E-156,7.31E-155
SUMF1,147.3915221,5.67852023,0.240040533,23.65650567,1.01E-123,7.76E-123
LRRN1,167.9062607,5.982332234,0.239762688,24.95105593,2.08E-137,1.91E-136
SETMAR,39.07138438,3.832301754,0.247364561,15.49252544,3.90E-54,1.15E-53
ITPR1,18.23501592,2.679470184,0.21672411,12.36350759,4.12E-35,8.81E-35
BHLHE40,37.37671651,3.656168958,0.266586059,13.71477927,8.28E-43,2.01E-42
ARL8B,38.60260307,3.606460254,0.239089971,15.08411351,2.06E-51,5.81E-51
EDEM1,2.232012949,-0.69486854,0.156705184,-4.43424094,9.24E-06,1.15E-05
AC023481.1,6.871700779,1.28238246,0.227445039,5.638208083,1.72E-08,2.29E-08
LMCD1,5.276952506,0.664152942,0.211548609,3.139481495,0.001692471,0.001971043
SSUH2,9.460937693,1.753188619,0.210328613,8.335473668,7.72E-17,1.21E-16
OXTR,8.117933605,1.536420285,0.24093796,6.376829466,1.81E-10,2.52E-10
RAD18,77.90394513,4.765545131,0.246317443,19.34716877,2.15E-83,1.01E-82
SRGAP3,21.00708796,2.94453367,0.246604001,11.94033212,7.29E-33,1.50E-32
THUMPD3,54.96759582,4.238202026,0.193656502,21.88515221,3.60E-106,2.29E-105
SETD5,18.70947338,2.549195412,0.235217778,10.8375967,2.28E-27,4.31E-27
MTMR14,6.271844594,1.094844052,0.230074811,4.758643699,1.95E-06,2.46E-06
BRPF1,5.120660276,0.760856639,0.218983778,3.474488591,0.000511828,0.00060749
OGG1,8.99444499,1.668880648,0.250187417,6.670521911,2.55E-11,3.62E-11
TADA3,2.41262725,-0.66214206,0.169281743,-3.91147947,9.17E-05,0.000111242
ARPC4,70.1027365,4.251209798,0.21577373,19.70216579,2.07E-86,1.01E-85
TTLL3,16.00345382,2.507858747,0.229703374,10.91781416,9.47E-28,1.80E-27
RPUSD3,8.64141746,1.497840295,0.20576995,7.279198426,3.36E-13,4.95E-13
IL17RC,110.7190218,5.304430675,0.217627179,24.37393481,3.23E-131,2.74E-130
CRELD1,262.8013383,6.556141414,0.185509685,35.34123518,1.37E-273,4.04E-272
PRRT3,7.72508632,1.420078495,0.234807828,6.047832851,1.47E-09,2.00E-09
EMC3,33.90536358,3.434894498,0.242057901,14.19038373,1.05E-45,2.69E-45
FANCD2,7.102799961,1.260405523,0.218157418,5.77750478,7.58E-09,1.02E-08
BRK1,51.90374062,3.404270673,0.245703399,13.85520382,1.18E-43,2.92E-43
VHL,20.29060843,2.81919375,0.247178709,11.40548781,3.93E-30,7.74E-30
TATDN2,5.122721616,0.768812432,0.221472127,3.471373325,0.000517804,0.000614422
GHRLOS,58.49140375,4.452044463,0.230733525,19.29517816,5.90E-83,2.75E-82
SEC13,178.4790473,5.747297115,0.21280082,27.0078711,1.19E-160,1.39E-159
ATG7,59.91431147,4.200030733,0.240063049,17.49553193,1.55E-68,5.79E-68
VGLL4,109.5696197,5.218863642,0.226433717,23.04808535,1.54E-117,1.10E-116
TAMM41,33.04856241,3.546303504,0.233090151,15.21430005,2.84E-52,8.14E-52
TSEN2,134.0590705,5.63517345,0.206692756,27.26352659,1.15E-163,1.39E-162
MKRN2,5.8655352,0.962694,0.222674272,4.323328373,1.54E-05,1.90E-05
RAF1,75.35492226,4.704818237,0.2469572,19.05114826,6.43E-81,2.89E-80
CAND2,21.97568041,3.009932196,0.256048687,11.75531197,6.63E-32,1.34E-31
RPL32,7.092511771,-3.236576438,0.159175592,-20.33337144,6.52E-92,3.41E-91
IQSEC1,62.50883667,4.539395565,0.23901468,18.99212037,1.98E-80,8.82E-80
NUP210,40.10842508,3.903425996,0.22424248,17.40716569,7.28E-68,2.68E-67
CHCHD4,4.222882563,0.486706449,0.193435766,2.51611405,0.011865678,0.013395262
TMEM43,47.35139514,4.059428781,0.284294554,14.27895375,2.96E-46,7.66E-46
XPC,332.5271588,6.90577812,0.155720735,44.34719708,0,0
LSM3,78.09984353,4.3770581,0.20181059,21.68894162,2.61E-104,1.62E-103
CCDC174,32.49769236,3.523876238,0.219025029,16.08892034,3.05E-58,9.61E-58
FGD5-AS1,44.95763955,3.974231654,0.243408668,16.32740397,6.30E-60,2.04E-59
NR2C2,30.0537514,3.395317751,0.250732564,13.54159066,8.88E-42,2.11E-41
MRPS25,72.33592536,4.548369804,0.230273065,19.75207048,7.70E-87,3.77E-86
CAPN7,29.95166058,3.401028098,0.251938062,13.49946124,1.58E-41,3.73E-41
SH3BP5-AS1,329.2602753,6.934657119,0.181210262,38.26856747,0,0
METTL6,21.47021999,2.933160943,0.241794801,12.13078583,7.25E-34,1.52E-33
EAF1,4.433442373,0.503409114,0.208757471,2.411454365,0.01588904,0.01783169
HACL1,35.47990051,3.693485652,0.226981194,16.27220999,1.55E-59,5.00E-59
BTD,21.43040339,2.853196704,0.201789619,14.1394623,2.17E-45,5.52E-45
ANKRD28,33.48806198,3.357905853,0.248355853,13.52054243,1.18E-41,2.81E-41
DPH3,128.7740956,5.446446998,0.255508026,21.31614836,8.04E-101,4.80E-100
OXNAD1,95.0043918,5.093304199,0.213727952,23.83078181,1.60E-125,1.26E-124
RFTN1,166.4775015,5.864888772,0.207821325,28.2208227,3.25E-175,4.36E-174
PLCL2,13.34414562,2.284069665,0.233006533,9.802599253,1.10E-22,1.92E-22
TBC1D5,8.030398694,1.1990289,0.233205417,5.141513937,2.73E-07,3.53E-07
SATB1,7.333261899,1.334660668,0.209507925,6.370454319,1.88E-10,2.62E-10
KCNH8,5.540003578,0.948288134,0.22725592,4.172776377,3.01E-05,3.69E-05
RAB5A,30.26320304,3.288080799,0.216710337,15.17269942,5.36E-52,1.53E-51
KAT2B,158.1606133,5.884436252,0.235896781,24.94496204,2.42E-137,2.22E-136
ZNF385D,55.48136251,4.00986351,0.244425035,16.40528972,1.75E-60,5.72E-60
UBE2E2,180.428237,5.771980703,0.153725275,37.54737605,0,0
UBE2E1,18.23600598,2.608471283,0.211765426,12.31773914,7.27E-35,1.55E-34
NKIRAS1,44.77309257,4.019019525,0.218430743,18.39951403,1.33E-75,5.49E-75
RPL15,300.3354995,3.583653318,0.28327661,12.65072087,1.11E-36,2.43E-36
NR1D2,108.478441,5.225667837,0.229511208,22.76868259,9.37E-115,6.53E-114
RARB,46.36159419,4.103978481,0.250900173,16.35701732,3.88E-60,1.26E-59
NGLY1,28.20040692,3.242137319,0.237764784,13.63590212,2.45E-42,5.90E-42
NEK10,267.8458317,6.239835917,0.208160033,29.97614784,2.01E-197,3.21E-196
SLC4A7,8.227788863,1.009393367,0.226655839,4.453418757,8.45E-06,1.05E-05
CMC1,113.4260203,5.201946905,0.207370431,25.08528758,7.20E-139,6.72E-138
AZI2,7.300120672,1.221260954,0.220484927,5.53897708,3.04E-08,4.03E-08
RBMS3,31.28751996,2.845088324,0.173178273,16.42866787,1.19E-60,3.90E-60
RBMS3-AS3,96.01669834,5.130419428,0.207676746,24.70387048,9.72E-135,8.61E-134
TGFBR2,24.9260189,2.990170865,0.217155116,13.76974635,3.88E-43,9.46E-43
STT3B,21.52744991,2.743885288,0.241765155,11.34938277,7.47E-30,1.47E-29
OSBPL10,13.34739758,2.241186917,0.249207161,8.993268535,2.40E-19,3.94E-19
CMTM7,61.26418367,4.467486446,0.248264939,17.99483433,2.14E-72,8.47E-72
CMTM6,85.65156457,4.834748701,0.217150585,22.26449765,8.16E-110,5.40E-109
DYNC1LI1,22.62060188,2.819108436,0.220580886,12.78038407,2.11E-37,4.66E-37
CNOT10,14.06684735,2.277024291,0.234258288,9.720143971,2.47E-22,4.29E-22
TRIM71,11.32083101,2.032390685,0.226326759,8.979895697,2.71E-19,4.44E-19
GLB1,15.07397498,2.421342546,0.251648693,9.62191586,6.46E-22,1.11E-21
CRTAP,37.90404278,3.665005498,0.238535901,15.36458658,2.83E-53,8.22E-53
SUSD5,6.702242787,1.211214843,0.201569605,6.00891609,1.87E-09,2.54E-09
FBXL2,94.41043056,5.020981322,0.275958684,18.19468496,5.69E-74,2.30E-73
UBP1,19.13611505,2.677299281,0.227552243,11.76564663,5.87E-32,1.19E-31
CLASP2,76.30557404,4.712142984,0.265899792,17.72149933,2.86E-70,1.10E-69
PDCD6IP,39.81504959,3.648314226,0.220778036,16.52480604,2.43E-61,8.06E-61
EPM2AIP1,4.027200503,0.422864417,0.206000974,2.052730185,0.040098753,0.044117559
MLH1,153.5488713,5.788909634,0.218317821,26.51597387,6.34E-155,6.96E-154
LRRFIP2,25.41267294,2.844860854,0.236088649,12.04996882,1.94E-33,4.03E-33
GOLGA4,31.64639352,3.144529423,0.222757914,14.11635335,3.01E-45,7.64E-45
ITGA9,360.7512758,7.076943936,0.19760132,35.81425433,6.63E-281,2.06E-279
CTDSPL,2.289078242,-0.723827988,0.168874025,-4.286200849,1.82E-05,2.24E-05
PLCD1,6.228300581,1.095829171,0.215802201,5.077933241,3.82E-07,4.92E-07
ACAA1,9.809443831,1.680238131,0.232412041,7.229565741,4.85E-13,7.12E-13
MYD88,50.93105381,4.239764118,0.20672757,20.50894381,1.79E-93,9.55E-93
OXSR1,20.56362818,2.821902835,0.175119843,16.11412379,2.03E-58,6.42E-58
ACVR2B,4.819424659,0.697982384,0.208038274,3.355067164,0.000793457,0.000935281
WDR48,2.144341857,-0.713271273,0.164318679,-4.340780234,1.42E-05,1.76E-05
SLC25A38,16.3279644,2.496854689,0.223285782,11.18232728,4.98E-29,9.64E-29
RPSA,9.597798582,-1.678624783,0.214207696,-7.836435472,4.64E-15,7.05E-15
EIF1B,8.655779269,1.26486315,0.211087085,5.992138991,2.07E-09,2.82E-09
ENTPD3-AS1,2.399822364,-0.559276945,0.169672457,-3.296215276,0.000979969,0.001150513
ZNF620,27.88486279,3.362817144,0.220863496,15.2257716,2.39E-52,6.84E-52
ZNF621,68.91514705,4.637911008,0.20500531,22.62337018,2.55E-113,1.75E-112
CTNNB1,4.73032337,0.551517256,0.208413071,2.646269998,0.008138483,0.009245221
ULK4,4.379561783,0.45536706,0.206322034,2.207069459,0.027309207,0.03033798
TRAK1,2.647452945,-0.439882128,0.175177388,-2.511066835,0.012036691,0.013581266
SEC22C,4.592304137,0.561183189,0.202593226,2.769999767,0.005605633,0.006409471
SS18L2,42.10734077,3.892505069,0.227562745,17.10519472,1.36E-65,4.82E-65
NKTR,53.25908746,4.108802642,0.244960133,16.77335245,3.82E-63,1.30E-62
HIGD1A,7.435370175,1.129977878,0.220346732,5.128180791,2.93E-07,3.79E-07
POMGNT2,45.83045783,4.086214693,0.178399088,22.90490791,4.15E-116,2.94E-115
SNRK,4.236547951,0.466259251,0.205991477,2.263488073,0.023605619,0.026320495
ANO10,16.50124142,2.450425144,0.246251553,9.950902313,2.50E-23,4.41E-23
ABHD5,18.08731713,2.497238175,0.209502596,11.91984356,9.33E-33,1.92E-32
TCAIM,112.7863954,5.38473992,0.223765712,24.06418697,5.93E-128,4.85E-127
ZNF852,18.45278287,2.739545247,0.248975204,11.00328547,3.68E-28,7.04E-28
ZKSCAN7,6.074811578,1.089928597,0.225159755,4.840690095,1.29E-06,1.64E-06
ZNF660,40.34449221,3.912789833,0.280984139,13.92530497,4.45E-44,1.11E-43
ZNF197,7.478084617,1.341574407,0.24277215,5.526063871,3.27E-08,4.33E-08
ZNF197-AS1,15.67460506,2.522403548,0.226959405,11.11389744,1.07E-28,2.07E-28
ZNF35,7.270743839,1.331656239,0.234268219,5.684323055,1.31E-08,1.76E-08
ZNF502,40.26576371,3.867308707,0.213391859,18.12303768,2.10E-73,8.42E-73
ZNF501,97.89623792,5.180049179,0.206555394,25.07825667,8.59E-139,8.01E-138
KIAA1143,7.586355446,1.382347893,0.233094721,5.930412687,3.02E-09,4.09E-09
KIF15,220.4505807,6.322138156,0.159235852,39.702982,0,0
TMEM42,15.85408379,2.516363509,0.22515781,11.17599922,5.34E-29,1.03E-28
ZDHHC3,21.85022449,2.894880798,0.20272261,14.28000954,2.92E-46,7.55E-46
EXOSC7,642.5252805,7.748835547,0.182206926,42.52766752,0,0
TMEM158,6.907548359,0.803978599,0.215389811,3.732667746,0.000189462,0.000227673
LARS2,12.6227888,2.147913507,0.22337468,9.615742956,6.86E-22,1.18E-21
LIMD1,2.320159918,-0.659012673,0.158569214,-4.155993822,3.24E-05,3.97E-05
LZTFL1,7.546690491,1.380766345,0.203873887,6.772649324,1.26E-11,1.81E-11
CXCR6,14.96167371,2.447161041,0.178686967,13.69524083,1.08E-42,2.63E-42
CCDC12,36.50246085,3.435626326,0.262757659,13.07526616,4.56E-39,1.03E-38
KIF9,41.45946611,3.919423009,0.250307741,15.65841706,2.91E-55,8.74E-55
KLHL18,6.834305662,1.21247735,0.203466143,5.959111104,2.54E-09,3.44E-09
PTPN23,30.46146685,3.47869478,0.177497971,19.59850447,1.59E-85,7.64E-85
SCAP,1.803031089,-1.134787823,0.142466824,-7.965277754,1.65E-15,2.53E-15
ELP6,13.39094151,2.191375167,0.23403629,9.363399011,7.72E-21,1.30E-20
CSPG5,2.223401392,-0.622676288,0.166042566,-3.750100364,0.000176764,0.000212602
SMARCC1,224.3399433,6.178366612,0.144115099,42.8710568,0,0
DHX30,16.80722168,2.427900429,0.178599646,13.59409431,4.34E-42,1.04E-41
MAP4,6.654316022,0.754789395,0.138268455,5.458869103,4.79E-08,6.31E-08
CDC25A,10.32468761,1.886668629,0.217654908,8.668164899,4.39E-18,7.02E-18
ZNF589,4.125838949,0.456283774,0.211460098,2.157777185,0.03094516,0.034265104
NME6,9.376805698,1.701171693,0.195087021,8.720065966,2.78E-18,4.46E-18
PLXNB1,10.3456113,1.897005054,0.21874931,8.672050455,4.24E-18,6.79E-18
CCDC51,7.580247035,1.399808459,0.213660145,6.551565615,5.69E-11,8.02E-11
TMA7,3.1481156,-1.621159349,0.140365371,-11.54956763,7.42E-31,1.48E-30
ATRIP,9.068385838,1.675611576,0.232920352,7.193925125,6.30E-13,9.23E-13
SHISA5,302.1734943,6.619265569,0.194394054,34.05076155,3.95E-254,1.00E-252
PFKFB4,2.168833937,-0.751610966,0.157406637,-4.774963632,1.80E-06,2.27E-06
UQCRC1,9.676092681,1.511178342,0.235672839,6.412187105,1.43E-10,2.00E-10
SLC26A6,23.58568894,3.113158681,0.216423314,14.38458099,6.47E-47,1.69E-46
CELSR3,4.543704764,0.617394611,0.183510368,3.364358203,0.000767219,0.000904746
NCKIPSD,5.589622128,0.96341159,0.218597411,4.407241532,1.05E-05,1.30E-05
IP6K2,2.322984226,-0.729518825,0.152081144,-4.796905161,1.61E-06,2.04E-06
PRKAR2A,55.01101172,4.088121966,0.219495737,18.62506314,2.01E-77,8.59E-77
SLC25A20,9.180767704,1.696046967,0.211110434,8.033932445,9.44E-16,1.45E-15
ARIH2OS,33.7894022,3.642512684,0.256409051,14.20586628,8.43E-46,2.16E-45
ARIH2,16.71743655,2.360800649,0.223077424,10.58287568,3.58E-26,6.63E-26
P4HTM,6.641241574,1.204966008,0.20959295,5.749077004,8.97E-09,1.20E-08
WDR6,2.271690685,-0.677538869,0.165362917,-4.097284206,4.18E-05,5.11E-05
NDUFAF3,99.98763553,4.761471216,0.178232001,26.71501862,3.15E-157,3.55E-156
IMPDH2,25.2804596,3.029081,0.206084469,14.69824976,6.61E-49,1.79E-48
QRICH1,75.51998193,4.780873939,0.180470922,26.49110385,1.23E-154,1.34E-153
QARS,5.876607398,0.944237544,0.215243598,4.386832184,1.15E-05,1.42E-05
USP19,5.260079991,0.804916772,0.210628754,3.821495192,0.000132645,0.000160158
LAMB2,2.648500622,-0.501707837,0.162032493,-3.096340902,0.00195925,0.002276609
KLHDC8B,11.45682211,2.012051998,0.225297255,8.930654733,4.23E-19,6.90E-19
CCDC36,12.008832,2.092542214,0.258194516,8.104518439,5.30E-16,8.18E-16
C3orf62,243.6793245,6.488607267,0.150724219,43.04953306,0,0
USP4,2.049445797,-0.949095926,0.140627128,-6.749024476,1.49E-11,2.12E-11
RHOA,19.24248952,1.423759822,0.191852353,7.421122558,1.16E-13,1.73E-13
AMT,4.271376429,0.545008118,0.208848212,2.609589583,0.009065091,0.010277426
NICN1,8.38412467,1.574422082,0.224864594,7.001645099,2.53E-12,3.66E-12
DAG1,36.75466041,3.732657911,0.233133319,16.01082986,1.07E-57,3.35E-57
BSN,2.049025614,-0.774537187,0.158242795,-4.89461265,9.85E-07,1.25E-06
APEH,1.836441833,-1.026990837,0.147671891,-6.954545152,3.54E-12,5.10E-12
IP6K1,13.33966867,2.260064144,0.209820333,10.77142579,4.70E-27,8.83E-27
CDHR4,1.661256921,-1.217897716,0.138191586,-8.813110464,1.22E-18,1.97E-18
CAMKV,50.43239358,4.238267539,0.283697307,14.93939995,1.83E-50,5.08E-50
RBM6,2.235016087,-0.900872765,0.160426207,-5.615496249,1.96E-08,2.61E-08
RBM5,6.868039386,1.166942142,0.224929703,5.188030423,2.13E-07,2.76E-07
GNAI2,5.796883542,0.461610871,0.215809703,2.138971808,0.032437952,0.035855946
HYAL2,80.67226917,4.824441139,0.257968656,18.70165626,4.80E-78,2.07E-77
TUSC2,5.957612,0.813719522,0.206375758,3.942902649,8.05E-05,9.78E-05
RASSF1,1.938383382,-1.164344877,0.142679367,-8.160569413,3.33E-16,5.16E-16
NPRL2,10.37798407,1.858794512,0.238597981,7.790487173,6.68E-15,1.01E-14
CYB561D2,26.06023316,3.196693915,0.251971133,12.68674659,7.00E-37,1.54E-36
TMEM115,7.967847284,1.438081947,0.243312364,5.910435139,3.41E-09,4.62E-09
HEMK1,13.53667725,2.261041724,0.231414088,9.770544848,1.51E-22,2.62E-22
MAPKAPK3,10.11851898,1.763313406,0.236783347,7.446948554,9.55E-14,1.42E-13
DOCK3,182.6594962,6.093206662,0.245291671,24.84065858,3.26E-136,2.95E-135
MANF,84.4736366,4.502148176,0.191067593,23.56311771,9.21E-123,7.01E-122
RBM15B,30.45525526,3.42673369,0.226660614,15.11834646,1.23E-51,3.47E-51
RAD54L2,40.17521074,3.850956905,0.223226913,17.251311,1.09E-66,3.96E-66
TEX264,75.73099338,4.743293192,0.230669261,20.56317853,5.87E-94,3.15E-93
RRP9,64.05165585,4.491015072,0.241810205,18.57247945,5.37E-77,2.28E-76
PCBP4,137.7300486,5.602609165,0.199402155,28.09703413,1.06E-173,1.41E-172
ABHD14A,369.4224141,7.069431092,0.201810973,35.02996383,7.87E-269,2.24E-267
ACY1,33.00689428,3.5758102,0.242215685,14.7629176,2.54E-49,6.92E-49
RPL29,17.80604303,-0.796962511,0.227694709,-3.500136285,0.00046502,0.000552514
DUSP7,65.7680924,4.612726851,0.251450176,18.34449643,3.65E-75,1.51E-74
POC1A,6.786365865,1.152836652,0.231230754,4.985654502,6.18E-07,7.92E-07
ALAS1,2.609944726,-0.495053486,0.176761071,-2.800692958,0.005099301,0.005839132
WDR82,44.69705593,3.945421229,0.260812237,15.12743907,1.07E-51,3.02E-51
BAP1,14.08470993,2.326932628,0.204277543,11.39103495,4.63E-30,9.12E-30
NISCH,1.965554986,-0.902015772,0.162049098,-5.5663116,2.60E-08,3.45E-08
NT5DC2,65.34624467,4.287243295,0.206852203,20.7261186,2.01E-95,1.11E-94
SMIM4,64.46971552,4.413274574,0.226537785,19.48140608,1.58E-84,7.51E-84
PBRM1,104.8175725,5.059626492,0.242708171,20.84654373,1.64E-96,9.20E-96
GNL3,18.60402872,2.321008596,0.236674591,9.80675021,1.05E-22,1.84E-22
GLT8D1,7.921318426,1.375639588,0.212929074,6.460553081,1.04E-10,1.46E-10
SPCS1,234.9853755,5.772882349,0.185627166,31.09933994,2.46E-212,4.54E-211
NEK4,20.43435757,2.858443984,0.241689168,11.82694286,2.83E-32,5.78E-32
SFMBT1,9.856312112,1.795918551,0.247965721,7.242608136,4.40E-13,6.48E-13
RFT1,80.0564073,4.866131485,0.207657958,23.43339751,1.95E-121,1.47E-120
TKT,10.20769919,1.302282903,0.228480177,5.699763201,1.20E-08,1.60E-08
DCP1A,69.42263834,4.59605606,0.202933391,22.64810161,1.46E-113,1.00E-112
CACNA1D,6.089632738,1.091883771,0.2210733,4.939012399,7.85E-07,1.00E-06
CHDH,17.27059633,2.66157389,0.244462916,10.8874341,1.32E-27,2.51E-27
ACTR8,2.385381565,-0.503267725,0.17418778,-2.889225212,0.003861924,0.004442357
WNT5A,12.10512471,1.676427523,0.235404471,7.121476995,1.07E-12,1.56E-12
ERC2,47.16775963,4.139241775,0.175046482,23.64652937,1.28E-123,9.81E-123
CCDC66,11.2794756,1.941487841,0.233873969,8.301427672,1.03E-16,1.61E-16
ARHGEF3,85.87255799,4.999792182,0.188694815,26.49671212,1.06E-154,1.16E-153
IL17RD,20.64160467,2.929556411,0.222279597,13.17960106,1.15E-39,2.62E-39
APPL1,7.602374743,1.274537118,0.229618536,5.550671743,2.85E-08,3.77E-08
ASB14,44.50513471,4.043997933,0.25548158,15.82892171,1.97E-56,6.01E-56
PDE12,7.179404155,1.289314993,0.21792009,5.9164577,3.29E-09,4.45E-09
ARF4,24.36155675,2.320351606,0.233598247,9.933086561,2.99E-23,5.27E-23
DENND6A,48.64195682,4.087887269,0.258413041,15.81919882,2.29E-56,7.00E-56
SLMAP,2.764531428,-0.383319687,0.180146808,-2.127818373,0.033352145,0.036858971
FLNB,38.12060946,3.700604025,0.214822475,17.22633549,1.68E-66,6.08E-66
RPP14,466.3111677,7.416494242,0.191211611,38.78684052,0,0
PXK,14.63127356,2.312584116,0.203558097,11.36080633,6.55E-30,1.29E-29
KCTD6,7.019515135,1.247250501,0.234282459,5.323704154,1.02E-07,1.33E-07
FAM107A,8.870153725,1.651899133,0.212545151,7.771991627,7.73E-15,1.17E-14
C3orf67,13.57360989,2.296063966,0.187551169,12.24233353,1.85E-34,3.89E-34
PTPRG,13.07539241,1.759518486,0.180743311,9.73490237,2.14E-22,3.71E-22
PTPRG-AS1,11.00633798,1.973872693,0.206678885,9.550432286,1.29E-21,2.21E-21
C3orf14,402.1589993,7.130968774,0.201934686,35.31324376,3.68E-273,1.08E-271
CADPS,29.7824458,3.468189722,0.242728838,14.28832995,2.59E-46,6.70E-46
THOC7,3.202677235,-0.407378378,0.174100964,-2.339897318,0.019289042,0.021595029
ATXN7,13.24984799,2.226496679,0.211651517,10.51963488,7.01E-26,1.29E-25
PSMD6-AS2,117.8926398,5.459275182,0.211796389,25.77605413,1.65E-146,1.65E-145
PRICKLE2,24.57187386,3.140655282,0.24753451,12.68774719,6.91E-37,1.52E-36
PRICKLE2-AS3,21.85243774,3.013637687,0.218954585,13.76375692,4.21E-43,1.03E-42
MAGI1,23.85482838,2.914000199,0.279950185,10.40899543,2.26E-25,4.12E-25
SLC25A26,160.1630688,5.79950961,0.18126124,31.99531018,1.27E-224,2.57E-223
LRIG1,21.77737455,2.964007804,0.232739437,12.7353054,3.76E-37,8.28E-37
SUCLG2,134.5493673,5.440397439,0.19312672,28.17009188,1.36E-174,1.81E-173
EOGT,1.699292429,-1.313475183,0.134870842,-9.738763098,2.06E-22,3.57E-22
TMF1,16.70692633,2.357034222,0.246492802,9.562284178,1.15E-21,1.97E-21
UBA3,2.707366152,-0.449322655,0.181027341,-2.482070682,0.013062136,0.014697101
ARL6IP5,33.27359966,3.200169782,0.205556217,15.56834341,1.19E-54,3.56E-54
FRMD4B,9.391108446,1.750804029,0.20669653,8.470408438,2.45E-17,3.85E-17
MITF,47.93693927,4.14073084,0.257242036,16.09663377,2.69E-58,8.50E-58
FOXP1,81.58444509,4.122513882,0.193720362,21.28074633,1.71E-100,1.02E-99
FOXP1-AS1,10.63499293,1.929771912,0.231332157,8.341995921,7.30E-17,1.14E-16
FOXP1-IT1,58.24618014,4.424805075,0.207738786,21.29985049,1.14E-100,6.78E-100
EIF4E3,74.3021571,4.767780378,0.205966527,23.14832631,1.51E-118,1.09E-117
GPR27,85.14407774,4.99872092,0.246613272,20.26947248,2.39E-91,1.24E-90
SHQ1,111.802244,5.329909326,0.240266842,22.18329124,4.98E-109,3.26E-108
PPP4R2,41.96912306,3.767836372,0.244285582,15.42389994,1.13E-53,3.30E-53
EBLN2,1.756675713,-1.172976788,0.138740079,-8.454491255,2.80E-17,4.41E-17
LINC00960,9.523385782,1.680965519,0.204650351,8.213841356,2.14E-16,3.33E-16
ROBO2,25.20162047,3.0318166,0.242026932,12.5267737,5.33E-36,1.15E-35
ROBO1,3.076984608,-0.497969015,0.176298273,-2.824582488,0.004734226,0.005431965
GBE1,57.51848196,4.158632507,0.200238302,20.76841679,8.36E-96,4.64E-95
LINC00971,5.369392724,0.892520734,0.226718301,3.936694702,8.26E-05,0.000100304
CHMP2B,152.2563934,5.602155689,0.218804819,25.60343836,1.40E-144,1.38E-143
CGGBP1,33.04019212,3.461512982,0.181558071,19.06559678,4.88E-81,2.19E-80
ZNF654,85.98773772,4.947267458,0.206980542,23.90208961,2.91E-126,2.33E-125
C3orf38,150.3865064,5.770378068,0.191483411,30.13513301,1.68E-199,2.74E-198
EPHA3,20.23531157,2.864258034,0.215028123,13.32038805,1.76E-40,4.08E-40
PROS1,7.776054292,1.434234291,0.24047917,5.964068699,2.46E-09,3.34E-09
ARL13B,48.69609685,4.112258116,0.255130555,16.1182502,1.90E-58,6.01E-58
NSUN3,13.17096488,2.161962546,0.206554866,10.46677133,1.23E-25,2.25E-25
MTRNR2L12,10.25530047,1.885092166,0.244848395,7.699017866,1.37E-14,2.07E-14
ARL6,4.556747561,0.613757561,0.210975083,2.909147151,0.003624162,0.004174605
CRYBG3,28.09768953,3.297470749,0.219654701,15.01206546,6.12E-51,1.71E-50
CLDND1,6.705011755,1.173531264,0.223142562,5.25910993,1.45E-07,1.89E-07
ST3GAL6,9.050745061,1.5796973,0.234574145,6.734319764,1.65E-11,2.35E-11
DCBLD2,4.504275424,-0.771696669,0.113810573,-6.780535819,1.20E-11,1.71E-11
COL8A1,3.276163386,-0.532954308,0.183074758,-2.911129382,0.003601249,0.00414909
CMSS1,58.79557286,4.150011657,0.228983031,18.12366465,2.07E-73,8.33E-73
FILIP1L,2.469992283,-0.711820871,0.168004739,-4.236909477,2.27E-05,2.79E-05
TBC1D23,24.285591,3.114206167,0.243717862,12.77791515,2.18E-37,4.80E-37
NIT2,40.47434891,3.678854832,0.224894528,16.358134,3.81E-60,1.24E-59
LNP1,6.141495933,1.094112891,0.205951802,5.31247058,1.08E-07,1.41E-07
TMEM45A,80.67733048,4.845552314,0.239787344,20.20770666,8.37E-91,4.31E-90
TFG,112.6226325,4.973952514,0.22994623,21.63093745,9.19E-104,5.66E-103
SENP7,6.722557048,1.224170037,0.236965409,5.166028428,2.39E-07,3.10E-07
TRMT10C,59.77673771,4.261049752,0.260331931,16.36775689,3.25E-60,1.06E-59
PCNP,746.1894579,7.779732934,0.169190808,45.98200698,0,0
ZBTB11,24.38706907,3.129998102,0.179696425,17.41825467,6.00E-68,2.21E-67
RPL24,11.52271287,-1.053421821,0.213847279,-4.92604735,8.39E-07,1.07E-06
CEP97,4.678644715,0.62034171,0.218048466,2.844971674,0.004441537,0.005100447
NXPE3,4.800132154,0.676904902,0.221133422,3.061070079,0.002205475,0.002558887
NFKBIZ,38.47406101,3.738010723,0.212913545,17.55647217,5.31E-69,2.00E-68
ALCAM,21.0073215,2.480406318,0.196363911,12.63168115,1.41E-36,3.08E-36
BBX,2.418111744,-0.900620584,0.166292763,-5.415873583,6.10E-08,8.01E-08
IFT57,2.092436426,-0.999685427,0.14991498,-6.668349116,2.59E-11,3.67E-11
DZIP3,17.16321263,2.645598745,0.244700264,10.81158926,3.03E-27,5.72E-27
DPPA4,9.303311037,1.734976179,0.202660581,8.560994788,1.12E-17,1.78E-17
CD96,12.51725719,2.188823171,0.24686775,8.866379542,7.56E-19,1.23E-18
PHLDB2,9.609822841,1.717433043,0.241248194,7.118946743,1.09E-12,1.59E-12
ABHD10,33.30723232,3.580209685,0.266435194,13.43745032,3.65E-41,8.57E-41
TAGLN3,75.03573907,4.803270468,0.260418098,18.44445725,5.78E-76,2.40E-75
C3orf52,9.791830332,1.758323582,0.237955416,7.389298426,1.48E-13,2.19E-13
GCSAM,10.3997526,1.906382931,0.2304083,8.273933391,1.30E-16,2.02E-16
SLC9C1,16.34027054,2.572687911,0.242439431,10.61167279,2.63E-26,4.88E-26
CD200,5.239303687,0.854176255,0.213178434,4.00686055,6.15E-05,7.50E-05
ATG3,71.51704113,4.36995211,0.210404371,20.76930288,8.20E-96,4.56E-95
SLC35A5,9.342376001,1.691434233,0.230190479,7.347976507,2.01E-13,2.98E-13
CCDC80,32.95622582,2.534509273,0.155861851,16.26125481,1.86E-59,5.97E-59
GTPBP8,5.967481774,0.981348207,0.23004259,4.2659414,1.99E-05,2.45E-05
BOC,7.550694083,1.410182368,0.244060241,5.778009402,7.56E-09,1.02E-08
SPICE1,10.5286622,1.884244876,0.229463209,8.211533726,2.18E-16,3.39E-16
ZBTB20,159.285622,5.720719684,0.236323365,24.20716921,1.87E-129,1.56E-128
GAP43,94.06204278,5.132434098,0.207319618,24.75614298,2.66E-135,2.37E-134
LSAMP,19.72923426,2.620661258,0.238769987,10.97567283,5.00E-28,9.53E-28
UPK1B,21.53314858,2.981381347,0.222561039,13.39579182,6.40E-41,1.50E-40
B4GALT4,208.2991013,6.20996059,0.23530917,26.39064421,1.75E-153,1.89E-152
TMEM39A,11.47580358,1.991202241,0.23908018,8.328596027,8.18E-17,1.28E-16
POGLUT1,23.95906663,3.138610611,0.209650164,14.97070432,1.14E-50,3.18E-50
TIMMDC1,2.683051884,-0.689070633,0.186726869,-3.690259675,0.000224025,0.000268702
COX17,9.854034703,1.360206404,0.221405192,6.143516299,8.07E-10,1.11E-09
MAATS1,11.64137248,2.077466411,0.234856028,8.845701901,9.10E-19,1.47E-18
GSK3B,17.08742743,2.372455103,0.225729837,10.5101529,7.76E-26,1.43E-25
LRRC58,13.47580197,2.170522836,0.254305051,8.535114927,1.40E-17,2.22E-17
FSTL1,43.98688437,3.191083694,0.259849342,12.28051483,1.15E-34,2.44E-34
NDUFB4,34.35439031,3.179459333,0.246223696,12.91288934,3.81E-38,8.50E-38
RABL3,40.95766438,3.870352794,0.257917043,15.00619249,6.69E-51,1.87E-50
GTF2E1,262.196487,6.572538427,0.17350054,37.88194803,0,0
STXBP5L,2.534478012,-0.377272495,0.186052324,-2.027776313,0.042583083,0.046817698
POLQ,29.87063047,3.343162588,0.259913201,12.86261175,7.31E-38,1.62E-37
IQCB1,44.7372472,3.966222082,0.215429996,18.41072343,1.08E-75,4.47E-75
EAF2,23.12987035,3.097638576,0.249939952,12.39353114,2.83E-35,6.07E-35
SLC15A2,50.88698801,4.250788017,0.229855216,18.49332848,2.34E-76,9.80E-76
CCDC58,33.24503279,3.48507081,0.247576391,14.07674941,5.28E-45,1.33E-44
FAM162A,7.334291675,1.20095696,0.210501107,5.70522872,1.16E-08,1.55E-08
WDR5B,43.96050543,4.036840876,0.238799287,16.90474426,4.15E-64,1.44E-63
KPNA1,2.615446253,-0.472009703,0.17824164,-2.648144972,0.008093481,0.009198907
PARP9,31.82017218,3.564335939,0.235957399,15.10584519,1.48E-51,4.19E-51
DTX3L,31.35200114,3.530885493,0.255312713,13.8296501,1.69E-43,4.15E-43
PARP15,47.37175858,4.145891879,0.264247807,15.68940883,1.79E-55,5.38E-55
PARP14,84.48978637,4.966573376,0.188495184,26.34854257,5.33E-153,5.73E-152
HSPBAP1,11.62203706,2.067277027,0.244407117,8.458334012,2.71E-17,4.27E-17
SEMA5B,5.009986031,0.791397384,0.189988181,4.165508498,3.11E-05,3.81E-05
PDIA5,43.9129908,3.931379795,0.258432758,15.21238955,2.93E-52,8.38E-52
SEC22A,4.796382615,0.601219836,0.20756913,2.896480008,0.003773747,0.004343226
MYLK-AS1,6.035109089,1.067346186,0.22626492,4.717241123,2.39E-06,3.01E-06
MYLK,2.219535696,-0.912564051,0.146323424,-6.236623111,4.47E-10,6.17E-10
CCDC14,57.7571422,4.255501001,0.226189529,18.81387271,5.81E-79,2.53E-78
KALRN,10.37217605,1.857991386,0.228380506,8.135507776,4.10E-16,6.34E-16
UMPS,128.4403169,5.462369544,0.21931419,24.9065943,6.31E-137,5.76E-136
ITGB5,10.1016139,1.30560939,0.243241576,5.367542068,7.98E-08,1.04E-07
HEG1,32.67357233,3.456580934,0.216979321,15.93046246,3.89E-57,1.21E-56
ZNF148,15.63862337,2.352228215,0.254874201,9.228977312,2.73E-20,4.57E-20
SNX4,50.13021411,4.164069277,0.224775947,18.52542204,1.29E-76,5.42E-76
OSBPL11,17.04007046,2.590148946,0.245587432,10.54674877,5.26E-26,9.72E-26
SLC41A3,2.371483056,-0.526244669,0.172391171,-3.052619614,0.002268533,0.002630927
ZXDC,237.3175119,6.408491123,0.210614562,30.42757853,2.37E-203,4.02E-202
CHCHD6,77.00064486,4.769311997,0.185420408,25.72161314,6.70E-146,6.69E-145
PLXNA1,70.23218676,4.634462605,0.197258551,23.49435597,4.66E-122,3.53E-121
TPRA1,267.4145596,6.602041367,0.20223489,32.64541226,9.31E-234,1.99E-232
MCM2,5.896060352,0.992036525,0.230037384,4.312501334,1.61E-05,1.99E-05
MGLL,12.38434822,1.644410703,0.230362739,7.138353677,9.45E-13,1.38E-12
KBTBD12,4.355016133,0.550878184,0.214679554,2.566048675,0.010286439,0.011642681
SEC61A1,14.26041611,2.026668509,0.250496636,8.090601706,5.94E-16,9.16E-16
RUVBL1,32.94288907,3.293304114,0.187667245,17.54863571,6.09E-69,2.29E-68
RPN1,8.929030547,1.50332541,0.243325552,6.178247193,6.48E-10,8.90E-10
RAB7A,38.91179379,3.267442582,0.226538854,14.4233209,3.69E-47,9.71E-47
ACAD9,141.1951698,5.647287904,0.184874723,30.54656581,6.28E-205,1.07E-203
KIAA1257,98.65893579,5.212208838,0.223312008,23.34047724,1.72E-120,1.28E-119
EFCC1,78.06027678,4.87332645,0.220650739,22.08615515,4.29E-108,2.78E-107
ISY1,56.24264529,4.274935979,0.254300664,16.8105577,2.04E-63,6.97E-63
CNBP,25.73796674,2.626323484,0.220889372,11.88976844,1.34E-32,2.74E-32
COPG1,19.69606687,2.74323678,0.243573337,11.26246747,2.01E-29,3.92E-29
HMCES,2.03698924,-0.931882325,0.148890692,-6.258835348,3.88E-10,5.36E-10
H1FX,62.83799871,4.151003107,0.158662366,26.16249335,7.10E-151,7.51E-150
H1FX-AS1,67.55148381,4.662616978,0.2344908,19.88400816,5.60E-88,2.78E-87
MBD4,4.860722647,0.57385626,0.216775356,2.64723939,0.008115188,0.009221651
IFT122,18.54908856,2.737005859,0.245703936,11.13944654,8.06E-29,1.56E-28
TMCC1,7.662388672,1.377501036,0.236788339,5.81743611,5.98E-09,8.05E-09
AC083799.1,116.5710951,5.454237292,0.210426092,25.91996669,3.97E-148,4.06E-147
TMCC1-AS1,7.857991103,1.462627246,0.24559209,5.955514465,2.59E-09,3.52E-09
PIK3R4,8.096342957,1.513410679,0.232573445,6.507237667,7.65E-11,1.08E-10
ASTE1,96.10977389,5.163017689,0.228087338,22.63614338,1.91E-113,1.31E-112
NUDT16,5.453875316,0.839550523,0.211815815,3.963587532,7.38E-05,8.98E-05
MRPL3,22.10864071,2.711661823,0.229913909,11.79424872,4.18E-32,8.51E-32
CPNE4,12.61458021,2.187395202,0.236450015,9.250983579,2.22E-20,3.72E-20
DNAJC13,4.435445074,0.47068569,0.214967175,2.189570057,0.028555433,0.031690028
UBA5,52.64161939,4.115558853,0.202893664,20.28431436,1.77E-91,9.20E-91
NPHP3,11.75670593,2.00382732,0.227713176,8.799786439,1.37E-18,2.21E-18
CDV3,76.82092875,4.510109201,0.16389414,27.51842871,1.06E-166,1.32E-165
TOPBP1,27.88091841,3.292655442,0.201016467,16.38002841,2.66E-60,8.65E-60
SRPRB,469.6223692,7.277075318,0.149551348,48.65937632,0,0
RAB6B,12.09600505,2.12062691,0.248082759,8.548062429,1.25E-17,1.98E-17
RYK,2.258233268,-0.803076475,0.159185393,-5.044913096,4.54E-07,5.85E-07
AMOTL2,6.500644659,1.103584397,0.209687896,5.262985686,1.42E-07,1.85E-07
ANAPC13,7.184820795,1.056027942,0.226432524,4.663764392,3.10E-06,3.90E-06
CEP63,145.2230891,5.718649528,0.245329537,23.31007341,3.50E-120,2.60E-119
EPHB1,5.01230673,0.585696776,0.211910303,2.763890036,0.005711678,0.006527976
PPP2R3A,124.5623734,5.365532275,0.259525762,20.67437247,5.89E-95,3.22E-94
MSL2,26.88464124,3.297447605,0.219106248,15.04953712,3.48E-51,9.77E-51
PCCB,85.68799463,4.954344587,0.248719619,19.91939599,2.76E-88,1.38E-87
STAG1,32.35121381,3.208746129,0.235025631,13.65274976,1.94E-42,4.69E-42
SLC35G2,56.25115236,4.375658428,0.228605938,19.14061577,1.16E-81,5.27E-81
NCK1,25.13283079,3.154130914,0.233811306,13.4900701,1.79E-41,4.23E-41
DZIP1L,171.3962848,5.990513258,0.17814032,33.62805932,6.53E-248,1.59E-246
DBR1,46.29511865,4.059967003,0.243514731,16.67236713,2.08E-62,7.00E-62
ARMC8,13.07209093,2.237368714,0.235835922,9.486971689,2.38E-21,4.05E-21
MRAS,42.30617265,3.889610045,0.241794214,16.08644797,3.18E-58,1.00E-57
CEP70,14.96455378,2.448272442,0.210549187,11.62803087,2.97E-31,5.97E-31
FAIM,59.0777917,4.414640864,0.230422511,19.15889571,8.16E-82,3.71E-81
PIK3CB,100.3644469,5.172089061,0.203901295,25.36565083,6.04E-142,5.81E-141
COPB2,36.04885997,3.282185817,0.245679017,13.35965059,1.04E-40,2.42E-40
RBP1,54.53744399,4.35164134,0.234953967,18.52125074,1.39E-76,5.86E-76
CLSTN2,76.70090362,4.814371672,0.226651803,21.24126789,3.97E-100,2.34E-99
SLC25A36,8.919446464,1.544732111,0.197278764,7.830199658,4.87E-15,7.41E-15
SPSB4,21.9640692,3.022547781,0.19747045,15.30632953,6.94E-53,2.00E-52
ZBTB38,9.139102576,1.450440015,0.207919975,6.975953197,3.04E-12,4.39E-12
RASA2,28.8431049,3.223723938,0.231827991,13.90567171,5.85E-44,1.45E-43
RNF7,2.96479402,-0.984090664,0.164706373,-5.974818387,2.30E-09,3.13E-09
ATP1B3,34.16766809,3.316832531,0.222232411,14.92506211,2.26E-50,6.29E-50
TFDP2,13.66094578,2.17433198,0.206116223,10.54905796,5.13E-26,9.48E-26
GK5,1.99430329,-0.911297418,0.158585405,-5.746414175,9.12E-09,1.22E-08
XRN1,37.41449316,3.608091009,0.241528587,14.93856712,1.85E-50,5.14E-50
ATR,97.42801116,5.027770098,0.25264722,19.9003579,4.04E-88,2.01E-87
PLS1,51.35264379,4.263451259,0.20525362,20.77162514,7.82E-96,4.35E-95
TRPC1,16.04153508,2.464117701,0.218879925,11.25785152,2.12E-29,4.12E-29
U2SURP,11.28292057,1.645330004,0.203319933,8.092320204,5.85E-16,9.03E-16
PLOD2,16.26902561,1.979188773,0.226975919,8.71981831,2.79E-18,4.47E-18
PLSCR1,35.68906577,3.690318176,0.246358016,14.97949302,1.00E-50,2.79E-50
ZIC4,28.8639811,3.422021618,0.244124251,14.01754067,1.22E-44,3.06E-44
GYG1,5.339597335,0.802677363,0.215564041,3.723614375,0.000196391,0.000235843
HLTF,7.717331965,1.317983082,0.209678663,6.285728196,3.26E-10,4.51E-10
HPS3,37.1353235,3.747162414,0.211168718,17.74487457,1.89E-70,7.25E-70
CP,2024.779744,9.578972957,0.154785922,61.8852984,0,0
WWTR1,45.2099938,3.646688823,0.201601047,18.08864028,3.92E-73,1.57E-72
COMMD2,2.75190392,-0.470734137,0.17562117,-2.680395174,0.007353529,0.008374532
RNF13,272.1330482,6.586597403,0.177582493,37.0903532,4.02E-301,1.41E-299
PFN2,21.83198775,2.76131897,0.257033442,10.74303384,6.39E-27,1.20E-26
TSC22D2,5.570205709,0.792646695,0.218661193,3.624999408,0.000288962,0.000345331
SERP1,3.279872859,-1.098234162,0.160830209,-6.828531568,8.58E-12,1.23E-11
EIF2A,42.18639918,3.754276336,0.203364862,18.46079161,4.27E-76,1.78E-75
SIAH2,2.496623206,-0.483949005,0.175823736,-2.752466855,0.005914813,0.006755169
CLRN1,19.08604182,2.81198942,0.245803045,11.4400105,2.64E-30,5.22E-30
P2RY14,71.41838857,4.742974744,0.199011509,23.83266565,1.53E-125,1.21E-124
MBNL1,68.33362351,4.076960406,0.229887382,17.73459845,2.27E-70,8.69E-70
RAP2B,16.32797067,2.520188287,0.251521572,10.01976993,1.25E-23,2.21E-23
ARHGEF26-AS1,31.18792228,3.535481692,0.248273188,14.24028798,5.15E-46,1.33E-45
DHX36,459.3587045,7.2163071,0.16576761,43.53267258,0,0
PLCH1,15.23682664,2.480672767,0.256781556,9.660634549,4.43E-22,7.65E-22
AC104472.1,45.71080485,4.094102192,0.233152381,17.55977007,5.01E-69,1.89E-68
C3orf33,79.95962295,4.907744271,0.272707671,17.99635577,2.08E-72,8.24E-72
SLC33A1,61.97344606,4.50461144,0.229940597,19.59032678,1.87E-85,8.95E-85
KCNAB1,116.6395698,5.454875294,0.21683993,25.15623063,1.21E-139,1.13E-138
SSR3,20.65257075,1.898545055,0.240032118,7.909545905,2.58E-15,3.95E-15
TIPARP,2.740626466,-0.540839059,0.185280321,-2.919031315,0.003511209,0.004048358
CCNL1,653.2601449,7.789042283,0.16502294,47.19975461,0,0
VEPH1,45.59724466,3.885367678,0.24998495,15.54240639,1.79E-54,5.32E-54
PTX3,11.57670381,1.798697536,0.210629856,8.53961337,1.35E-17,2.13E-17
MLF1,23.02380094,2.976714544,0.249195981,11.9452751,6.87E-33,1.42E-32
GFM1,13.63379422,2.180094265,0.237079672,9.195618691,3.73E-20,6.21E-20
LXN,587.0789779,7.569142116,0.166350537,45.50115838,0,0
MFSD1,7.968794657,1.330708681,0.230745005,5.767009685,8.07E-09,1.08E-08
SCHIP1,2.197273708,-0.647785796,0.165138617,-3.922679066,8.76E-05,0.000106253
IFT80,10.26730915,1.760315493,0.239180218,7.359787148,1.84E-13,2.73E-13
SMC4,2.737479409,-0.709233564,0.17528544,-4.046163578,5.21E-05,6.35E-05
TRIM59,40.01611998,3.805780115,0.266389063,14.28654791,2.65E-46,6.87E-46
KPNA4,24.37761049,2.909946055,0.211324939,13.77000775,3.86E-43,9.44E-43
PPM1L,231.604265,6.425849187,0.186818966,34.39612872,2.88E-259,7.73E-258
B3GALNT1,43.87932705,4.013064412,0.250862011,15.99709897,1.34E-57,4.17E-57
NMD3,16.31724199,2.424851999,0.252121992,9.617772639,6.73E-22,1.16E-21
BCHE,15.01686225,2.458538944,0.240564936,10.21985573,1.62E-24,2.91E-24
PDCD10,31.16126852,3.285127969,0.265954628,12.35221207,4.74E-35,1.01E-34
GOLIM4,17.88289191,2.565585106,0.206908056,12.39963852,2.63E-35,5.63E-35
MECOM,13.09750808,2.106577714,0.234114777,8.998055303,2.30E-19,3.77E-19
MYNN,19.26484423,2.805388597,0.23002501,12.19601554,3.26E-34,6.86E-34
SEC62,664.4704325,7.598421589,0.168495016,45.09582397,0,0
PHC3,33.35734743,3.547978766,0.252397788,14.05709136,6.97E-45,1.76E-44
PRKCI,59.16348992,4.363697979,0.185222367,23.55923881,1.01E-122,7.67E-122
SKIL,562.1610551,7.554420669,0.175854432,42.95837511,0,0
CLDN11,50.45421369,4.206981759,0.263135738,15.98787676,1.55E-57,4.83E-57
SLC7A14,2.566233029,-0.387699376,0.162507854,-2.385727005,0.017045399,0.019117585
EIF5A2,6.770109034,1.152764198,0.224305636,5.139256497,2.76E-07,3.57E-07
TNIK,69.90237976,4.7120893,0.230584332,20.43542706,8.10E-93,4.28E-92
TMEM212,4.915568023,0.748757324,0.215927724,3.467629403,0.000525071,0.000622909
FNDC3B,16.13080631,2.080725679,0.241697948,8.608785029,7.38E-18,1.18E-17
NCEH1,309.5632469,6.73162184,0.191664231,35.12195151,3.12E-270,8.96E-269
ECT2,99.29233263,5.136434743,0.228121992,22.5161752,2.88E-112,1.95E-111
NLGN1,32.37247139,3.482948209,0.216197829,16.11000545,2.17E-58,6.85E-58
NAALADL2,9.287064215,1.488263111,0.181849217,8.184050153,2.74E-16,4.25E-16
TBL1XR1,7.214426691,1.122541796,0.227120465,4.942495147,7.71E-07,9.86E-07
LINC00501,26.37740789,3.289818706,0.246618782,13.33969246,1.36E-40,3.16E-40
ZMAT3,13.24519857,2.133352251,0.242462329,8.798695706,1.38E-18,2.23E-18
PIK3CA,6.702945442,1.121436268,0.225689969,4.968923838,6.73E-07,8.63E-07
ZNF639,33.84003105,3.579434173,0.238612018,15.00106408,7.23E-51,2.02E-50
MFN1,201.026399,6.156850736,0.151322346,40.68698967,0,0
GNB4,9.084793211,1.585553913,0.242149412,6.547833004,5.84E-11,8.22E-11
ACTL6A,45.90128331,3.96604657,0.240944652,16.46040508,7.06E-61,2.32E-60
MRPL47,21.09602571,2.568589604,0.232385178,11.0531559,2.12E-28,4.06E-28
NDUFB5,13.36197747,2.019550321,0.175513924,11.50649631,1.22E-30,2.44E-30
USP13,72.91081293,4.731054281,0.239366027,19.76493632,5.97E-87,2.93E-86
TTC14,14.94977032,2.319742453,0.233421708,9.93798937,2.85E-23,5.02E-23
CCDC39,34.73781391,3.693499817,0.244316242,15.11770068,1.24E-51,3.50E-51
FXR1,193.4162649,5.790827568,0.186290607,31.08491434,3.85E-212,7.10E-211
DNAJC19,14.61887726,2.163644258,0.245084292,8.828163738,1.06E-18,1.72E-18
SOX2-OT,239.2270897,6.472480971,0.194181668,33.33209067,1.32E-243,3.09E-242
SOX2,72.94617374,4.774025919,0.233950827,20.40610837,1.48E-92,7.78E-92
ATP11B,9.337555458,1.645221726,0.234275782,7.022585572,2.18E-12,3.16E-12
DCUN1D1,4.674700572,0.564372189,0.2033941,2.774771689,0.005524047,0.00631818
MCCC1,21.38670301,2.907482493,0.236619061,12.28760895,1.06E-34,2.24E-34
MCF2L2,15.34997904,2.478993548,0.245376412,10.10281929,5.37E-24,9.57E-24
KLHL6-AS1,73.06320407,4.77617125,0.239741174,19.92219846,2.61E-88,1.31E-87
KLHL24,4.542134048,0.563963169,0.207095871,2.723198518,0.00646532,0.007375364
YEATS2,4.97081808,0.691760102,0.21978855,3.147389173,0.001647355,0.001918913
PARL,24.55064035,3.084817287,0.210370439,14.66373938,1.10E-48,2.96E-48
ABCC5,48.45047763,4.104825809,0.259407935,15.82382516,2.13E-56,6.51E-56
EIF2B5,24.38278179,3.121013093,0.242643999,12.86251917,7.32E-38,1.63E-37
AP2M1,51.67124203,3.420064095,0.218039483,15.6855265,1.90E-55,5.72E-55
ABCF3,49.38822467,4.185179428,0.218914863,19.1178405,1.79E-81,8.13E-81
ALG3,5.908132138,0.816991637,0.223104579,3.661922315,0.00025033,0.000299921
ECE2,2.276333081,-0.583802373,0.175472293,-3.327034503,0.000877755,0.001032742
PSMD2,72.40532634,4.044102787,0.228632073,17.68825669,5.16E-70,1.97E-69
EIF4G1,25.32492582,2.922479389,0.216196883,13.51767587,1.23E-41,2.92E-41
FAM131A,17.01763509,2.645901132,0.238846278,11.07784116,1.61E-28,3.09E-28
POLR2H,15.00911972,2.125341187,0.217713516,9.76210035,1.64E-22,2.84E-22
EPHB3,80.83245816,4.922953958,0.206528529,23.83667764,1.39E-125,1.10E-124
MAGEF1,68.64280354,4.560161112,0.210197507,21.69464891,2.30E-104,1.43E-103
VPS8,168.9486691,5.884895847,0.245447104,23.97622853,4.92E-127,3.97E-126
C3orf70,6.251513647,1.124840612,0.225699154,4.983805166,6.23E-07,8.00E-07
EHHADH,1965.089273,9.513593928,0.167823704,56.68802274,0,0
MAP3K13,4.600542558,0.477910534,0.219319746,2.179058402,0.02932733,0.032520092
TMEM41A,9.065171223,1.681165512,0.241350562,6.965658158,3.27E-12,4.72E-12
IGF2BP2,11.96239571,1.890327705,0.243198506,7.772776798,7.68E-15,1.16E-14
TRA2B,9.090012929,1.535866433,0.243073635,6.318523318,2.64E-10,3.66E-10
ETV5,383.8923704,7.072599822,0.22303588,31.71059213,1.11E-220,2.20E-219
TBCCD1,2.095958362,-0.808355851,0.146981678,-5.499704859,3.80E-08,5.02E-08
EIF4A2,53.42046439,3.974234796,0.266108405,14.93464588,1.96E-50,5.45E-50
RFC4,49.45916195,4.019129917,0.252672892,15.9064547,5.72E-57,1.76E-56
ST6GAL1,6.686452308,1.236713203,0.220250287,5.615035593,1.97E-08,2.62E-08
RPL39L,42.18100456,3.863193345,0.232444958,16.61981993,5.01E-62,1.68E-61
MASP1,220.9192045,6.37945716,0.193934894,32.89483925,2.60E-237,5.72E-236
LPP,5.051198305,0.360034241,0.154875193,2.3246734,0.020089431,0.02247138
IL1RAP,28.14386304,3.355536024,0.224557687,14.94286865,1.73E-50,4.82E-50
UTS2B,4.433995654,0.592579049,0.210651595,2.813076494,0.004906998,0.005626042
CCDC50,3.277837688,-0.406398673,0.177505451,-2.28949968,0.022050336,0.024631828
FGF12,8.358721412,1.578483256,0.230446854,6.849662852,7.40E-12,1.06E-11
MB21D2,100.204447,5.182573473,0.219054201,23.6588637,9.57E-124,7.34E-123
OPA1,10.08692604,1.686535299,0.20609697,8.183212504,2.76E-16,4.28E-16
HES1,8.683694188,1.58055907,0.24021453,6.579781283,4.71E-11,6.64E-11
LINC00887,16.5130582,2.598920509,0.248434008,10.46121073,1.30E-25,2.39E-25
ATP13A3,5.933070635,0.754781665,0.210090136,3.59265637,0.000327324,0.000390628
TMEM44-AS1,72.24921598,4.739774319,0.229147645,20.68436841,4.79E-95,2.63E-94
TMEM44,1032.869031,8.552849091,0.162400101,52.66529412,0,0
XXYLT1,63.26151652,4.470558419,0.244374007,18.2939195,9.25E-75,3.78E-74
ACAP2,86.47005423,4.904443443,0.197604585,24.81948201,5.52E-136,4.99E-135
PPP1R2,147.2917383,5.571256414,0.181467565,30.70111413,5.50E-207,9.55E-206
MUC20,75.08170785,4.815738994,0.248395095,19.38741586,9.86E-84,4.63E-83
TNK2,51.97430425,4.27024164,0.26230389,16.27974956,1.37E-59,4.42E-59
TFRC,30.76375875,3.377876973,0.2673028,12.63689332,1.32E-36,2.89E-36
PCYT1A,88.05045587,4.912641728,0.237652546,20.67152996,6.25E-95,3.41E-94
TCTEX1D2,24.74473306,3.069852323,0.241427825,12.71540394,4.86E-37,1.07E-36
UBXN7,60.43260645,4.447299632,0.281757412,15.78414427,4.00E-56,1.22E-55
RNF168,60.02595315,4.364173291,0.219067566,19.92158572,2.64E-88,1.32E-87
WDR53,49.68813877,4.153350301,0.189907843,21.87034637,4.98E-106,3.16E-105
FBXO45,7.73400913,1.36980554,0.21414229,6.396707266,1.59E-10,2.21E-10
PIGX,10.28543701,1.848588452,0.241890875,7.642241358,2.13E-14,3.22E-14
PAK2,43.20911933,3.675324182,0.244538866,15.02961163,4.70E-51,1.32E-50
SENP5,23.93808707,2.998930032,0.236272143,12.69269409,6.49E-37,1.43E-36
NCBP2,12.41179001,1.937825701,0.229296324,8.451185212,2.88E-17,4.54E-17
DLG1,79.06438078,4.659484098,0.27007432,17.25259955,1.07E-66,3.87E-66
BDH1,12.70577434,2.195085119,0.249793263,8.787607373,1.53E-18,2.46E-18
AC024560.3,316.9049591,6.900999844,0.162700666,42.41531395,0,0
FYTTD1,322.7946587,6.755117543,0.152357511,44.33727935,0,0
LRCH3,7.957607869,1.435067266,0.222632758,6.445894469,1.15E-10,1.61E-10
AC055764.1,95.20295363,5.160391006,0.247474952,20.85217497,1.46E-96,8.20E-96
IQCG,26.11253199,3.199053681,0.202881707,15.76807354,5.16E-56,1.57E-55
LMLN,8.220255821,1.532446931,0.243402289,6.295942986,3.06E-10,4.23E-10
ZNF595,26.00431369,3.245564976,0.250362863,12.96344408,1.97E-38,4.43E-38
ZNF718,46.46494771,4.011891316,0.233323867,17.19451748,2.92E-66,1.05E-65
ZNF141,1.598600797,-1.394813414,0.136245102,-10.23753067,1.35E-24,2.43E-24
ZNF721,12.83169259,2.062693192,0.218145048,9.455604024,3.21E-21,5.45E-21
PIGG,18.99347484,2.761168438,0.241724605,11.42278599,3.22E-30,6.36E-30
PDE6B,45.89187595,4.099901258,0.25652751,15.98230636,1.70E-57,5.28E-57
MYL5,35.59826754,3.678021624,0.234825995,15.66275326,2.72E-55,8.17E-55
PCGF3,103.5089537,5.196978762,0.223324122,23.27101398,8.72E-120,6.42E-119
GAK,7.004678121,1.154791013,0.228925777,5.044390497,4.55E-07,5.86E-07
TMEM175,36.27082444,3.714169268,0.260267375,14.27059104,3.34E-46,8.62E-46
FGFRL1,11.40101398,1.960346886,0.242316406,8.090029553,5.97E-16,9.20E-16
CTBP1,177.8257017,5.843171763,0.225388983,25.92483308,3.50E-148,3.58E-147
MAEA,68.64538879,4.600670395,0.248583178,18.50756929,1.79E-76,7.54E-76
UVSSA,89.44782566,5.069910054,0.225759872,22.45709132,1.09E-111,7.33E-111
CRIPAK,4.860534154,0.736054696,0.213156401,3.453120299,0.000554142,0.000657038
SLBP,28.86860249,3.198399825,0.259120587,12.3432872,5.29E-35,1.13E-34
AC016773.1,28.84539347,3.410695987,0.250588056,13.61076835,3.46E-42,8.30E-42
TACC3,222.6523344,6.255355105,0.186568365,33.52848751,1.85E-246,4.45E-245
LETM1,10.13362968,1.79850746,0.20877331,8.614642643,7.02E-18,1.12E-17
NELFA,145.1461851,5.728448227,0.185533363,30.87556947,2.54E-209,4.51E-208
HAUS3,19.57288657,2.816938286,0.264886097,10.63452676,2.06E-26,3.83E-26
MXD4,6.912176292,1.050101425,0.225693866,4.652769012,3.28E-06,4.11E-06
RNF4,5.440695499,0.800456363,0.220614001,3.628311706,0.000285281,0.000341081
FAM193A,37.05281758,3.652504628,0.278595041,13.11044381,2.87E-39,6.51E-39
SH3BP2,141.7671224,5.716035258,0.210901924,27.10281225,9.12E-162,1.08E-160
ADD1,37.69453171,3.596649156,0.201330133,17.86443542,2.23E-71,8.68E-71
NOP14-AS1,8.227311992,1.546602176,0.234215144,6.603339784,4.02E-11,5.68E-11
NOP14,7.651121984,1.375391189,0.240213184,5.725710676,1.03E-08,1.38E-08
GRK4,33.43786742,3.614737262,0.21498785,16.81368159,1.94E-63,6.62E-63
HTT,21.94592286,2.933793008,0.246936461,11.88076075,1.49E-32,3.05E-32
RGS12,49.33223359,4.194827707,0.250188489,16.76666948,4.28E-63,1.45E-62
LRPAP1,39.84874004,3.562896669,0.205507653,17.33705101,2.47E-67,9.05E-67
TMEM128,14.90041986,2.426055242,0.2609122,9.298358781,1.43E-20,2.40E-20
LYAR,36.4186874,3.590056046,0.248337332,14.45636877,2.29E-47,6.03E-47
ZBTB49,61.46616071,4.524737445,0.175196587,25.82663011,4.45E-147,4.50E-146
NSG1,15.81704911,2.533497524,0.221928792,11.4158127,3.49E-30,6.88E-30
STX18,89.29998354,4.921463568,0.189561947,25.96229694,1.32E-148,1.36E-147
STX18-AS1,38.51755851,3.844979976,0.226186502,16.99915752,8.33E-65,2.92E-64
MSX1,11.32010458,1.92315105,0.25038614,7.680740834,1.58E-14,2.39E-14
EVC,9.618193495,1.751301564,0.249684991,7.014044212,2.32E-12,3.35E-12
CRMP1,4.995798426,0.768582729,0.22266991,3.451668572,0.000557132,0.000660439
WFS1,6.890539402,1.254739363,0.228432115,5.492832577,3.96E-08,5.22E-08
MAN2B2,13.02223367,2.203149616,0.258652442,8.517799388,1.63E-17,2.57E-17
MRFAP1,10.66646026,0.759482999,0.223096075,3.404286685,0.000663371,0.000783984
MRFAP1L1,14.30348931,2.33039635,0.228891103,10.18124479,2.40E-24,4.32E-24
BLOC1S4,8.650866142,1.431555236,0.225460626,6.349468903,2.16E-10,3.00E-10
KIAA0232,105.6798651,5.215312818,0.218502143,23.86847445,6.51E-126,5.19E-125
TBC1D14,2.31275178,-0.618353384,0.157308815,-3.930824768,8.47E-05,0.000102762
TADA2B,2.312438896,-0.670206365,0.138972707,-4.822575442,1.42E-06,1.80E-06
GRPEL1,4.675818547,0.29929413,0.142779538,2.096197637,0.036064663,0.039783877
AFAP1,28.18867353,3.281693105,0.216372784,15.16684793,5.86E-52,1.67E-51
ACOX3,16.19546845,2.525451128,0.229516071,11.00337384,3.68E-28,7.03E-28
WDR1,33.82092683,3.297700908,0.236688611,13.93265563,4.01E-44,9.98E-44
ZNF518B,23.01241869,3.078750587,0.223322735,13.78610463,3.09E-43,7.57E-43
HS3ST1,256.2691549,6.59407002,0.188916074,34.90475886,6.30E-267,1.79E-265
RAB28,5.435294121,0.817903063,0.225676896,3.624221522,0.000289833,0.000346334
BOD1L1,49.31892583,3.885459444,0.235821982,16.47623947,5.44E-61,1.79E-60
LINC00504,39.85762514,3.853608944,0.220250535,17.49647935,1.52E-68,5.69E-68
CPEB2,54.71609032,4.113198178,0.259980363,15.82118789,2.22E-56,6.79E-56
C1QTNF7,60.39331203,4.488687046,0.215751123,20.80493012,3.91E-96,2.18E-95
CC2D2A,5.0459531,0.628467072,0.215345471,2.918413238,0.003518178,0.004055532
FBXL5,202.9492976,6.102749411,0.21084342,28.94446224,3.29E-184,4.75E-183
PROM1,27.11961329,3.329379974,0.249260647,13.3570221,1.08E-40,2.51E-40
TAPT1,125.1035944,5.534953302,0.192727277,28.71909662,2.20E-181,3.13E-180
TAPT1-AS1,117.1108268,5.44925445,0.19157832,28.44400368,5.78E-178,7.99E-177
LDB2,68.87885221,4.574537764,0.229703463,19.91497081,3.02E-88,1.50E-87
QDPR,129.2333339,5.383522713,0.204017019,26.3876158,1.90E-153,2.05E-152
LAP3,40.53297854,3.792355995,0.223653625,16.95638065,1.73E-64,6.01E-64
MED28,96.48608694,5.025022579,0.165298098,30.39976046,5.53E-203,9.35E-202
DCAF16,2359.12489,9.767062829,0.150355904,64.95962292,0,0
NCAPG,24.8383231,3.055711217,0.251252513,12.16191307,4.96E-34,1.04E-33
LCORL,125.1143732,5.451229809,0.191923156,28.40318971,1.85E-177,2.54E-176
SLIT2,22.96231076,2.783589105,0.24595663,11.31739814,1.08E-29,2.10E-29
PACRGL,22.26163161,2.985478002,0.255401242,11.68936367,1.44E-31,2.92E-31
DHX15,30.07110106,3.347297662,0.250938514,13.33911489,1.37E-40,3.18E-40
LGI2,43.28231119,4.015254889,0.250158127,16.05086724,5.64E-58,1.77E-57
SEPSECS,6.19994473,1.09054489,0.217681056,5.009829102,5.45E-07,7.00E-07
PI4K2B,6.880760279,1.144526665,0.222439281,5.145344205,2.67E-07,3.46E-07
ZCCHC4,1275.997288,8.890502294,0.158500825,56.0912052,0,0
ANAPC4,22.45355105,2.976817464,0.25807052,11.53489932,8.80E-31,1.76E-30
SEL1L3,83.49487565,4.873220589,0.266596186,18.27940851,1.21E-74,4.92E-74
RBPJ,19.07060341,2.398871227,0.168518666,14.2350476,5.55E-46,1.43E-45
TBC1D19,7.0707553,1.205624641,0.230341347,5.234078269,1.66E-07,2.16E-07
STIM2,128.5086577,5.520092786,0.268523585,20.55719909,6.64E-94,3.56E-93
PCDH7,4.394632656,0.557770569,0.206836791,2.696669994,0.007003664,0.007984456
RELL1,64.70181803,4.523889319,0.246845613,18.32679648,5.06E-75,2.08E-74
PGM2,149.2335754,5.716254173,0.243366698,23.48823493,5.38E-122,4.07E-121
TBC1D1,1161.37099,8.611688724,0.146600593,58.7425233,0,0
KLF3,38.16950176,3.746155159,0.258344444,14.5006221,1.20E-47,3.18E-47
FAM114A1,16.87323906,2.172123834,0.226681803,9.582259404,9.49E-22,1.63E-21
KLHL5,5.682268383,0.790969379,0.218149494,3.625813501,0.000288053,0.000344283
WDR19,147.2404764,5.781437517,0.242703059,23.8210328,2.02E-125,1.59E-124
RFC1,6.336777068,0.92024762,0.223804679,4.111833692,3.93E-05,4.80E-05
RPL9,54.75417103,1.452755298,0.198740255,7.30981902,2.68E-13,3.95E-13
LIAS,82.62435966,4.912440683,0.239326114,20.5261373,1.26E-93,6.73E-93
UGDH,123.5612443,4.865543936,0.138112919,35.22873873,7.26E-272,2.11E-270
UGDH-AS1,287.815432,6.739874004,0.214458127,31.42745908,8.53E-217,1.63E-215
SMIM14,39.36034496,3.496825887,0.24002475,14.5686055,4.45E-48,1.19E-47
UBE2K,58.30130092,3.965851754,0.18123221,21.88270923,3.80E-106,2.41E-105
PDS5A,42.44241519,3.782893943,0.231038422,16.37344084,2.96E-60,9.63E-60
N4BP2,1.788259931,-1.156348727,0.154133143,-7.502271772,6.27E-14,9.37E-14
APBB2,28.86476695,3.138192861,0.245163205,12.80042355,1.63E-37,3.60E-37
UCHL1,4.331372125,-0.799977661,0.135810791,-5.890383635,3.85E-09,5.21E-09
LIMCH1,34.42943295,3.627106609,0.26599813,13.63583499,2.45E-42,5.90E-42
TMEM33,27.38478362,3.138699002,0.199613204,15.72390471,1.04E-55,3.13E-55
SLC30A9,9.636186721,1.659813577,0.246365512,6.737199394,1.61E-11,2.30E-11
SHISA3,12.07275635,2.130205588,0.232595139,9.158426924,5.27E-20,8.74E-20
ATP8A1,79.20841747,4.882382998,0.182076882,26.81495283,2.16E-158,2.47E-157
GUF1,32.80159322,3.534164415,0.208989903,16.91069455,3.75E-64,1.30E-63
GNPDA2,7.458494844,1.293101396,0.239543384,5.398192905,6.73E-08,8.83E-08
COMMD8,37.28391589,3.682403199,0.238074076,15.46746819,5.75E-54,1.69E-53
ATP10D,103.4247031,5.236643461,0.264400053,19.80575798,2.66E-87,1.31E-86
NFXL1,53.15611763,4.280124124,0.261272588,16.38183384,2.58E-60,8.40E-60
SLAIN2,45.99893876,3.96804374,0.223132745,17.78333223,9.52E-71,3.67E-70
FRYL,29.12875665,3.308459345,0.245722263,13.464223,2.54E-41,5.98E-41
OCIAD1,20.71052856,2.673084832,0.251285257,10.63765088,1.99E-26,3.70E-26
OCIAD2,27.43771052,3.157441947,0.237407818,13.29965448,2.33E-40,5.38E-40
DCUN1D4,172.3962465,5.967329123,0.21974976,27.15511097,2.20E-162,2.62E-161
SGCB,51.38165357,4.025051537,0.211087063,19.06820566,4.64E-81,2.09E-80
USP46,2.328235828,-0.524360597,0.179393524,-2.922962795,0.003467179,0.003998441
DANCR,20.86834916,2.716334397,0.243862901,11.13877671,8.12E-29,1.57E-28
RASL11B,7.005810806,1.301355689,0.234703817,5.544672037,2.95E-08,3.90E-08
SCFD2,35.95841349,3.169540304,0.247448311,12.80889849,1.46E-37,3.23E-37
FIP1L1,7.434702703,1.145505773,0.240106904,4.770815633,1.83E-06,2.32E-06
LNX1,9.17501416,1.663022211,0.195287709,8.515754644,1.66E-17,2.62E-17
CHIC2,43.24443889,3.684912261,0.245656285,15.00027678,7.31E-51,2.04E-50
KIT,39.5988483,3.884535557,0.255673126,15.1933667,3.91E-52,1.12E-51
SRD5A3,5.895129742,1.001312961,0.224867778,4.452896593,8.47E-06,1.05E-05
TMEM165,39.19443417,3.589525033,0.258858497,13.866746,1.01E-43,2.49E-43
CLOCK,90.38796975,4.931675887,0.236359703,20.86512982,1.11E-96,6.26E-96
NMU,44.59086315,4.058313416,0.258065789,15.7258869,1.01E-55,3.04E-55
EXOC1,1731.623593,9.27835875,0.168525523,55.05610421,0,0
CEP135,230.2399981,6.373598544,0.146170283,43.60392841,0,0
KIAA1211,35.78424184,3.715650828,0.212198237,17.5102813,1.20E-68,4.48E-68
AASDH,133.2429624,5.581829874,0.219091745,25.47713464,3.53E-143,3.43E-142
PPAT,17.35041109,2.596103284,0.240843917,10.77919392,4.32E-27,8.12E-27
PAICS,5.805068752,0.661486638,0.216178378,3.059911185,0.002214026,0.002568535
ARL9,26.84758798,3.316568253,0.259997986,12.75613056,2.88E-37,6.35E-37
REST,14.12727137,2.271495929,0.234732931,9.676937618,3.78E-22,6.53E-22
POLR2B,56.12484079,4.256710805,0.231382121,18.39688732,1.39E-75,5.76E-75
CENPC,6.67462489,1.179847938,0.225789573,5.225431451,1.74E-07,2.26E-07
UBA6,32.84202926,3.485214685,0.260249051,13.39184396,6.75E-41,1.58E-40
YTHDC1,53.90756528,4.159923022,0.238062215,17.47410029,2.26E-68,8.41E-68
UGT2B7,216.9419317,6.352906781,0.209700255,30.29517905,1.33E-201,2.22E-200
SULT1B1,12.73200603,2.21171831,0.243145932,9.096258739,9.35E-20,1.55E-19
UTP3,7.110220726,1.048754356,0.226556997,4.629097169,3.67E-06,4.61E-06
RUFY3,24.42708621,3.029921362,0.264531019,11.45393601,2.25E-30,4.45E-30
GRSF1,11.68928001,1.918685099,0.212132266,9.044758414,1.50E-19,2.47E-19
MOB1B,21.47547717,2.899497946,0.249310958,11.63004617,2.90E-31,5.83E-31
DCK,81.47556018,4.779425549,0.195078561,24.50000408,1.48E-132,1.27E-131
ADAMTS3,6.356535257,1.140050279,0.230855592,4.938369788,7.88E-07,1.01E-06
COX18,35.63860244,3.698406653,0.24433169,15.13682755,9.26E-52,2.63E-51
ANKRD17,92.90571783,4.799804926,0.21640468,22.17976492,5.39E-109,3.53E-108
MTHFD2L,70.79092631,4.626372132,0.238302807,19.41383814,5.90E-84,2.78E-83
PARM1,8.785745382,1.64775673,0.240749552,6.844277464,7.69E-12,1.10E-11
RCHY1,13.42753338,2.228673536,0.241201498,9.239882638,2.47E-20,4.13E-20
THAP6,76.48177967,4.758873714,0.230729831,20.62530754,1.63E-94,8.81E-94
CDKL2,34.05847545,3.664574083,0.232439141,15.76573575,5.35E-56,1.63E-55
G3BP2,31.39366606,3.239149404,0.257533149,12.57760182,2.80E-36,6.09E-36
USO1,28.67440878,3.233560166,0.223050028,14.49701756,1.27E-47,3.35E-47
NAAA,5.228850997,0.774068456,0.192159682,4.028256342,5.62E-05,6.85E-05
SDAD1,20.70399374,2.825646352,0.151941327,18.59695715,3.40E-77,1.45E-76
NUP54,1422.46103,8.90653932,0.158254117,56.27998496,0,0
SCARB2,22.33053164,2.889207639,0.240265661,12.02505437,2.62E-33,5.44E-33
FAM47E,67.47731155,4.66157135,0.210660374,22.12837312,1.69E-108,1.10E-107
SHROOM3,38.7882621,3.842808386,0.268470135,14.31372764,1.80E-46,4.67E-46
SOWAHB,36.686961,3.773472984,0.24836684,15.19314326,3.93E-52,1.12E-51
CCNI,98.15469652,4.698518342,0.200455481,23.43921119,1.70E-121,1.28E-120
CCNG2,8.102679702,1.48657461,0.233514924,6.366079672,1.94E-10,2.70E-10
CNOT6L,15.91207669,2.475320151,0.240342958,10.2991166,7.11E-25,1.29E-24
MRPL1,6.831828831,0.981646848,0.213898413,4.589313385,4.45E-06,5.57E-06
FRAS1,15.23787567,2.482412227,0.248713162,9.981024743,1.85E-23,3.27E-23
BMP2K,36.91134794,3.686181008,0.274805599,13.41377696,5.02E-41,1.18E-40
PAQR3,123.3574419,5.50468434,0.224121296,24.56118381,3.28E-133,2.87E-132
LINC01088,7.375106691,1.392151362,0.240557475,5.787188127,7.16E-09,9.63E-09
ANTXR2,15.80665233,2.258671818,0.234810144,9.619140707,6.64E-22,1.14E-21
PRDM8,4.504461153,0.573116902,0.213369668,2.686027994,0.007230703,0.008238105
FGF5,132.9738146,5.307034152,0.170181229,31.18460356,1.72E-213,3.20E-212
HNRNPD,301.2525522,6.364049129,0.162343373,39.20116357,0,0
ENOPH1,71.90118807,4.680068837,0.274005967,17.08017122,2.09E-65,7.39E-65
TMEM150C,8.263723591,1.567584663,0.235814126,6.6475435,2.98E-11,4.22E-11
SCD5,5.792698024,0.997125779,0.223483976,4.461732779,8.13E-06,1.01E-05
SEC31A,36.0905242,3.177995019,0.232910875,13.64468285,2.17E-42,5.24E-42
THAP9-AS1,24.56667381,3.153612407,0.218173954,14.45457787,2.35E-47,6.18E-47
THAP9,34.25969435,3.673991918,0.264435959,13.89369256,6.92E-44,1.71E-43
LIN54,9.113679123,1.627842551,0.209836449,7.757672969,8.65E-15,1.31E-14
COQ2,10.86635903,1.931412333,0.231403495,8.346513223,7.03E-17,1.10E-16
HPSE,4.483054928,0.590792122,0.212494112,2.780275262,0.005431284,0.006212735
MRPS18C,13.66134763,1.859349333,0.243434696,7.63797997,2.21E-14,3.32E-14
NKX6-1,21.87329785,3.014575234,0.250601322,12.02936687,2.49E-33,5.17E-33
WDFY3,57.23279693,4.302358832,0.155549617,27.65907699,2.17E-168,2.76E-167
MAPK10,28.28652943,3.392299351,0.249987334,13.56988493,6.04E-42,1.44E-41
PTPN13,109.4083758,5.21750633,0.214347189,24.34137976,7.15E-131,6.05E-130
C4orf36,5.854683988,1.013186841,0.218537513,4.636214741,3.55E-06,4.45E-06
AFF1,128.9918178,5.444622712,0.19705454,27.63002934,4.85E-168,6.14E-167
KLHL8,49.71706047,4.175121743,0.250132841,16.69161764,1.51E-62,5.08E-62
HSD17B13,19.48456715,2.843975426,0.243582416,11.67561878,1.70E-31,3.42E-31
HSD17B11,40.18556685,3.831597192,0.258801065,14.80518324,1.36E-49,3.71E-49
NUDT9,5.040837956,0.735784274,0.220239369,3.340839007,0.000835256,0.000983698
PKD2,9.047799442,1.597387594,0.218686904,7.30445017,2.78E-13,4.11E-13
ABCG2,28.59913212,3.408875663,0.269967797,12.62697146,1.50E-36,3.27E-36
PPM1K,31.95455751,3.537656576,0.257094537,13.76013906,4.43E-43,1.08E-42
HERC5,4.657240574,0.673404995,0.215604283,3.123337736,0.001788124,0.002079989
PYURF,19.89372276,2.472046128,0.23061222,10.71949322,8.25E-27,1.54E-26
HERC3,76.36033716,4.755314398,0.24519872,19.39371626,8.72E-84,4.10E-83
NAP1L5,583.293087,7.750262436,0.17453401,44.4054568,0,0
FAM13A-AS1,45.70862652,4.083061779,0.254300377,16.05605868,5.18E-58,1.63E-57
FAM13A,9.6683628,1.717623686,0.217482832,7.897743777,2.84E-15,4.34E-15
TIGD2,197.5976022,6.207371219,0.200936073,30.89226907,1.52E-209,2.71E-208
GPRIN3,63.21937807,4.566443612,0.261442996,17.4663069,2.59E-68,9.62E-68
SNCA,54.93517568,4.36125355,0.207763305,20.99145249,7.85E-98,4.51E-97
MMRN1,25.07424785,3.215781769,0.247416771,12.99742839,1.27E-38,2.85E-38
CCSER1,111.8222998,5.393825886,0.196128804,27.50144688,1.69E-166,2.10E-165
GRID2,195.6113729,6.20320029,0.232135218,26.72235755,2.59E-157,2.93E-156
SMARCAD1,95.16562444,5.053724966,0.198988195,25.39710946,2.71E-142,2.62E-141
PDLIM5,8.395923695,0.73960772,0.217403365,3.402006772,0.00066893,0.000790382
BMPR1B,457.9273792,7.256883879,0.203540165,35.65332603,2.09E-278,6.44E-277
UNC5C,68.0284011,4.50581903,0.187619287,24.0157561,1.90E-127,1.55E-126
RAP1GDS1,265.7141673,6.431514986,0.194637475,33.04355947,1.92E-239,4.32E-238
TSPAN5,85.66681797,4.6663445,0.21955563,21.25358613,3.05E-100,1.80E-99
EIF4E,5.080217272,0.477157486,0.216339121,2.205599629,0.027412045,0.030449111
METAP1,45.96744189,3.947358353,0.24882926,15.8637226,1.13E-56,3.47E-56
ADH5,19.66872441,2.347900359,0.211016252,11.12663283,9.31E-29,1.79E-28
ADH6,23.33870561,3.108892359,0.244194432,12.7312172,3.97E-37,8.73E-37
TRMT10A,41.31137781,3.914478366,0.224175942,17.46163454,2.81E-68,1.04E-67
MTTP,57.48524032,4.427943678,0.22414644,19.75469107,7.31E-87,3.58E-86
LAMTOR3,93.76056767,5.075563683,0.238109402,21.3160994,8.05E-101,4.80E-100
DNAJB14,52.70381782,4.165354143,0.198357816,20.99919344,6.67E-98,3.84E-97
H2AFZ,14.47787079,0.966913421,0.208347629,4.640865965,3.47E-06,4.36E-06
PPP3CA,8.959998282,1.275861758,0.239078639,5.336577802,9.47E-08,1.24E-07
SLC39A8,441.5218669,7.357733284,0.194882509,37.75471351,0,0
NFKB1,8.987739278,1.607631413,0.23673022,6.790985177,1.11E-11,1.59E-11
MANBA,29.25883689,3.397192311,0.23437214,14.49486406,1.31E-47,3.45E-47
UBE2D3,155.3138935,5.282712196,0.249976828,21.13280752,3.97E-99,2.31E-98
SLC9B2,1219.178966,8.782692797,0.171471655,51.21950211,0,0
BDH2,17.86774691,2.662219326,0.2456603,10.83699451,2.30E-27,4.34E-27
CENPE,129.3117373,5.467533581,0.195015006,28.03647624,5.84E-173,7.65E-172
CXXC4,55.41495239,4.374668051,0.250738796,17.4471128,3.62E-68,1.34E-67
TET2,103.9731795,5.244383503,0.2025005,25.89812613,6.99E-148,7.13E-147
PPA2,47.59423351,4.018745011,0.246679222,16.29138026,1.14E-59,3.66E-59
INTS12,12.63257406,2.14056439,0.247113364,8.662276915,4.62E-18,7.39E-18
GSTCD,44.50413376,3.990984629,0.230516929,17.31319536,3.74E-67,1.36E-66
TBCK,57.64848618,4.314341123,0.213357696,20.22116475,6.38E-91,3.29E-90
AIMP1,4.896642011,0.474604466,0.209340702,2.267138983,0.023381737,0.02607354
PAPSS1,27.0373244,3.221259945,0.233499374,13.79558279,2.71E-43,6.64E-43
CYP2U1,35.44223117,3.722897247,0.279614852,13.31437591,1.91E-40,4.42E-40
HADH,50.98086373,4.176849655,0.227371568,18.37014932,2.28E-75,9.40E-75
LEF1,526.2955607,7.633885603,0.153238167,49.81712945,0,0
RPL34,130.6428488,2.899103817,0.175341202,16.53407066,2.09E-61,6.93E-61
OSTC,68.81656377,3.923740812,0.220832826,17.76792376,1.25E-70,4.82E-70
COL25A1,14.59532132,2.4031953,0.258473969,9.297629883,1.44E-20,2.41E-20
SEC24B-AS1,92.51568094,5.107973452,0.204935756,24.92475476,4.01E-137,3.67E-136
SEC24B,68.2575316,4.581866419,0.219484615,20.87556985,8.93E-97,5.04E-96
CASP6,15.93829389,2.46960632,0.246197468,10.03099803,1.11E-23,1.98E-23
PLA2G12A,13.26844841,2.14326657,0.233247342,9.188814556,3.97E-20,6.61E-20
GAR1,32.58081988,3.445223792,0.243469544,14.15053292,1.85E-45,4.72E-45
EGF,15.41004386,2.496564936,0.250713704,9.957831966,2.33E-23,4.12E-23
ELOVL6,18.43579155,2.571132903,0.23577444,10.9050536,1.09E-27,2.07E-27
ENPEP,39.54926888,3.883278472,0.254342901,15.26788621,1.25E-52,3.60E-52
AP1AR,71.46556969,4.712689331,0.20110293,23.43421514,1.92E-121,1.44E-120
TIFA,6.218258477,1.100255014,0.220597018,4.987624138,6.11E-07,7.84E-07
LARP7,85.36760146,4.745279904,0.187381053,25.3242248,1.73E-141,1.66E-140
ANK2,305.2138621,6.792385628,0.173458354,39.15859605,0,0
CAMK2D,110.5107428,4.728470218,0.219369659,21.55480496,4.77E-103,2.93E-102
UGT8,123.4141593,5.536777741,0.218770657,25.30859399,2.57E-141,2.46E-140
NDST4,76.68769803,4.846324097,0.188063462,25.76962078,1.94E-146,1.95E-145
NDST3,11.70964039,2.087335454,0.244767703,8.527822219,1.49E-17,2.36E-17
SNHG8,18.7266894,2.167363361,0.226548304,9.566892884,1.10E-21,1.89E-21
PRSS12,51.405041,4.265472158,0.199772451,21.35165348,3.76E-101,2.26E-100
METTL14,16.42942229,2.556665865,0.244331121,10.46393869,1.26E-25,2.32E-25
SEC24D,2.435361978,-0.938507108,0.17335247,-5.413866377,6.17E-08,8.10E-08
SYNPO2,52.14225471,4.285579165,0.273041909,15.6956827,1.62E-55,4.88E-55
USP53,2.242797781,-0.699638292,0.175860761,-3.978364969,6.94E-05,8.45E-05
C4orf3,7.86164024,0.704323682,0.204069249,3.451395473,0.000557696,0.000660892
PDE5A,16.34050129,2.529265969,0.252629469,10.01176139,1.35E-23,2.40E-23
MAD2L1,4.875876567,0.497091648,0.218707277,2.272862865,0.023034445,0.025704728
PRDM5,78.90549696,4.792887051,0.206707456,23.18681261,6.19E-119,4.50E-118
NDNF,19.94700998,2.878644167,0.24745741,11.63288733,2.80E-31,5.65E-31
ANXA5,25.73440115,1.10876905,0.195013746,5.685594352,1.30E-08,1.74E-08
EXOSC9,59.73442344,4.389963004,0.216805369,20.24840542,3.67E-91,1.90E-90
CCNA2,103.5010829,5.197485461,0.193647022,26.83999679,1.10E-158,1.26E-157
BBS7,6.805245008,1.204957667,0.226529883,5.319199608,1.04E-07,1.36E-07
TRPC3,25.21777188,3.222704603,0.238934496,13.48781634,1.84E-41,4.36E-41
KIAA1109,39.61076932,3.749547065,0.255107698,14.69789855,6.65E-49,1.80E-48
BBS12,26.4867753,3.296098953,0.229103642,14.38693388,6.25E-47,1.64E-46
FGF2,31.41062454,3.111420382,0.209362016,14.86143684,5.87E-50,1.61E-49
NUDT6,8.241812335,1.540641016,0.23257408,6.62430232,3.49E-11,4.93E-11
SPATA5,85.58139904,4.800886771,0.208683643,23.00557294,4.10E-117,2.93E-116
SPRY1,22.62572797,3.062421458,0.229871269,13.32233239,1.72E-40,3.98E-40
ANKRD50,107.5717947,5.263022372,0.208880693,25.19630844,4.40E-140,4.15E-139
FAT4,90.25300779,5.083089893,0.223763792,22.71631997,3.09E-114,2.14E-113
INTU,37.01004551,3.77596701,0.240558483,15.69666951,1.59E-55,4.81E-55
HSPA4L,68.55819512,4.661647216,0.216469383,21.53490324,7.33E-103,4.49E-102
PLK4,117.2558549,5.429594239,0.23345662,23.2574011,1.20E-119,8.79E-119
MFSD8,67.68945411,4.632543813,0.199516722,23.21882482,2.94E-119,2.15E-118
LARP1B,81.92249567,4.827339759,0.221596879,21.784331,3.27E-105,2.05E-104
PGRMC2,46.92663748,3.91943242,0.231118218,16.95856107,1.66E-64,5.80E-64
SCLT1,23.69129077,2.953361072,0.255968674,11.53797857,8.49E-31,1.70E-30
C4orf33,74.82143797,4.789307673,0.24638998,19.43791575,3.69E-84,1.75E-83
PCDH10,34.82473581,3.685155086,0.216106743,17.05247621,3.35E-65,1.18E-64
PCDH18,474.3391642,7.471848788,0.286307822,26.09725696,3.92E-150,4.10E-149
SLC7A11,9.224932131,1.569274608,0.245841184,6.383286086,1.73E-10,2.41E-10
ELF2,29.08152405,3.295872976,0.268506401,12.27483951,1.24E-34,2.62E-34
NDUFC1,88.95389823,4.737998732,0.233606708,20.28194638,1.86E-91,9.64E-91
NAA15,8.331879444,1.510541998,0.187151953,8.071206182,6.96E-16,1.07E-15
RAB33B,41.91089027,3.933099465,0.242115666,16.24471279,2.43E-59,7.81E-59
SETD7,55.33124351,4.247773668,0.22853855,18.58668335,4.12E-77,1.75E-76
MGST2,88.39481922,5.042422557,0.236220365,21.34626518,4.22E-101,2.53E-100
MAML3,17.49267979,2.638499509,0.199948054,13.19592492,9.26E-40,2.12E-39
SCOC,80.16240316,4.542894861,0.207206705,21.92445875,1.52E-106,9.70E-106
CLGN,5.255171444,0.830940297,0.199075379,4.173998316,2.99E-05,3.67E-05
ELMOD2,77.75065254,4.835103643,0.262421899,18.42492437,8.29E-76,3.44E-75
TBC1D9,143.8002051,5.746826554,0.154224766,37.26266997,6.61E-304,2.39E-302
RNF150,7.955712331,1.504056222,0.234109753,6.42457737,1.32E-10,1.85E-10
ZNF330,46.72402775,3.97029806,0.231501311,17.15021847,6.26E-66,2.24E-65
USP38,116.6749384,5.393157432,0.199417124,27.04460537,4.42E-161,5.18E-160
GAB1,62.03467028,4.51643713,0.247118171,18.27642669,1.28E-74,5.20E-74
SMARCA5,135.5715525,5.527747999,0.204933736,26.97334325,3.04E-160,3.53E-159
HHIP,17.51374489,2.447143402,0.210803805,11.60863015,3.73E-31,7.48E-31
ANAPC10,26.41444297,3.176300662,0.245376992,12.94457412,2.52E-38,5.64E-38
ABCE1,14.77385398,2.092041143,0.233700717,8.951796017,3.50E-19,5.71E-19
OTUD4,13.11986159,2.156076424,0.240637132,8.959865869,3.25E-19,5.31E-19
SMAD1,93.66449411,5.071990893,0.22524464,22.51769855,2.78E-112,1.89E-111
MMAA,260.0038273,6.614700409,0.205551299,32.18028995,3.33E-227,6.86E-226
ZNF827,29.22597158,3.353148029,0.255190132,13.13980286,1.95E-39,4.43E-39
LSM6,35.25878427,3.524973982,0.28176235,12.51045069,6.55E-36,1.42E-35
SLC10A7,43.89690213,3.970954164,0.256792045,15.46369619,6.10E-54,1.79E-53
TMEM184C,12.50106583,2.163352672,0.250109426,8.649624709,5.17E-18,8.26E-18
DCLK2,9.244466494,1.638368481,0.227536164,7.200475084,6.00E-13,8.81E-13
LRBA,158.8592926,5.726874538,0.226318444,25.3044977,2.85E-141,2.72E-140
RPS3A,5.084189795,-3.997271699,0.116455948,-34.32432417,3.40E-258,9.02E-257
SH3D19,2.403070916,-0.799569412,0.162757226,-4.912650787,8.99E-07,1.15E-06
FBXW7,18.98635214,2.71931597,0.256636723,10.59597372,3.11E-26,5.77E-26
TMEM154,6.133870155,1.087315525,0.218247834,4.982022064,6.29E-07,8.07E-07
TIGD4,4.244796835,0.524309236,0.217290746,2.412938629,0.015824484,0.01776291
ARFIP1,5.388844873,0.789482286,0.209188932,3.77401557,0.000160641,0.00019351
FHDC1,38.42299672,3.841388124,0.198966258,19.30673157,4.71E-83,2.20E-82
TRIM2,7.211209966,1.313073453,0.227772558,5.764844821,8.17E-09,1.10E-08
MND1,34.2580316,3.588965755,0.26643607,13.47026982,2.34E-41,5.52E-41
RNF175,181.4517587,6.09448848,0.205039801,29.72344126,3.82E-194,5.94E-193
SFRP2,167.1545506,5.975420911,0.230217804,25.95551177,1.58E-148,1.62E-147
DCHS2,86.11593432,5.015466277,0.215377189,23.28689634,6.02E-120,4.44E-119
PLRG1,17.78811877,2.569077395,0.262978046,9.769170592,1.53E-22,2.66E-22
MAP9,2.272401846,-0.635591794,0.164936195,-3.853561633,0.000116412,0.000140824
PDGFC,22.015409,2.695123121,0.236995063,11.3720644,5.76E-30,1.13E-29
GLRB,154.4682664,5.828842389,0.184992697,31.50849989,6.64E-218,1.29E-216
GRIA2,45.03535832,4.07285344,0.25553806,15.93834375,3.43E-57,1.06E-56
TMEM144,64.69929012,4.599243961,0.262416591,17.52649841,8.99E-69,3.37E-68
C4orf46,66.20786254,4.538067188,0.244851512,18.53395613,1.10E-76,4.64E-76
ETFDH,111.0710596,5.351636531,0.204921722,26.1155161,2.43E-150,2.56E-149
PPID,707.0261973,7.887492874,0.175353124,44.98062351,0,0
FNIP2,111.4215275,5.323852853,0.22335728,23.83559141,1.43E-125,1.13E-124
RAPGEF2,31.81946379,3.4707018,0.223049672,15.56021925,1.36E-54,4.03E-54
NAF1,100.0941281,5.19026253,0.181793891,28.55025819,2.79E-179,3.91E-178
TMA16,15.59358295,2.365710672,0.235058824,10.06433468,7.94E-24,1.41E-23
1-Mar,139.5855885,5.68233336,0.221267151,25.68087189,1.91E-145,1.91E-144
TRIM60,112.7956384,5.406451385,0.162461517,33.27835095,7.94E-243,1.84E-241
TMEM192,26.60225818,3.226463576,0.267595124,12.05725849,1.78E-33,3.69E-33
KLHL2,48.04581588,4.143812737,0.182165073,22.74756995,1.52E-114,1.05E-113
MSMO1,291.8776074,6.751041912,0.209293219,32.25638146,2.86E-228,5.94E-227
CPE,128.7065059,5.575836292,0.260434116,21.40977675,1.08E-101,6.57E-101
DDX60,31.35751388,3.533645482,0.266589273,13.25501751,4.22E-40,9.72E-40
PALLD,2.770956402,-0.480102411,0.179849673,-2.669465026,0.007597218,0.008644809
CBR4,155.0354317,5.732763621,0.233587494,24.54225406,5.23E-133,4.55E-132
SH3RF1,58.0156507,4.125525319,0.232345819,17.75596966,1.55E-70,5.96E-70
NEK1,28.48882349,3.246717758,0.235795765,13.76919453,3.91E-43,9.53E-43
CLCN3,287.5246537,6.707574135,0.165463192,40.5381648,0,0
AADAT,6.086804269,1.083191858,0.228252876,4.745578133,2.08E-06,2.62E-06
GALNT7,29.13668561,3.347614054,0.24503043,13.66203396,1.71E-42,4.13E-42
HMGB2,73.92754647,4.483426726,0.210935725,21.25494263,2.97E-100,1.75E-99
SAP30,47.38077408,4.094460864,0.253794921,16.13295034,1.50E-58,4.74E-58
SCRG1,8.692411286,1.225919141,0.225272199,5.441945988,5.27E-08,6.93E-08
HAND2-AS1,10.69484911,1.946555604,0.245789852,7.919593052,2.38E-15,3.65E-15
FBXO8,47.66968842,4.12355184,0.251077272,16.42343735,1.30E-60,4.26E-60
CEP44,24.00687395,3.131339545,0.257967137,12.13852115,6.60E-34,1.38E-33
GPM6A,4.456802474,0.581196457,0.210581534,2.759959266,0.005780857,0.006605652
WDR17,6.637398045,1.211525348,0.240299642,5.041727643,4.61E-07,5.94E-07
SPCS3,7.402539861,1.057073438,0.225921077,4.678950066,2.88E-06,3.63E-06
NEIL3,50.64151056,4.189500804,0.225131919,18.60909294,2.71E-77,1.16E-76
AGA,63.8134119,4.558926976,0.245762749,18.55011386,8.14E-77,3.45E-76
TENM3,42.71518633,3.686938289,0.240748879,15.3144567,6.12E-53,1.77E-52
DCTD,19.35768887,2.616607249,0.229588027,11.39696734,4.33E-30,8.53E-30
WWC2,103.8660003,5.160540329,0.192174659,26.85338621,7.70E-159,8.84E-158
WWC2-AS1,20.88404413,2.947552676,0.239048007,12.33037963,6.22E-35,1.32E-34
CDKN2AIP,72.26299309,4.728459453,0.225648268,20.95500003,1.69E-97,9.67E-97
ING2,64.80495846,4.486906111,0.240868793,18.62800927,1.90E-77,8.14E-77
RWDD4,1.866831566,-1.205033421,0.143496301,-8.397661932,4.55E-17,7.15E-17
STOX2,145.2770616,5.773534449,0.174085694,33.1648989,3.45E-241,7.87E-240
IRF2,18.29847481,2.643575464,0.235822032,11.21004447,3.64E-29,7.07E-29
PRIMPOL,12.58250948,2.141783225,0.25347245,8.449767305,2.92E-17,4.59E-17
ACSL1,10.62986463,1.877420022,0.199779335,9.397468588,5.59E-21,9.44E-21
SLC25A4,5.30845304,0.727417101,0.202473706,3.592649717,0.000327332,0.000390628
SNX25,7.544663543,1.346797609,0.235969367,5.707510381,1.15E-08,1.53E-08
LRP2BP,119.1638252,5.463889597,0.209910475,26.02961857,2.29E-149,2.38E-148
UFSP2,32.76935117,3.504507385,0.233171662,15.02973115,4.69E-51,1.32E-50
C4orf47,294.6622075,6.773652191,0.199435348,33.96415059,7.54E-253,1.88E-251
PDLIM3,5.638362378,0.911872026,0.202131126,4.5112895,6.44E-06,8.03E-06
SORBS2,14.59785383,2.235480918,0.24523782,9.115563491,7.83E-20,1.30E-19
TLR3,4.64877971,0.660394729,0.193937257,3.405197838,0.000661161,0.000781542
FAM149A,5.178958451,0.810090271,0.23102622,3.506486285,0.000454065,0.000539615
CYP4V2,182.3287069,6.090755582,0.196382922,31.01469066,3.42E-211,6.23E-210
FAT1,33.05680967,3.184501364,0.213826452,14.89292521,3.66E-50,1.01E-49
FRG1,70.49472753,4.569958907,0.252798173,18.07749975,4.79E-73,1.92E-72
PLEKHG4B,51.84274157,4.277887307,0.212387423,20.14190505,3.17E-90,1.62E-89
CCDC127,6.281857574,1.089226964,0.23382707,4.658258618,3.19E-06,4.01E-06
SDHA,30.96735489,3.330490724,0.193936768,17.17307528,4.22E-66,1.51E-65
PDCD6,54.33959291,3.880154954,0.233216482,16.63756749,3.72E-62,1.25E-61
EXOC3,35.01434001,3.609554671,0.262192204,13.76682682,4.04E-43,9.85E-43
CEP72,45.08320157,4.051445217,0.2287523,17.71105785,3.45E-70,1.32E-69
ZDHHC11B,66.23362547,4.633968284,0.237582047,19.50470732,1.00E-84,4.77E-84
ZDHHC11,4.584753878,0.635078153,0.213127642,2.979801897,0.002884349,0.003334088
TRIP13,23.1989466,3.044366759,0.218079258,13.95990977,2.74E-44,6.83E-44
CLPTM1L,18.75192806,2.61782081,0.247979278,10.55661116,4.73E-26,8.75E-26
MRPL36,29.2110627,2.996086547,0.244426086,12.25763828,1.53E-34,3.23E-34
NDUFS6,64.42532353,3.804568729,0.19112619,19.90605642,3.61E-88,1.80E-87
IRX2,4.81859437,0.70482067,0.221026855,3.188846308,0.001428418,0.001667639
IRX1,5.82422282,1.014311044,0.228522454,4.438561847,9.06E-06,1.13E-05
MED10,41.73655004,3.566212439,0.188994265,18.8694215,2.04E-79,8.92E-79
UBE2QL1,13.09041638,2.243170493,0.221386862,10.13235598,3.97E-24,7.10E-24
NSUN2,61.35503406,4.446843299,0.240343743,18.50201401,1.99E-76,8.35E-76
SRD5A1,69.99876098,4.703816788,0.219348872,21.44445399,5.14E-102,3.13E-101
ADCY2,14.04238602,2.358901181,0.242266795,9.736791123,2.10E-22,3.64E-22
MTRR,543.4299391,7.615616692,0.16590687,45.90296168,0,0
FASTKD3,6.588694082,1.171975002,0.222698678,5.262604216,1.42E-07,1.85E-07
SEMA5A,4.818378585,0.549081946,0.218691522,2.510760091,0.012047154,0.01359025
CCT5,28.63657714,2.559027627,0.191414607,13.36903004,9.17E-41,2.14E-40
CMBL,46.15319122,4.044661508,0.233390655,17.33000623,2.79E-67,1.02E-66
6-Mar,139.4216813,5.577269492,0.175310431,31.81367738,4.19E-222,8.34E-221
DAP,93.88778965,4.807698064,0.255489013,18.81763133,5.42E-79,2.36E-78
CTNND2,88.37356958,5.052393305,0.2226112,22.69604273,4.90E-114,3.39E-113
TRIO,22.21566472,2.262389446,0.232885702,9.714591455,2.61E-22,4.52E-22
ANKH,1.836440084,-1.973995087,0.124318746,-15.87849898,8.93E-57,2.75E-56
FBXL7,9.734981418,1.487472374,0.227000906,6.552715582,5.65E-11,7.96E-11
ZNF622,25.32666832,3.073378411,0.250580467,12.26503583,1.40E-34,2.95E-34
MYO10,16.60140655,2.189628054,0.223948018,9.777394216,1.41E-22,2.45E-22
BASP1,109.9134938,4.535298673,0.182738718,24.818488,5.66E-136,5.11E-135
CDH12,18.41901162,2.760371169,0.227322009,12.14300008,6.25E-34,1.31E-33
CDH10,8.295795728,1.567629591,0.230923058,6.788536433,1.13E-11,1.62E-11
CDH6,16.45191435,2.549083357,0.22650633,11.25391664,2.22E-29,4.31E-29
DROSHA,234.6580106,6.371590272,0.203827858,31.25966363,1.65E-214,3.09E-213
C5orf22,19.380383,2.813152459,0.221801813,12.68318061,7.33E-37,1.61E-36
PDZD2,6.963200222,1.264896376,0.174654204,7.242289877,4.41E-13,6.49E-13
GOLPH3,147.4958381,5.5747318,0.197221176,28.26639564,8.95E-176,1.21E-174
MTMR12,134.6297397,5.547456166,0.204805399,27.08647427,1.42E-161,1.68E-160
ZFR,25.01853811,2.995229707,0.226997492,13.19499034,9.38E-40,2.14E-39
SUB1,125.7061532,4.307116941,0.223026745,19.31210963,4.25E-83,1.98E-82
TARS,63.78164491,4.339245539,0.237942625,18.23652042,2.65E-74,1.08E-73
ADAMTS12,11.47417088,2.02476518,0.242028337,8.365818666,5.97E-17,9.36E-17
AMACR,61.82007922,4.511480025,0.229856621,19.62736601,9.03E-86,4.35E-85
C1QTNF3,103.4777673,5.281929694,0.207512651,25.45353101,6.45E-143,6.24E-142
RAI14,12.79226173,1.912494809,0.246976555,7.743628972,9.66E-15,1.46E-14
RAD1,26.26382574,3.209534956,0.211688132,15.16161972,6.35E-52,1.81E-51
BRIX1,17.06253506,2.367940937,0.246136416,9.620441266,6.55E-22,1.13E-21
DNAJC21,4.700198987,0.546839572,0.21615382,2.529863102,0.011410704,0.012892352
SPEF2,45.97402317,4.10179892,0.199957552,20.51334835,1.64E-93,8.73E-93
LMBRD2,356.5337402,7.017431512,0.173578064,40.42810107,0,0
SKP2,23.6163038,3.106232093,0.246989659,12.57636496,2.85E-36,6.19E-36
NADK2,17.5769009,2.649377107,0.263457611,10.05617979,8.63E-24,1.53E-23
SLC1A3,56.07199907,4.349258027,0.243052279,17.89433136,1.31E-71,5.10E-71
NIPBL,9.042593086,1.454259705,0.23016824,6.318246629,2.65E-10,3.67E-10
NUP155,24.23853562,3.108313768,0.235143237,13.21881001,6.83E-40,1.57E-39
WDR70,119.552967,5.363815502,0.176387215,30.40932142,4.14E-203,7.00E-202
LIFR,17.81391263,2.656781939,0.239815785,11.07842811,1.60E-28,3.07E-28
RICTOR,259.4035512,6.474560474,0.150135854,43.12467881,0,0
DAB2,247.9880239,6.192378304,0.263639707,23.48803366,5.41E-122,4.09E-121
TTC33,77.61488799,4.790694637,0.221109707,21.6665957,4.24E-104,2.62E-103
PRKAA1,31.57522531,3.377496074,0.24764348,13.63854231,2.36E-42,5.69E-42
RPL37,14.25381209,-0.613275876,0.212146322,-2.890815506,0.003842436,0.004420876
OXCT1,18.48701948,2.609266703,0.254008915,10.27234303,9.39E-25,1.70E-24
C5orf51,7.939150037,1.458606803,0.239501488,6.090178451,1.13E-09,1.54E-09
FBXO4,349.5000367,6.999068559,0.179084332,39.08252867,0,0
CCDC152,116.3074368,5.388540769,0.223784909,24.07910702,4.14E-128,3.40E-127
ZNF131,1.926519422,-1.090935738,0.153386827,-7.112317019,1.14E-12,1.67E-12
HMGCS1,10.20006118,1.808798105,0.206111405,8.775827341,1.70E-18,2.73E-18
C5orf34,283.8030178,6.708477888,0.168655939,39.77611412,0,0
PAIP1,56.66577036,4.272205011,0.251590836,16.98076557,1.14E-64,3.98E-64
NNT-AS1,163.3946024,5.931926198,0.210338327,28.20183217,5.55E-175,7.42E-174
NNT,47.7906453,4.115371614,0.239359184,17.19328897,2.98E-66,1.07E-65
MRPS30,152.7120482,5.792293952,0.245824011,23.56276728,9.29E-123,7.06E-122
EMB,46.63089624,4.112562612,0.257430826,15.97540853,1.90E-57,5.89E-57
PARP8,68.14662408,4.633302236,0.213240674,21.72804156,1.11E-104,6.95E-104
PELO,72.36094845,4.619472913,0.225794656,20.45873446,5.02E-93,2.66E-92
ITGA1,27.89230332,3.348981916,0.235661954,14.21095711,7.83E-46,2.01E-45
ITGA2,254.3337927,6.274936236,0.217322222,28.87388215,2.54E-183,3.64E-182
MOCS2,102.1023709,5.035564571,0.23087556,21.81073031,1.84E-105,1.16E-104
FST,30.36415364,3.196235356,0.248130071,12.88128984,5.74E-38,1.28E-37
NDUFS4,2.025530119,-1.454087706,0.140355773,-10.3600135,3.77E-25,6.86E-25
ARL15,5.085301466,0.756729324,0.216590078,3.493831897,0.000476141,0.000565603
SNX18,107.983132,5.28000754,0.203560213,25.93830814,2.46E-148,2.53E-147
GPX8,47.13476029,3.855251954,0.201731266,19.11083013,2.05E-81,9.29E-81
DHX29,20.2553923,2.638950032,0.239857449,11.00215999,3.73E-28,7.13E-28
IL6ST,11.55655588,1.808199565,0.236806864,7.635756573,2.24E-14,3.38E-14
AC022431.1,34.1568552,3.669029443,0.257950112,14.22379473,6.52E-46,1.68E-45
MAP3K1,15.33892101,2.470040802,0.250903665,9.844578423,7.23E-23,1.27E-22
SETD9,47.12053799,4.115697716,0.212024215,19.41145124,6.18E-84,2.91E-83
MIER3,34.51214902,3.672751983,0.252182664,14.56385591,4.77E-48,1.27E-47
GPBP1,7.542749491,1.18809607,0.232972714,5.099721978,3.40E-07,4.40E-07
PLK2,19.40680766,2.732394553,0.225850798,12.09822845,1.08E-33,2.25E-33
RAB3C,26.03331913,3.271423644,0.255755678,12.79120633,1.84E-37,4.06E-37
PDE4D,116.9338122,5.098603449,0.174786422,29.17047787,4.59E-187,6.78E-186
ERCC8,35.32753811,3.685217622,0.232397731,15.85737354,1.25E-56,3.83E-56
SMIM15,23.75021128,2.971713187,0.254328459,11.68454837,1.53E-31,3.09E-31
ZSWIM6,126.6883523,5.240861359,0.158992516,32.96294372,2.76E-238,6.13E-237
KIF2A,5.466114812,0.567003134,0.166308642,3.409342568,0.000651197,0.000770015
DIMT1,19.41682381,2.667792368,0.254816859,10.46945002,1.19E-25,2.19E-25
IPO11,61.72382664,4.486737488,0.235579304,19.04555029,7.15E-81,3.21E-80
RNF180,6.216420837,1.111709074,0.214551123,5.181557934,2.20E-07,2.86E-07
SREK1IP1,2.404869801,-0.756253265,0.173085647,-4.369243088,1.25E-05,1.54E-05
CWC27,40.41557528,3.74056583,0.239175895,15.63939308,3.92E-55,1.18E-54
ADAMTS6,13.71849906,1.241181659,0.208526883,5.952142192,2.65E-09,3.59E-09
CENPK,10.55303931,1.679566412,0.227518849,7.382097879,1.56E-13,2.31E-13
PPWD1,22.04147503,2.97240261,0.238504849,12.46265065,1.19E-35,2.57E-35
TRIM23,1370.078184,8.983064301,0.160460209,55.98312716,0,0
TRAPPC13,84.84747686,4.940093937,0.249752658,19.77994541,4.43E-87,2.17E-86
SGTB,23.75387712,3.072750611,0.230897543,13.30785322,2.08E-40,4.82E-40
NLN,6.751181343,1.149695518,0.228924868,5.022152148,5.11E-07,6.57E-07
SREK1,199.5033732,6.018340566,0.230472067,26.11310187,2.59E-150,2.72E-149
MAST4,406.4203531,7.238452815,0.168179645,43.04000544,0,0
PIK3R1,22.97256674,3.054797882,0.26557809,11.50244693,1.28E-30,2.55E-30
SLC30A5,84.6870346,4.886045445,0.211313854,23.12222006,2.77E-118,2.00E-117
CENPH,11.36799331,1.969644235,0.190215307,10.35481458,3.98E-25,7.24E-25
MRPS36,2.776285786,-0.681082651,0.176020115,-3.869345561,0.000109128,0.00013213
CDK7,63.40053937,4.486271276,0.234018466,19.17058665,6.52E-82,2.97E-81
TAF9,7.721161809,1.14815717,0.213772187,5.370938035,7.83E-08,1.03E-07
RAD17,2.349960662,-0.58142544,0.17044785,-3.411163227,0.000646864,0.000764974
MARVELD2,36.54949791,3.767331032,0.262875593,14.3312317,1.40E-46,3.64E-46
OCLN,16.12401572,2.563703554,0.260187931,9.853276208,6.63E-23,1.16E-22
GTF2H2C,16.05943737,2.503735954,0.223055712,11.22471124,3.08E-29,5.99E-29
SMN2,194.4166892,6.194541409,0.213965272,28.95115338,2.71E-184,3.92E-183
SERF1A,6.778970458,1.254558824,0.223281533,5.618730784,1.92E-08,2.56E-08
SMN1,34.33620747,3.665450166,0.255252688,14.36008451,9.21E-47,2.41E-46
GTF2H2,68.10225051,4.571311354,0.237822384,19.22153531,2.44E-82,1.12E-81
BDP1,17.36549552,2.400556145,0.243929406,9.841192105,7.48E-23,1.31E-22
MCCC2,5.429294743,0.797469178,0.226716588,3.517471688,0.000435679,0.000517935
MAP1B,3.656205803,-0.416727564,0.183264342,-2.273915151,0.022971089,0.02563666
MRPS27,14.96308587,2.262098235,0.223916046,10.10243916,5.39E-24,9.61E-24
PTCD2,74.33978413,4.779630108,0.228111421,20.95305039,1.76E-97,1.01E-96
TNPO1,44.76451839,3.723161461,0.262238317,14.19762566,9.48E-46,2.43E-45
FCHO2,26.54438588,3.1828156,0.229611418,13.86174796,1.08E-43,2.67E-43
AC099522.2,96.86677038,5.185995707,0.210323371,24.65724884,3.08E-134,2.71E-133
BTF3,397.3952797,5.500312296,0.142970927,38.47154402,0,0
ANKRA2,7.854999977,1.453888938,0.230454545,6.308788297,2.81E-10,3.90E-10
UTP15,1.929682841,-1.044188744,0.154257527,-6.76912671,1.30E-11,1.85E-11
GFM2,44.48342391,4.032657698,0.237635836,16.96990554,1.37E-64,4.79E-64
NSA2,7.365473496,0.655187571,0.226535116,2.89221196,0.003825398,0.004402205
FAM169A,5.867409967,1.039452631,0.219017579,4.745978094,2.08E-06,2.62E-06
HMGCR,47.41917364,4.116047734,0.241492876,17.04417873,3.86E-65,1.36E-64
POLK,21.68722079,2.913018698,0.263359631,11.06099172,1.94E-28,3.72E-28
POC5,34.74451537,3.671871946,0.222275238,16.51948272,2.66E-61,8.80E-61
IQGAP2,28.4356705,3.390528266,0.259602989,13.06043616,5.54E-39,1.25E-38
F2R,10.26186336,1.837906428,0.23284883,7.893131486,2.95E-15,4.50E-15
CRHBP,15.83672166,2.538096684,0.25174454,10.08203269,6.63E-24,1.18E-23
AGGF1,7.649139319,1.380277533,0.216473875,6.376185271,1.82E-10,2.53E-10
ZBED3,14.4253586,2.390029959,0.199234125,11.99608733,3.72E-33,7.71E-33
ZBED3-AS1,9.582103684,1.787090487,0.247182552,7.22984074,4.84E-13,7.11E-13
PDE8B,56.88552993,4.413010699,0.213642902,20.65601361,8.62E-95,4.69E-94
WDR41,58.53490622,4.25198377,0.214092415,19.8605064,8.94E-88,4.43E-87
TBCA,26.91884279,2.392882111,0.225372743,10.61744235,2.47E-26,4.59E-26
AP3B1,36.48474382,3.522645987,0.254347539,13.84973492,1.28E-43,3.15E-43
SCAMP1,19.62950584,2.70644523,0.229712851,11.7818625,4.84E-32,9.84E-32
LHFPL2,33.19427263,3.384086818,0.251504843,13.45535447,2.86E-41,6.74E-41
ARSB,32.56802085,3.533262214,0.244975924,14.42289574,3.71E-47,9.77E-47
JMY,98.35725866,5.18706779,0.233325376,22.23104865,1.72E-109,1.13E-108
HOMER1,33.50765939,3.576274562,0.24210104,14.7718265,2.23E-49,6.07E-49
CMYA5,51.03521747,4.255365449,0.230278383,18.47922242,3.04E-76,1.27E-75
MTX3,58.23387688,4.391873188,0.249954897,17.57066272,4.13E-69,1.56E-68
SERINC5,13.14020123,2.235314992,0.25252144,8.851981022,8.60E-19,1.39E-18
ZFYVE16,15.1822065,2.35526499,0.260362402,9.04610256,1.48E-19,2.44E-19
DHFR,39.58437813,3.749166766,0.256377099,14.62364143,1.98E-48,5.32E-48
MSH3,15.12622716,2.404927867,0.24283956,9.903361164,4.03E-23,7.08E-23
RASGRF2,49.62026122,4.213243917,0.202093549,20.8479882,1.59E-96,8.93E-96
CKMT2-AS1,14.74512013,2.398015755,0.260183715,9.216625073,3.07E-20,5.12E-20
CKMT2,16.03973499,2.553174589,0.214308738,11.9135347,1.01E-32,2.06E-32
ZCCHC9,43.57685706,3.920479899,0.215083197,18.22773675,3.11E-74,1.26E-73
SSBP2,26.18420468,3.224451266,0.209444225,15.39527416,1.76E-53,5.14E-53
ATG10,197.5191435,6.110954765,0.214572125,28.47972338,2.09E-178,2.90E-177
ATP6AP1L,5.017682861,0.760318319,0.211649005,3.5923548,0.000327703,0.000391028
TMEM167A,13.08150965,1.654100474,0.258423882,6.400726043,1.55E-10,2.16E-10
XRCC4,60.73995643,4.313731484,0.260263645,16.57446814,1.07E-61,3.56E-61
VCAN,55.09295424,3.920097888,0.23270227,16.84598047,1.12E-63,3.86E-63
EDIL3,42.07159481,3.87860844,0.244392833,15.87038538,1.02E-56,3.12E-56
COX7C,121.6473268,4.36253237,0.207700362,21.00397099,6.03E-98,3.47E-97
CCNH,19.8615294,2.685285634,0.199555098,13.45636196,2.82E-41,6.65E-41
TMEM161B,369.9034312,7.058857743,0.215157925,32.80779805,4.56E-236,9.91E-235
TMEM161B-AS1,4.113918789,0.414291012,0.205689774,2.014154642,0.0439933,0.048348588
LINC00461,33.32454701,3.631832345,0.254105044,14.29264168,2.43E-46,6.31E-46
MEF2C,8.561751431,1.551886798,0.227650885,6.816959215,9.30E-12,1.33E-11
CETN3,34.62477738,3.618927264,0.203657992,17.76963047,1.21E-70,4.68E-70
MBLAC2,192.1352599,6.144969568,0.212984821,28.85167841,4.83E-183,6.89E-182
POLR3G,65.28436906,4.560646131,0.236873595,19.25350155,1.32E-82,6.11E-82
LYSMD3,6.816778621,1.216318293,0.228545966,5.321985399,1.03E-07,1.34E-07
ARRDC3,89.78031492,4.961286818,0.21870867,22.68445426,6.38E-114,4.40E-113
NR2F1-AS1,26.23643514,3.178677566,0.214500643,14.81896524,1.10E-49,3.03E-49
NR2F1,24.98723076,3.190354566,0.24749683,12.89048657,5.09E-38,1.13E-37
FAM172A,6.368222084,0.923619615,0.225579848,4.094424325,4.23E-05,5.17E-05
POU5F2,47.98253342,4.165460199,0.226570512,18.38482937,1.74E-75,7.18E-75
KIAA0825,7.080644774,1.262108263,0.224848675,5.613145215,1.99E-08,2.64E-08
MCTP1,19.6408431,2.845059834,0.204480194,13.91362055,5.24E-44,1.30E-43
TTC37,110.6613363,5.251420586,0.211317971,24.85079982,2.53E-136,2.30E-135
ARSK,195.0516924,6.188434723,0.163913328,37.75431085,0,0
RHOBTB3,136.9428429,5.430250677,0.215715119,25.17325025,7.87E-140,7.40E-139
GLRX,23.04714882,2.292169054,0.240969188,9.512291071,1.87E-21,3.18E-21
ELL2,21.29750592,2.5087515,0.233835924,10.72868298,7.47E-27,1.40E-26
CAST,27.19793661,2.607655345,0.25147716,10.36935262,3.42E-25,6.23E-25
ERAP1,42.6189613,3.958937345,0.255654067,15.48552461,4.35E-54,1.28E-53
LNPEP,56.68056697,4.322143652,0.229067207,18.8684522,2.07E-79,9.08E-79
LIX1,124.4506034,5.548874004,0.213114374,26.03707067,1.88E-149,1.97E-148
RIOK2,184.46938,6.043711735,0.175133127,34.50924353,5.83E-261,1.58E-259
RGMB,524.0144972,7.462798954,0.154078595,48.43501433,0,0
CHD1,7.833005259,1.285155637,0.226569072,5.672246548,1.41E-08,1.88E-08
ST8SIA4,34.61414485,3.688376863,0.250962391,14.69693066,6.74E-49,1.82E-48
LINC00491,7.666286988,1.447612961,0.23677402,6.113901181,9.72E-10,1.33E-09
PAM,22.45293153,2.749365675,0.213397036,12.88380443,5.55E-38,1.24E-37
GIN1,474.0642287,7.482842595,0.16984282,44.05745622,0,0
PPIP5K2,231.5939857,6.283512436,0.175280122,35.84840301,1.95E-281,6.10E-280
C5orf30,32.16837188,3.497714437,0.243267942,14.37803276,7.11E-47,1.86E-46
NUDT12,22.47036086,3.0538181,0.218267505,13.99117151,1.76E-44,4.42E-44
EFNA5,13.96792593,2.197521053,0.238165208,9.226876896,2.79E-20,4.66E-20
FBXL17,57.13654863,4.31222239,0.242206637,17.80389855,6.59E-71,2.55E-70
FER,3763.441485,10.17601869,0.164765284,61.76069634,0,0
PJA2,86.25807408,4.796462157,0.235833398,20.33834982,5.89E-92,3.08E-91
TMEM232,55.43302513,4.364240661,0.265052977,16.46554098,6.49E-61,2.13E-60
SLC25A46,36.03353662,3.620548949,0.251902476,14.37282001,7.66E-47,2.00E-46
CAMK4,47.4556419,4.127050886,0.211810418,19.4846454,1.48E-84,7.05E-84
STARD4,68.95388863,4.618749888,0.273258086,16.90251863,4.31E-64,1.49E-63
STARD4-AS1,236.5346757,6.264168339,0.190100301,32.95191181,3.97E-238,8.79E-237
NREP,871.3515352,8.020666147,0.203559526,39.40206725,0,0
EPB41L4A,122.2124138,5.512563464,0.206311379,26.71962874,2.78E-157,3.15E-156
EPB41L4A-AS1,18.19050443,2.538393628,0.229763929,11.04783348,2.25E-28,4.31E-28
APC,36.26256212,3.628725015,0.251181313,14.44663607,2.63E-47,6.93E-47
SRP19,3.006468398,-0.695418662,0.183310403,-3.7936672,0.000148439,0.000179009
REEP5,82.70824795,4.431206018,0.230236795,19.24629818,1.52E-82,7.00E-82
DCP2,54.20418662,4.289293698,0.20984826,20.4399774,7.38E-93,3.90E-92
MCC,9.142395736,1.611965138,0.228372638,7.05848631,1.68E-12,2.45E-12
YTHDC2,6.053500479,0.997075151,0.19815696,5.031744291,4.86E-07,6.26E-07
TRIM36,87.92458073,5.04466909,0.212331131,23.75849964,8.98E-125,6.99E-124
PGGT1B,21.09535701,2.89630196,0.226422716,12.79156973,1.83E-37,4.04E-37
CCDC112,326.4608633,6.88023098,0.189868599,36.23680276,1.60E-287,5.30E-286
FEM1C,35.66147869,3.697561373,0.246471821,15.00196392,7.13E-51,1.99E-50
TMED7,2.730944295,-0.400493,0.184066455,-2.175806552,0.029569729,0.03278219
CDO1,350.2817407,7.034317349,0.154487116,45.53335929,0,0
ATG12,69.68526676,4.400742358,0.247002025,17.81662461,5.25E-71,2.03E-70
AP3S1,16.24614266,2.321624933,0.238493887,9.73452594,2.15E-22,3.72E-22
COMMD10,109.5020989,5.151637123,0.244471373,21.07255773,1.42E-98,8.21E-98
SEMA6A,77.03989271,4.83138141,0.213260588,22.65482546,1.25E-113,8.60E-113
DTWD2,90.1766046,5.049793815,0.240821102,20.96906698,1.26E-97,7.21E-97
DMXL1,14.61119513,2.351776429,0.259745839,9.054144754,1.38E-19,2.27E-19
TNFAIP8,133.9332372,5.539683145,0.194242181,28.51946539,6.72E-179,9.36E-178
HSD17B4,58.02982458,4.365245822,0.279643975,15.61001206,6.22E-55,1.86E-54
SRFBP1,22.6429379,2.870902424,0.23982147,11.97099838,5.04E-33,1.04E-32
SNX2,140.8984138,5.546511311,0.22989208,24.12658721,1.32E-128,1.09E-127
SNX24,1.845695075,-1.247045563,0.137433405,-9.073816987,1.15E-19,1.90E-19
CEP120,112.2806261,5.377545491,0.181186866,29.67955462,1.41E-193,2.17E-192
CSNK1G3,11.45408656,1.880038671,0.238685139,7.876647373,3.36E-15,5.13E-15
ZNF608,10.85352804,1.961547137,0.242742952,8.080758355,6.44E-16,9.92E-16
ALDH7A1,108.1333122,5.151266251,0.242149989,21.27303939,2.02E-100,1.19E-99
PHAX,113.9031257,5.276608722,0.170829324,30.88819067,1.72E-209,3.07E-208
LMNB1,25.78562218,3.15089122,0.236541087,13.32069306,1.75E-40,4.07E-40
3-Mar,14.05782728,2.21245995,0.260940979,8.478775396,2.28E-17,3.59E-17
MEGF10,22.33268685,3.046179555,0.240444066,12.66897374,8.79E-37,1.93E-36
PRRC1,8.275660155,1.397456731,0.242711483,5.757686913,8.53E-09,1.14E-08
CTXN3,194.3695426,6.194139202,0.21223871,29.1847759,3.03E-187,4.47E-186
SLC12A2,65.77084817,4.5598794,0.243578559,18.72036446,3.38E-78,1.46E-77
FBN2,18.83125039,2.749339224,0.254391284,10.8075213,3.17E-27,5.97E-27
ISOC1,12.57081762,2.149497172,0.253259959,8.487315471,2.11E-17,3.34E-17
HINT1,5.247022347,-1.168117169,0.186295192,-6.270248596,3.60E-10,4.98E-10
LYRM7,20.09179959,2.847063307,0.24816394,11.47251008,1.81E-30,3.60E-30
CDC42SE2,90.01040715,4.952763534,0.236962941,20.90100464,5.24E-97,2.97E-96
RAPGEF6,97.84998256,5.093910053,0.196640231,25.90471966,5.89E-148,6.01E-147
FNIP1,44.74308264,3.801366509,0.245758863,15.46787147,5.72E-54,1.68E-53
P4HA2,19.60592057,2.547787166,0.256052344,9.95025909,2.52E-23,4.44E-23
SLC22A5,129.2993415,5.604248109,0.186214398,30.09567556,5.52E-199,8.95E-198
IRF1,92.96278349,5.084219945,0.228761752,22.22495632,1.97E-109,1.30E-108
KIF3A,117.4228473,5.4438645,0.181562943,29.98334577,1.62E-197,2.59E-196
SHROOM1,156.5252966,5.859334106,0.231421434,25.31889114,1.98E-141,1.90E-140
UQCRQ,4.237365317,-0.571617835,0.200351699,-2.853072062,0.00432988,0.004973276
LEAP2,49.73592297,4.216594986,0.229401837,18.38082488,1.87E-75,7.72E-75
AFF4,2.878002789,-0.397083611,0.187477693,-2.118031237,0.034172422,0.037742468
ZCCHC10,307.3155257,6.740060491,0.162004413,41.6041783,0,0
FSTL4,48.5256275,4.180339628,0.237284883,17.61738704,1.81E-69,6.86E-69
C5orf15,13.51865943,2.215898212,0.235301817,9.417259259,4.63E-21,7.84E-21
VDAC1,54.69055451,3.521532384,0.243053405,14.48871856,1.43E-47,3.77E-47
TCF7,6.377170144,1.029151196,0.192113171,5.357004889,8.46E-08,1.11E-07
SKP1,116.1206835,4.13215055,0.247222741,16.71428178,1.03E-62,3.48E-62
PPP2CA,2.582745707,-0.568706962,0.176496353,-3.222202347,0.001272093,0.001487801
CDKL3,51.7698106,4.232113278,0.256418143,16.50473412,3.39E-61,1.12E-60
UBE2B,513.0324959,7.27048843,0.196669083,36.96813097,3.72E-299,1.30E-297
CDKN2AIPNL,27.95500499,3.25128944,0.255840388,12.70827278,5.32E-37,1.17E-36
SAR1B,5.848809984,0.921620826,0.219382504,4.200976871,2.66E-05,3.26E-05
SEC24A,16.26686833,2.500588134,0.218792397,11.42904492,2.99E-30,5.92E-30
CAMLG,69.51157655,4.503159591,0.179719395,25.0566144,1.48E-138,1.37E-137
DDX46,62.62014758,4.185978856,0.219078683,19.10719379,2.20E-81,9.95E-81
C5orf24,13.00621438,2.053489657,0.246472448,8.331518077,7.98E-17,1.25E-16
TXNDC15,95.14715801,5.054997828,0.189375318,26.69301298,5.67E-157,6.38E-156
PCBD2,15.47786621,2.397621033,0.245800961,9.75431921,1.77E-22,3.07E-22
H2AFY,32.37437176,3.233239283,0.238785444,13.54035336,9.04E-42,2.15E-41
NEUROG1,92.14320852,5.113568022,0.209090836,24.45620345,4.32E-132,3.71E-131
LECT2,250.8680403,6.563058856,0.211016683,31.10208525,2.26E-212,4.17E-211
SMAD5,158.7912948,5.730477181,0.215042438,26.64812225,1.88E-156,2.11E-155
SPOCK1,48.94335909,3.742757278,0.214408464,17.45620115,3.09E-68,1.15E-67
KLHL3,53.63805456,4.326885271,0.242025954,17.87777388,1.76E-71,6.84E-71
HNRNPA0,50.36139843,4.025088672,0.206293747,19.51144294,8.78E-85,4.18E-84
FAM13B,18.76516777,2.627827266,0.247178388,10.63129865,2.13E-26,3.96E-26
NME5,27.23308735,3.325973936,0.219961183,15.12073126,1.18E-51,3.35E-51
BRD8,4.281077462,0.442552082,0.201108452,2.200564307,0.027766883,0.030827509
KIF20A,2096.596526,9.607167974,0.166068321,57.85069621,0,0
CDC23,29.64984914,3.378146704,0.251264891,13.44456319,3.31E-41,7.79E-41
CDC25C,100.6789484,5.241404485,0.252043822,20.79560781,4.74E-96,2.64E-95
FAM53C,66.98292303,4.606786356,0.217185496,21.21129838,7.51E-100,4.41E-99
KDM3B,18.01247576,2.647433195,0.260869981,10.14847774,3.37E-24,6.02E-24
REEP2,81.9027255,4.932433733,0.260283015,18.95027121,4.39E-80,1.95E-79
EGR1,5.19139425,0.594357144,0.203715012,2.917591294,0.003527464,0.004065374
ETF1,6.669739406,0.926130092,0.222196413,4.168069492,3.07E-05,3.77E-05
HSPA9,70.54318208,4.17229204,0.223685114,18.65252441,1.20E-77,5.16E-77
CTNNA1,20.81899359,2.594470785,0.196802839,13.18309634,1.10E-39,2.51E-39
SIL1,52.89513793,4.044850607,0.256722943,15.75570363,6.28E-56,1.90E-55
MATR3,30.10179072,3.483152725,0.249288261,13.97238967,2.30E-44,5.74E-44
PAIP2,6.762176193,1.010687953,0.206970009,4.883258011,1.04E-06,1.33E-06
SPATA24,9.165395606,1.685021117,0.232056976,7.261238807,3.84E-13,5.65E-13
DNAJC18,66.42010218,4.638765061,0.215910414,21.48467493,2.17E-102,1.32E-101
UBE2D2,8.519481279,1.152513737,0.23481262,4.908227416,9.19E-07,1.17E-06
CXXC5,19.48972837,2.631409426,0.242181787,10.8654307,1.68E-27,3.19E-27
PSD2,59.36869024,4.47475605,0.232789343,19.22234061,2.41E-82,1.11E-81
PURA,128.2710582,5.467334101,0.285279946,19.16480345,7.28E-82,3.32E-81
CYSTM1,5.742251143,0.545748518,0.163087312,3.346357914,0.000818806,0.000964847
PFDN1,67.06044333,4.374853863,0.198285221,22.06343895,7.10E-108,4.60E-107
SLC35A4,2.464974451,-0.576040425,0.157303869,-3.661959676,0.000250293,0.00029991
NDUFA2,7.693337444,1.023798604,0.191017902,5.359699763,8.34E-08,1.09E-07
TMCO6,14.72011853,2.410292716,0.252936767,9.529230331,1.58E-21,2.70E-21
IK,11.13154702,1.728932223,0.19483973,8.873612301,7.08E-19,1.15E-18
WDR55,11.1261788,1.974153284,0.211619514,9.328786597,1.07E-20,1.80E-20
HARS,41.19379382,3.578606113,0.188598223,18.9747605,2.76E-80,1.22E-79
HARS2,18.82788355,2.762475128,0.246856742,11.19060031,4.53E-29,8.79E-29
ZMAT2,7.988585346,1.288103523,0.193064656,6.671876404,2.53E-11,3.59E-11
PCDHA9,52.47545417,4.295742118,0.266228397,16.1355519,1.44E-58,4.54E-58
PCDHA12,46.36866486,4.115217357,0.260888023,15.7738838,4.71E-56,1.43E-55
PCDHA13,63.59956907,4.574980319,0.228957398,19.98179733,7.93E-89,3.99E-88
PCDHB2,65.41471491,4.615065513,0.249020982,18.53283802,1.12E-76,4.74E-76
PCDHB16,5.441797853,0.910958437,0.220286564,4.135333634,3.54E-05,4.34E-05
PCDHB9,4.675862279,0.667052662,0.220316068,3.027707736,0.002464163,0.002854458
PCDHB11,10.62055087,1.92899812,0.159265881,12.11181017,9.15E-34,1.91E-33
TAF7,431.8041727,7.124817218,0.164574064,43.29246699,0,0
AC005618.1,73.01618083,4.775643664,0.219458152,21.76106752,5.43E-105,3.39E-104
PCDHGB6,22.70771629,3.069661641,0.247696398,12.39283924,2.86E-35,6.13E-35
PCDHGC3,8.37306624,1.577953817,0.229592817,6.87283618,6.29E-12,9.04E-12
PCDHGC4,5.511635258,0.92475094,0.19893798,4.648438368,3.34E-06,4.20E-06
DIAPH1,11.77282213,1.976343129,0.246028122,8.032996841,9.51E-16,1.46E-15
HDAC3,58.40702296,4.356007076,0.251479708,17.3215052,3.24E-67,1.18E-66
FCHSD1,66.13547749,4.5988696,0.257039927,17.89165465,1.37E-71,5.35E-71
RNF14,205.632385,6.254897992,0.183899397,34.01260737,1.45E-253,3.64E-252
GNPDA1,12.37519974,2.055106534,0.24074376,8.536489319,1.38E-17,2.19E-17
NDFIP1,38.74094214,3.619178979,0.237112581,15.26354681,1.34E-52,3.85E-52
SPRY4,5.252240678,0.723835272,0.214877747,3.36859113,0.000755534,0.000891256
ARHGAP26,32.75937552,3.563611994,0.247904242,14.37495369,7.43E-47,1.94E-46
NR3C1,125.2844002,5.158042236,0.242107513,21.30475906,1.03E-100,6.11E-100
YIPF5,11.36426226,1.80984278,0.223570477,8.095177886,5.72E-16,8.82E-16
PRELID2,46.37495816,4.028358731,0.218105359,18.46978334,3.62E-76,1.51E-75
PLAC8L1,29.62716336,3.45998493,0.24980348,13.85082759,1.26E-43,3.10E-43
LARS,50.86276603,3.926469666,0.258753949,15.17453043,5.21E-52,1.49E-51
RBM27,22.21204025,2.782138476,0.248647497,11.18908702,4.61E-29,8.94E-29
TCERG1,54.29808721,4.187159775,0.284214662,14.73238485,3.99E-49,1.08E-48
PPP2R2B,16.04846417,2.551425431,0.207589613,12.29071816,1.02E-34,2.15E-34
DPYSL3,5.633581409,0.821777139,0.21237682,3.869429531,0.00010909,0.0001321
JAKMIP2,22.7369323,3.072497243,0.238569182,12.87885223,5.92E-38,1.32E-37
SPINK9,54.57069509,4.352847736,0.254856056,17.07963236,2.10E-65,7.46E-65
FBXO38,2.30954895,-0.553576799,0.178463104,-3.10191175,0.001922753,0.002234917
SH3TC2,41.06144101,3.938323781,0.267265688,14.73561314,3.81E-49,1.03E-48
GRPEL2,30.36626766,3.485182299,0.245478721,14.19749248,9.49E-46,2.43E-45
PCYOX1L,6.609059431,1.215724458,0.240384319,5.057419987,4.25E-07,5.48E-07
CSNK1A1,69.4318755,4.007668014,0.246105592,16.28434358,1.27E-59,4.11E-59
PPARGC1B,35.44120835,3.723019397,0.226792951,16.41593967,1.47E-60,4.81E-60
PDE6A,8.52322468,1.606963333,0.242108835,6.637359318,3.19E-11,4.52E-11
SLC26A2,383.4098608,7.165266679,0.192486621,37.22475179,2.71E-303,9.71E-302
HMGXB3,57.24459047,4.325746507,0.222000079,19.48533768,1.46E-84,6.96E-84
TCOF1,70.41467178,4.648149843,0.23109735,20.11338442,5.63E-90,2.87E-89
CD74,44.25983576,4.047439424,0.244391571,16.56128897,1.33E-61,4.42E-61
RPS14,63.44195668,1.223336679,0.240012078,5.096979656,3.45E-07,4.46E-07
NDST1,109.4728577,5.267425979,0.212589716,24.77742606,1.57E-135,1.40E-134
RBM22,8.311479174,1.400954096,0.217835007,6.431262436,1.27E-10,1.77E-10
DCTN4,91.39619325,4.964242236,0.206256659,24.06827622,5.37E-128,4.40E-127
GPX3,7.855074432,1.437121175,0.240106519,5.985348412,2.16E-09,2.93E-09
TNIP1,112.2682067,5.235757077,0.21827951,23.98647988,3.85E-127,3.12E-126
ANXA6,8.72915265,1.321770588,0.237104287,5.574638077,2.48E-08,3.29E-08
GM2A,1.973130674,-0.874031658,0.164092993,-5.326441059,1.00E-07,1.31E-07
SLC36A3,13.63575537,2.314862756,0.245709291,9.421144589,4.46E-21,7.56E-21
SLC36A1,14.49216438,2.315640427,0.232155031,9.974543377,1.97E-23,3.48E-23
FAT2,67.59974297,4.663865037,0.265815807,17.54547667,6.44E-69,2.42E-68
SPARC,2.936571887,-2.793101605,0.11999328,-23.27715017,7.56E-120,5.57E-119
ATOX1,13.20406519,1.165011741,0.247444537,4.708173218,2.50E-06,3.15E-06
G3BP1,75.8323427,4.425339081,0.196950109,22.46934063,8.28E-112,5.58E-111
GRIA1,10.75259177,1.878150518,0.230017559,8.165248447,3.21E-16,4.97E-16
FAM114A2,18.78617917,2.74652482,0.259491669,10.58425047,3.53E-26,6.53E-26
MFAP3,119.9047785,5.462525949,0.218158012,25.03930938,2.28E-138,2.12E-137
GALNT10,40.14816805,3.819356709,0.256051363,14.91636936,2.58E-50,7.16E-50
SAP30L-AS1,23.36181799,3.088586193,0.226510297,13.63552227,2.46E-42,5.93E-42
SAP30L,11.46946215,2.000345804,0.23319087,8.578148053,9.64E-18,1.53E-17
FAXDC2,64.38913985,4.581649953,0.22290864,20.55393613,7.10E-94,3.81E-93
CNOT8,31.32046188,3.477877132,0.254366052,13.67272521,1.48E-42,3.57E-42
GEMIN5,14.67853749,2.390247981,0.246254092,9.706429473,2.83E-22,4.90E-22
MRPL22,213.8333713,6.076927054,0.173209506,35.08425832,1.17E-269,3.35E-268
KIF4B,162.0245066,5.930931846,0.191598743,30.95496222,2.18E-210,3.93E-209
MED7,35.64202557,3.647201576,0.261851455,13.92851367,4.25E-44,1.06E-43
CYFIP2,1.838339165,-1.09154152,0.139704763,-7.813201895,5.58E-15,8.47E-15
ADAM19,28.57394591,3.331243675,0.256404989,12.99211724,1.36E-38,3.05E-38
THG1L,32.66197832,3.527776325,0.216450476,16.29830705,1.01E-59,3.27E-59
LSM11,8.973110586,1.673474311,0.244536416,6.843456447,7.73E-12,1.11E-11
CLINT1,54.60729531,4.140397174,0.233086789,17.76332836,1.36E-70,5.23E-70
EBF1,139.57463,5.503039064,0.188266863,29.22999282,8.07E-188,1.20E-186
RNF145,38.06970414,3.585305774,0.246736943,14.53088351,7.72E-48,2.05E-47
UBLCP1,30.21399539,3.406042826,0.243325743,13.99787291,1.61E-44,4.03E-44
TTC1,14.27995293,2.119528021,0.248544251,8.527769256,1.49E-17,2.36E-17
PWWP2A,21.26005511,2.865773026,0.214068626,13.38716974,7.19E-41,1.68E-40
CCNJL,35.56875459,3.728571793,0.237713141,15.68517325,1.91E-55,5.75E-55
SLU7,23.36610092,2.98571281,0.219074174,13.62877587,2.70E-42,6.49E-42
PTTG1,15.26329474,2.068834625,0.232280787,8.906611042,5.26E-19,8.56E-19
ATP10B,4.370569877,0.565824401,0.212189619,2.666597947,0.007662328,0.008717071
CCNG1,69.58353063,4.562567207,0.249676581,18.27390935,1.34E-74,5.44E-74
NUDCD2,131.9168809,5.47963392,0.21745889,25.19848199,4.16E-140,3.93E-139
HMMR,13.65406111,2.178898892,0.225411006,9.666337634,4.19E-22,7.24E-22
MAT2B,5.576739807,0.860229499,0.224400229,3.833460882,0.000126353,0.000152646
TENM2,35.24163228,3.713149513,0.249617408,14.87536286,4.76E-50,1.31E-49
WWC1,74.62748814,4.764837405,0.220172049,21.64142735,7.32E-104,4.52E-103
RARS,36.00596577,3.497863633,0.255340387,13.69882639,1.03E-42,2.50E-42
PANK3,17.39783635,2.564389768,0.205836477,12.4583835,1.26E-35,2.71E-35
SPDL1,77.23954096,4.740675383,0.185305162,25.58307246,2.35E-144,2.32E-143
KCNMB1,73.38429787,4.783322583,0.228380526,20.94452914,2.10E-97,1.20E-96
RANBP17,11.00837674,1.975403469,0.257820698,7.661927404,1.83E-14,2.76E-14
NPM1,39.87129574,1.494430419,0.234630377,6.369296407,1.90E-10,2.64E-10
STK10,121.597495,5.471893221,0.184904139,29.59313547,1.83E-192,2.79E-191
UBTD2,89.92801088,4.913947642,0.239293561,20.53522719,1.04E-93,5.59E-93
SH3PXD2B,84.98363979,4.890727183,0.271659819,18.00313051,1.84E-72,7.30E-72
DUSP1,85.85976209,4.477946587,0.218736949,20.47183435,3.84E-93,2.04E-92
ERGIC1,10.29416009,1.658345834,0.236842828,7.001883273,2.53E-12,3.66E-12
RPL26L1,100.0276933,4.725834395,0.265979381,17.76767201,1.26E-70,4.84E-70
ATP6V0E1,49.21364175,3.024983879,0.197194908,15.34007098,4.13E-53,1.20E-52
CREBRF,30.78367447,3.462683514,0.229319034,15.09985218,1.62E-51,4.58E-51
BNIP1,448.1504245,7.338055986,0.196537622,37.33664789,4.18E-305,1.52E-303
STC2,71.33568668,4.154002577,0.229191722,18.12457509,2.04E-73,8.20E-73
BOD1,10.8029075,1.789123043,0.249129336,7.181502883,6.89E-13,1.01E-12
CPEB4,46.32003688,3.998077429,0.226450349,17.65542622,9.24E-70,3.52E-69
NSG2,11.64154845,2.066248809,0.238370404,8.668227157,4.39E-18,7.02E-18
MSX2,12.57482063,2.171958729,0.250208445,8.680597194,3.94E-18,6.30E-18
SFXN1,35.12593491,3.583106785,0.235219459,15.23303727,2.13E-52,6.12E-52
HRH2,78.71890086,4.884682904,0.26315486,18.56200909,6.52E-77,2.76E-76
CPLX2,3.990436203,0.407581839,0.196411104,2.07514662,0.037972948,0.041842239
THOC3,1.74169587,-1.222141134,0.144316361,-8.468486345,2.49E-17,3.92E-17
ARL10,6.306871359,1.097724807,0.221097281,4.964895097,6.87E-07,8.80E-07
NOP16,44.11162757,3.840534786,0.233872747,16.42147208,1.34E-60,4.39E-60
HIGD2A,14.27905405,2.016229104,0.227430936,8.865236811,7.63E-19,1.24E-18
FAF2,337.147129,6.905071252,0.202411713,34.11399055,4.58E-255,1.17E-253
RNF44,49.37008565,4.194780347,0.212834703,19.70909949,1.80E-86,8.77E-86
GPRIN1,72.83089875,4.740647964,0.203553377,23.28945872,5.67E-120,4.19E-119
TSPAN17,45.89037236,4.026207531,0.232550018,17.31329702,3.73E-67,1.36E-66
UIMC1,74.01037571,4.680663916,0.210134909,22.27456613,6.52E-110,4.32E-109
ZNF346,32.39473954,3.548571158,0.266043209,13.33832642,1.39E-40,3.22E-40
NSD1,16.73842715,2.458366823,0.238493499,10.30789868,6.49E-25,1.17E-24
RAB24,31.3993603,3.524477355,0.223627061,15.76051371,5.82E-56,1.76E-55
MXD3,4.144921816,0.436669279,0.212656707,2.053399981,0.040033801,0.044059479
PRELID1,13.16694139,1.150799631,0.222114379,5.18111271,2.21E-07,2.86E-07
LMAN2,58.48207094,4.025793281,0.208324341,19.32464182,3.33E-83,1.56E-82
RGS14,43.05624303,3.997223823,0.230084082,17.37288297,1.32E-67,4.86E-67
GRK6,6.945239198,1.263034337,0.225972817,5.589319777,2.28E-08,3.03E-08
DBN1,26.25166541,3.088477678,0.224489677,13.75777149,4.57E-43,1.11E-42
PDLIM7,11.69239326,1.61729499,0.196161693,8.244703444,1.66E-16,2.58E-16
DDX41,6.483224701,1.152592288,0.233866113,4.928427949,8.29E-07,1.06E-06
FAM193B,20.54981417,2.857508361,0.22526793,12.68493194,7.17E-37,1.57E-36
TMED9,17.2729612,1.91092751,0.245610134,7.780328443,7.23E-15,1.10E-14
HNRNPAB,2.278604881,-1.482642308,0.13799441,-10.74422007,6.31E-27,1.18E-26
PHYKPL,13.77171872,2.228171929,0.210383468,10.59100293,3.28E-26,6.08E-26
CLK4,20.77824943,2.886483439,0.255665064,11.29009728,1.47E-29,2.87E-29
ZNF354A,14.62815867,2.394385324,0.230123186,10.40479827,2.36E-25,4.30E-25
ZNF354B,94.14757318,5.14403351,0.292353241,17.59526761,2.68E-69,1.01E-68
ZNF454,11.84810835,2.105019197,0.260658457,8.075775546,6.70E-16,1.03E-15
ZNF879,49.07993003,4.19816891,0.221289693,18.97137123,2.94E-80,1.31E-79
ZNF354C,12.96520638,2.240073263,0.242655016,9.231514361,2.67E-20,4.46E-20
RUFY1,32.75137838,3.501040205,0.244503348,14.31898676,1.67E-46,4.33E-46
HNRNPH1,61.41848973,4.183551814,0.243991388,17.14630931,6.70E-66,2.39E-65
CANX,18.35563449,2.273204407,0.252418681,9.005690049,2.14E-19,3.52E-19
MAML1,107.2620391,5.312681393,0.232427647,22.85735567,1.23E-115,8.66E-115
SQSTM1,61.53365102,3.348785441,0.234096271,14.30516352,2.03E-46,5.28E-46
TBC1D9B,50.39586066,4.173893366,0.266734623,15.64811244,3.42E-55,1.03E-54
MAPK9,7.774605277,1.313503503,0.237073118,5.540499547,3.02E-08,4.00E-08
CNOT6,140.0078771,5.63323656,0.212947365,26.45365706,3.31E-154,3.60E-153
MGAT1,42.37627149,3.846285461,0.175918791,21.86398302,5.72E-106,3.63E-105
ZFP62,66.99181238,4.628607602,0.22610304,20.47123114,3.89E-93,2.06E-92
TRIM41,148.649607,5.785348479,0.176832676,32.71651265,9.10E-235,1.97E-233
TRIM52,7.757197313,1.446647933,0.22181242,6.521942876,6.94E-11,9.76E-11
TRIM52-AS1,26.08401603,3.241201739,0.23942534,13.53742146,9.40E-42,2.23E-41
AC138035.2,19.77663488,2.865981783,0.24964433,11.48025988,1.66E-30,3.30E-30
DUSP22,17.63332085,2.676571409,0.255574704,10.4727556,1.15E-25,2.12E-25
EXOC2,25.2080439,3.157347158,0.248578539,12.70160797,5.79E-37,1.27E-36
FOXC1,157.0631105,5.821360322,0.213759868,27.23317702,2.63E-163,3.16E-162
WRNIP1,9.195304863,1.656011504,0.220921835,7.495915925,6.58E-14,9.84E-14
SERPINB1,7.141302614,1.180623004,0.241204453,4.894698216,9.85E-07,1.25E-06
SERPINB6,34.93130388,3.347256193,0.235823705,14.19389194,1.00E-45,2.56E-45
LINC01011,10.54949689,1.927156834,0.223074871,8.639058379,5.67E-18,9.05E-18
NQO2,19.29851755,2.734342698,0.241569725,11.319062,1.06E-29,2.07E-29
RIPK1,22.92444409,3.039419982,0.213749862,14.21951786,6.93E-46,1.78E-45
BPHL,44.45681953,4.001582742,0.261987386,15.27395196,1.14E-52,3.28E-52
TUBB2A,22.5722348,2.706951065,0.235042656,11.51685024,1.09E-30,2.16E-30
TUBB2B,228.7322025,6.418284313,0.215888268,29.72965777,3.18E-194,4.95E-193
PSMG4,36.32390324,3.614723282,0.237457784,15.22259335,2.50E-52,7.18E-52
SLC22A23,114.016513,5.388479459,0.155756443,34.59554765,2.95E-262,8.11E-261
PRPF4B,36.25076015,3.477367684,0.19786832,17.57415079,3.89E-69,1.47E-68
C6orf201,9.714804306,1.803135194,0.218791745,8.241331014,1.70E-16,2.65E-16
ECI2,36.05902442,3.409487931,0.250050302,13.63520821,2.47E-42,5.95E-42
CDYL,124.6317705,5.416172045,0.235613393,22.98753892,6.21E-117,4.43E-116
RPP40,5.305540839,0.841345644,0.225103649,3.73759221,0.000185791,0.000223311
LYRM4,14.80636655,2.182935058,0.237801085,9.179668192,4.32E-20,7.19E-20
FARS2,116.950387,5.265180838,0.231822672,22.71210485,3.40E-114,2.36E-113
RREB1,91.51600982,5.081198686,0.210081765,24.18676696,3.07E-129,2.55E-128
SSR1,251.1341546,6.326735241,0.201487106,31.40019916,2.01E-216,3.82E-215
RIOK1,67.73989791,4.581494316,0.23288087,19.67312434,3.66E-86,1.78E-85
DSP,18.78196887,2.662890197,0.247560876,10.75650659,5.52E-27,1.04E-26
BLOC1S5,7.932458037,1.479444656,0.242862418,6.091698623,1.12E-09,1.53E-09
SLC35B3,930.8016845,8.403804301,0.147970405,56.79381834,0,0
TFAP2A,46.89171122,4.130834278,0.199802397,20.67459824,5.87E-95,3.21E-94
GCNT2,27.08700077,3.328019659,0.239916776,13.87155879,9.42E-44,2.33E-43
C6orf52,7.76191153,1.450400188,0.222374961,6.522317908,6.92E-11,9.73E-11
PAK1IP1,233.2318093,6.257546289,0.204026785,30.67021953,1.42E-206,2.46E-205
TMEM14C,33.95282358,3.13195691,0.215412169,14.53936851,6.82E-48,1.81E-47
TMEM14B,157.6190856,5.419305295,0.179411686,30.20597724,1.98E-200,3.26E-199
MAK,48.81030206,4.189230312,0.178089266,23.52320501,2.36E-122,1.79E-121
SYCP2L,16.10315375,2.562081335,0.254629521,10.06199642,8.13E-24,1.45E-23
ELOVL2,11.44091091,2.049969115,0.226182901,9.063324885,1.27E-19,2.09E-19
SMIM13,4.694465128,0.551374003,0.207732505,2.654250003,0.007948491,0.009036005
NEDD9,38.8076317,3.844908428,0.244704228,15.71247239,1.24E-55,3.75E-55
TMEM170B,24.36853,3.172541253,0.240975233,13.16542458,1.39E-39,3.16E-39
HIVEP1,242.6201534,6.49340876,0.184169436,35.25779798,2.61E-272,7.59E-271
PHACTR1,1507.550126,9.131012822,0.167022243,54.66944194,0,0
TBC1D7,22.68859178,2.954243331,0.264755542,11.15838146,6.52E-29,1.26E-28
GFOD1,57.77839964,4.425087787,0.244278642,18.11491892,2.43E-73,9.76E-73
NOL7,80.34430435,4.175742605,0.206268603,20.24419878,4.00E-91,2.07E-90
RANBP9,22.72673867,2.944584737,0.211233733,13.93993609,3.62E-44,9.02E-44
MCUR1,307.7616535,6.667777675,0.205950729,32.37559633,6.05E-230,1.27E-228
RNF182,19.3575271,2.82077527,0.229320578,12.30057629,8.99E-35,1.91E-34
CD83,4.446377652,0.57286306,0.216244139,2.649149535,0.008069462,0.009172567
JARID2,242.3857697,6.191060473,0.184938414,33.47633584,1.07E-245,2.53E-244
DTNBP1,15.44810427,2.387170582,0.231242243,10.32324611,5.53E-25,1.00E-24
MYLIP,10.26810114,1.854119839,0.229807483,8.068143895,7.14E-16,1.10E-15
ATXN1,21.10534394,2.693519577,0.222027557,12.13146516,7.20E-34,1.50E-33
RBM24,7.412906673,1.397807633,0.230817745,6.055893299,1.40E-09,1.90E-09
CAP2,19.36263662,2.769428057,0.249410313,11.10390354,1.20E-28,2.31E-28
FAM8A1,67.47935848,4.638615117,0.252809296,18.34827751,3.41E-75,1.40E-74
KIF13A,46.77820896,3.800695372,0.238671791,15.92435937,4.29E-57,1.33E-56
TPMT,104.6837818,5.184872957,0.214714857,24.14771405,7.89E-129,6.54E-128
KDM1B,84.34798549,4.974094777,0.223305659,22.27482638,6.48E-110,4.30E-109
DEK,31.03988514,2.890293982,0.243873174,11.85162737,2.11E-32,4.32E-32
ID4,19.24718386,2.71881505,0.259445194,10.47934252,1.07E-25,1.98E-25
MBOAT1,122.2654591,5.512067284,0.264380701,20.84897748,1.56E-96,8.76E-96
E2F3,31.53240892,3.432678882,0.205119617,16.73501021,7.28E-63,2.46E-62
CDKAL1,35.13658599,3.419663465,0.227942924,15.00227955,7.09E-51,1.99E-50
SOX4,49.03038533,4.002014059,0.23625163,16.93962518,2.30E-64,7.97E-64
CASC15,7.766101941,1.44614395,0.2316002,6.244139476,4.26E-10,5.88E-10
NRSN1,139.6365609,5.715694823,0.234496807,24.37429699,3.20E-131,2.72E-130
MRS2,164.8310481,5.890740564,0.214894141,27.41229027,1.96E-165,2.40E-164
ALDH5A1,27.06688122,3.329036278,0.247043529,13.47550485,2.18E-41,5.14E-41
TDP2,60.30415459,4.363346373,0.253158489,17.23563127,1.43E-66,5.18E-66
ACOT13,35.59752679,3.563796016,0.204051126,17.46521124,2.64E-68,9.80E-68
C6orf62,1.904964625,-1.135469356,0.149641339,-7.587939009,3.25E-14,4.88E-14
SCGN,78.19613887,4.874832881,0.228827252,21.30355032,1.05E-100,6.27E-100
HIST1H3B,21.20265725,2.967156936,0.250469489,11.84638078,2.25E-32,4.59E-32
HIST1H1C,37.59501168,3.596963612,0.262746472,13.68986452,1.17E-42,2.83E-42
HIST1H1E,7.601089627,1.400260424,0.224422712,6.239388207,4.39E-10,6.06E-10
HIST1H2BD,20.273513,2.89174818,0.257964258,11.20987925,3.65E-29,7.08E-29
HIST1H4E,27.69206563,3.339801042,0.235940271,14.15528186,1.73E-45,4.42E-45
HIST1H2BH,26.88949047,3.318261784,0.229704749,14.44576921,2.67E-47,7.02E-47
BTN3A2,31.08418803,3.509267413,0.188725577,18.59455123,3.56E-77,1.51E-76
BTN2A2,52.17365937,4.287839092,0.234010142,18.3233045,5.39E-75,2.21E-74
BTN2A1,7.839331122,1.404061333,0.224762606,6.246863555,4.19E-10,5.78E-10
HCG11,12.95603911,2.199183498,0.199070645,11.0472516,2.26E-28,4.33E-28
HMGN4,183.4510761,5.988006814,0.190095644,31.49996856,8.70E-218,1.68E-216
ABT1,41.2722822,3.882151224,0.250230979,15.51427099,2.78E-54,8.21E-54
ZNF322,30.55252484,3.451799171,0.204670403,16.86516037,8.12E-64,2.79E-63
HIST1H2AG,8.309722826,1.55993639,0.236606047,6.592969231,4.31E-11,6.08E-11
HIST1H4I,1.862502661,-1.025305274,0.15779047,-6.497891002,8.15E-11,1.14E-10
HIST1H2BK,8.333131903,1.549120682,0.226414241,6.841975479,7.81E-12,1.12E-11
ZNF391,18.54293886,2.772183712,0.223344326,12.41215197,2.25E-35,4.82E-35
ZNF184,47.3617721,4.13511234,0.301239703,13.72698319,7.00E-43,1.70E-42
HIST1H2BL,219.1420542,6.367436608,0.161966064,39.31339958,0,0
HIST1H4J,42.36279023,3.972600034,0.228808999,17.36207954,1.60E-67,5.86E-67
HIST1H4K,8.908163493,1.673266356,0.21270329,7.866668889,3.64E-15,5.55E-15
HIST1H2BN,28.11425533,3.372455624,0.244150284,13.81303177,2.13E-43,5.22E-43
HIST1H1B,4.918739321,0.680889582,0.202587868,3.360959315,0.000776723,0.000915854
HIST1H2AM,42.47683912,3.988259005,0.245512,16.24466017,2.44E-59,7.81E-59
ZSCAN16-AS1,13.93185287,2.221868733,0.245040854,9.067339994,1.22E-19,2.01E-19
ZSCAN16,1029.871073,8.592292605,0.158581945,54.18203559,0,0
ZKSCAN8,16.35755114,2.565065925,0.247147384,10.37868936,3.10E-25,5.65E-25
ZSCAN9,54.67064282,4.355257678,0.259078264,16.81058694,2.04E-63,6.97E-63
ZKSCAN4,47.88315125,4.140452009,0.257439457,16.08320673,3.35E-58,1.05E-57
PGBD1,68.68468646,4.664610007,0.262084143,17.79813899,7.31E-71,2.82E-70
ZSCAN31,140.6433823,5.72609568,0.22251587,25.73342607,4.94E-146,4.94E-145
ZKSCAN3,32.78557345,3.60852186,0.227363056,15.87118824,1.00E-56,3.08E-56
ZSCAN12,15.28513688,2.470330203,0.232582028,10.62132885,2.37E-26,4.40E-26
ZSCAN23,372.2319803,7.132973938,0.266845059,26.73077017,2.07E-157,2.34E-156
TRIM27,1203.038302,8.723138949,0.15725362,55.47178473,0,0
HCG15,26.78375543,3.311770548,0.272614571,12.14817877,5.87E-34,1.23E-33
ZNF311,17.89777654,2.71934579,0.255517716,10.64249413,1.89E-26,3.52E-26
GABBR1,13.11736447,2.244063399,0.233717508,9.601605867,7.87E-22,1.35E-21
HLA-A,33.87155055,2.645339184,0.229164369,11.54341401,7.97E-31,1.59E-30
ZNRD1,33.29646209,3.45693325,0.23453357,14.73960958,3.59E-49,9.76E-49
PPP1R11,242.8525451,6.41247139,0.192659258,33.28400337,6.58E-243,1.52E-241
TRIM26,8.801658101,1.561409652,0.242858118,6.429308047,1.28E-10,1.79E-10
HCG18,51.60567816,4.239206395,0.256709273,16.51364728,2.93E-61,9.68E-61
TRIM39,7.96252891,1.472565171,0.242392636,6.075123396,1.24E-09,1.69E-09
RPP21,116.0114836,5.194128171,0.217805311,23.84757352,1.07E-125,8.52E-125
HLA-E,57.55639867,4.257027328,0.20862904,20.40476884,1.52E-92,7.99E-92
GNL1,10.47097971,1.796209012,0.236775248,7.586135072,3.30E-14,4.95E-14
ABCF1,35.84603978,3.519846725,0.272736305,12.90567725,4.18E-38,9.33E-38
PPP1R10,17.97833571,2.607447803,0.260291137,10.01742832,1.28E-23,2.27E-23
MRPS18B,6.722294821,0.992052703,0.241383272,4.109865171,3.96E-05,4.84E-05
ATAT1,13.67564463,2.307693989,0.249830094,9.237053674,2.53E-20,4.24E-20
C6orf136,4.508074916,0.573026472,0.209906537,2.729912462,0.006335114,0.007228349
DHX16,118.3132099,5.433193285,0.197470959,27.51388508,1.20E-166,1.49E-165
PPP1R18,64.56245396,4.46258651,0.217670689,20.50154996,2.09E-93,1.11E-92
NRM,9.756637804,1.741270354,0.23211131,7.501876381,6.29E-14,9.40E-14
MDC1,11.36225107,1.973840849,0.233870932,8.439872503,3.18E-17,4.99E-17
TUBB,3.676941862,-1.693856762,0.158347946,-10.69705546,1.05E-26,1.96E-26
FLOT1,22.5902708,2.783541342,0.244398759,11.38934318,4.73E-30,9.29E-30
DDR1,42.10100222,3.974358127,0.265738318,14.95590908,1.43E-50,3.97E-50
VARS2,8.384295835,1.581940409,0.228691175,6.917365354,4.60E-12,6.63E-12
CCHCR1,6.06626551,1.025233396,0.219492214,4.670932867,3.00E-06,3.77E-06
TCF19,91.90959389,4.993634086,0.22872421,21.83255585,1.14E-105,7.19E-105
POU5F1,51.28155285,4.251125514,0.242434031,17.53518472,7.72E-69,2.90E-68
HLA-C,32.77414914,3.035017243,0.240311175,12.62953019,1.45E-36,3.17E-36
HLA-B,37.93475256,3.140661631,0.244076888,12.86750931,6.86E-38,1.52E-37
MICA,139.4356236,5.631083779,0.211614617,26.61008889,5.19E-156,5.78E-155
DDX39B,54.51477506,4.082412104,0.216442463,18.86141953,2.37E-79,1.04E-78
ATP6V1G2,19.38164975,2.822655201,0.210847447,13.38719173,7.18E-41,1.68E-40
PRRC2A,3102.275238,10.04852703,0.157960496,63.61417758,0,0
BAG6,6.878840127,1.173678208,0.232667637,5.04444117,4.55E-07,5.86E-07
APOM,27.21394669,3.336741143,0.255992868,13.03450822,7.79E-39,1.76E-38
GPANK1,19.05274903,2.685907119,0.244563115,10.98247018,4.64E-28,8.85E-28
CSNK2B,195.1683208,5.69630687,0.181332975,31.41351912,1.32E-216,2.52E-215
ABHD16A,175.7983776,6.007283843,0.242780076,24.74372663,3.62E-135,3.22E-134
LY6G6D,53.87211444,4.332891492,0.268944784,16.11071029,2.15E-58,6.78E-58
DDAH2,88.84159271,4.937992507,0.21184777,23.30915499,3.58E-120,2.65E-119
MSH5,49.96285923,4.168373707,0.247485397,16.84290773,1.18E-63,4.06E-63
VARS,7.616969936,1.31117367,0.237670391,5.516773319,3.45E-08,4.56E-08
LSM2,29.43581483,3.186145402,0.236212678,13.48846063,1.83E-41,4.32E-41
HSPA1A,16.44529754,1.221717317,0.182821472,6.682570177,2.35E-11,3.34E-11
HSPA1B,3.193723373,-0.389402153,0.178563591,-2.180747768,0.029202078,0.032384508
NEU1,32.79243084,3.544569252,0.244800778,14.47940353,1.64E-47,4.32E-47
EHMT2,55.12936168,4.33456017,0.262308443,16.52466889,2.44E-61,8.08E-61
NELFE,6.299218683,0.931179633,0.208682472,4.462184214,8.11E-06,1.01E-05
SKIV2L,19.56637272,2.805859171,0.255331327,10.98909095,4.31E-28,8.23E-28
DXO,55.70764498,4.371781714,0.238716529,18.31369506,6.44E-75,2.64E-74
STK19,11.33026733,1.880263565,0.225649892,8.332658818,7.90E-17,1.24E-16
ATF6B,8.974234478,1.602574393,0.225927747,7.093304877,1.31E-12,1.91E-12
FKBPL,95.68882744,5.146729537,0.268537147,19.16580103,7.14E-82,3.26E-81
PPT2,25.30542569,3.227791771,0.204404057,15.79123142,3.58E-56,1.09E-55
EGFL8,53.93756728,4.302647434,0.20565726,20.92144685,3.42E-97,1.95E-96
AGPAT1,20.64864309,2.833983679,0.257864552,10.99020263,4.26E-28,8.13E-28
RNF5,378.6245752,7.022165421,0.183056362,38.36067392,0,0
PBX2,25.12584167,3.174676343,0.257018,12.35196114,4.75E-35,1.02E-34
HLA-DRB1,11.45366614,2.056211393,0.237752931,8.648521727,5.22E-18,8.33E-18
BRD2,23.55361062,2.949495868,0.262012935,11.25706207,2.14E-29,4.16E-29
HLA-DPB1,1.786578686,-1.271898398,0.135743938,-9.369835686,7.26E-21,1.23E-20
RXRB,140.1294402,5.656120527,0.216683737,26.10311504,3.36E-150,3.53E-149
SLC39A7,11.92285022,1.947527835,0.24189448,8.051146252,8.20E-16,1.26E-15
RING1,14.77248414,2.305741303,0.248234109,9.288575657,1.56E-20,2.62E-20
HCG25,9.847788116,1.833112359,0.244945494,7.483756201,7.22E-14,1.08E-13
VPS52,29.41089932,3.426820858,0.242213907,14.14791127,1.92E-45,4.90E-45
RPS18,15.10369139,-2.515817085,0.20307891,-12.38837199,3.02E-35,6.47E-35
WDR46,18.16764479,2.486684824,0.244892838,10.15417537,3.17E-24,5.68E-24
RGL2,84.28707977,4.888579732,0.172496466,28.34017324,1.11E-176,1.51E-175
TAPBP,7.878677391,1.397606244,0.232414376,6.01342425,1.82E-09,2.47E-09
DAXX,81.12008213,4.833245034,0.252115023,19.17079347,6.49E-82,2.96E-81
KIFC1,4.243556072,0.433901946,0.188731166,2.299047657,0.021502233,0.024034379
PHF1,4.891898965,0.68228413,0.206739427,3.300212929,0.000966115,0.001134616
CUTA,2.383814367,-1.285302691,0.141517172,-9.08230904,1.06E-19,1.76E-19
ZBTB9,47.37153945,4.14658408,0.221353816,18.73283305,2.67E-78,1.16E-77
UQCC2,6.40410552,0.694409448,0.217722194,3.189428851,0.001425542,0.00166446
RPS10,6.579169003,-1.048328021,0.20628377,-5.08197043,3.74E-07,4.82E-07
SNRPC,48.90743359,3.792897757,0.248744445,15.2481707,1.69E-52,4.86E-52
UHRF1BP1,9.005874365,1.671792287,0.238669279,7.004639622,2.48E-12,3.58E-12
TAF11,60.941137,4.334548883,0.234734687,18.46573651,3.90E-76,1.63E-75
ANKS1A,6.030773575,0.988677226,0.192675396,5.1313102,2.88E-07,3.72E-07
SCUBE3,8.233385085,1.499860473,0.241766056,6.203767806,5.51E-10,7.59E-10
ZNF76,6.499089708,1.136550638,0.210425589,5.401199746,6.62E-08,8.68E-08
FANCE,58.08663094,4.421745769,0.201093312,21.98852725,3.71E-107,2.38E-106
TEAD3,2136.613998,9.624438986,0.180394271,53.35224303,0,0
FKBP5,218.8668532,6.355084554,0.186719085,34.03553826,6.64E-254,1.68E-252
SRPK1,16.39469932,2.355408759,0.215087936,10.95091059,6.58E-28,1.25E-27
MAPK14,341.0787155,6.870501646,0.19698458,34.87837295,1.58E-266,4.48E-265
BRPF3,27.51788489,3.306578155,0.222855235,14.83733671,8.40E-50,2.31E-49
KCTD20,7.755145639,1.381526158,0.222269643,6.215541347,5.11E-10,7.04E-10
STK38,6.066094019,1.013877995,0.205145564,4.942237004,7.72E-07,9.87E-07
SRSF3,8.610119526,0.621149751,0.231964666,2.677777444,0.007411244,0.008436724
CDKN1A,80.90449885,4.470349978,0.231115599,19.34248486,2.36E-83,1.10E-82
PPIL1,221.243767,6.29701428,0.19287951,32.64739881,8.72E-234,1.87E-232
C6orf89,41.9994441,3.864609394,0.201449729,19.18398905,5.04E-82,2.30E-81
PIM1,56.89036522,4.391104761,0.213844476,20.53410428,1.07E-93,5.72E-93
TBC1D22B,7.395464344,1.36148903,0.23448298,5.806344792,6.39E-09,8.60E-09
RNF8,21.61955163,2.943359953,0.215829296,13.63744407,2.40E-42,5.78E-42
CMTR1,4.336335907,0.544695899,0.218702249,2.490582067,0.012753404,0.014357157
CCDC167,142.0229961,5.486088701,0.203847346,26.91273056,1.56E-159,1.80E-158
MDGA1,35.19466051,3.702745199,0.253611073,14.60009281,2.80E-48,7.50E-48
ZFAND3,6.086432564,0.730644291,0.196030335,3.727200132,0.000193619,0.000232539
BTBD9,21.07814507,2.704738098,0.251325793,10.7618803,5.21E-27,9.78E-27
GLO1,125.3260942,5.199976146,0.207898192,25.01212783,4.51E-138,4.18E-137
SAYSD1,5.432367555,0.856377861,0.222244823,3.853308478,0.000116532,0.000140954
MOCS1,5.642584604,0.949467007,0.221723893,4.282204301,1.85E-05,2.28E-05
OARD1,46.18698507,4.015844573,0.240425527,16.70307067,1.24E-62,4.20E-62
APOBEC2,45.84603983,4.097822844,0.24182571,16.9453564,2.08E-64,7.24E-64
NFYA,33.3936619,3.603727271,0.259067517,13.91037871,5.48E-44,1.36E-43
FOXP4,74.77265539,4.756496905,0.244232085,19.4753155,1.78E-84,8.45E-84
PRICKLE4,6.68685815,1.217223366,0.21468751,5.669744682,1.43E-08,1.91E-08
USP49,56.33381973,4.398476526,0.219784309,20.01269583,4.27E-89,2.15E-88
MED20,7.582626933,1.425518611,0.235983263,6.040761513,1.53E-09,2.09E-09
BYSL,2.622040308,-0.446442863,0.170008237,-2.626007256,0.008639298,0.009803893
CCND3,95.47827484,5.0016302,0.21890435,22.84847329,1.51E-115,1.06E-114
TAF8,13.66516432,2.248829561,0.239634526,9.384413816,6.33E-21,1.07E-20
MRPS10,69.70350093,4.469942925,0.168809136,26.47927142,1.68E-154,1.83E-153
TRERF1,4.324191827,0.46603546,0.217669844,2.141019866,0.032272436,0.035680248
UBR2,31.13326909,3.479561249,0.232384991,14.97326154,1.10E-50,3.06E-50
TBCC,5.708290375,0.910203765,0.213501358,4.263222377,2.01E-05,2.48E-05
RPL7L1,42.73183193,3.628067097,0.255808578,14.18274212,1.17E-45,3.00E-45
CNPY3,327.320313,6.863266187,0.247759035,27.70137598,6.72E-169,8.58E-168
PPP2R5D,4.990143367,0.709740881,0.197821399,3.587786181,0.000333498,0.000397854
MEA1,78.60350384,4.609938059,0.19350258,23.82365163,1.90E-125,1.50E-124
KLHDC3,17.4952223,2.528796564,0.250022591,10.11427229,4.78E-24,8.52E-24
RRP36,2.788013251,-0.584260013,0.180594793,-3.235198544,0.001215582,0.001423133
CUL7,42.06506664,3.950577575,0.240725572,16.41112549,1.59E-60,5.20E-60
KLC4,4.327845119,0.505492808,0.209882995,2.408450524,0.016020398,0.017975396
MRPL2,13.09591416,2.117270909,0.232774909,9.095786642,9.39E-20,1.55E-19
SRF,26.92478986,3.308791922,0.239442686,13.81872205,1.97E-43,4.83E-43
CUL9,16.8869491,2.615463253,0.275285286,9.500919176,2.08E-21,3.54E-21
DNPH1,60.73240448,4.190813318,0.213870746,19.59507506,1.70E-85,8.17E-85
ZNF318,81.33478781,4.921148647,0.247883965,19.85263005,1.05E-87,5.17E-87
ABCC10,5.784072586,0.988538408,0.220133672,4.490627885,7.10E-06,8.84E-06
TJAP1,2.235139554,-0.663629299,0.167720984,-3.956745801,7.60E-05,9.24E-05
POLR1C,6.478060703,1.089123123,0.224492277,4.851494847,1.23E-06,1.56E-06
YIPF3,2.091675273,-1.16767696,0.130816949,-8.926037244,4.42E-19,7.19E-19
XPO5,2.561499291,-0.414054954,0.176255957,-2.349168572,0.018815386,0.021072302
POLH,19.56239037,2.801647953,0.203799789,13.74706013,5.30E-43,1.29E-42
GTPBP2,9.756556604,1.70808754,0.241504397,7.072697493,1.52E-12,2.21E-12
MAD2L1BP,53.61348498,4.292346011,0.270369811,15.87583314,9.32E-57,2.86E-56
RSPH9,46.15984295,4.10860503,0.273078698,15.04549811,3.70E-51,1.04E-50
MRPS18A,40.84564528,3.857134164,0.268710485,14.35423766,1.00E-46,2.62E-46
VEGFA,4.755431604,0.415653678,0.188693515,2.202797894,0.027608997,0.030661616
MRPL14,12.89023257,1.762575729,0.215731863,8.170215104,3.08E-16,4.77E-16
SLC29A1,2.498114885,-0.391020439,0.178882999,-2.185900509,0.028822885,0.031970516
HSP90AB1,37.21274575,2.035132834,0.218903536,9.296939054,1.45E-20,2.43E-20
NFKBIE,5.793791792,1.005805926,0.204606618,4.915803477,8.84E-07,1.13E-06
AARS2,6.22141013,1.101733336,0.234153398,4.705177661,2.54E-06,3.20E-06
CDC5L,159.9729844,5.680780035,0.170811182,33.25765894,1.58E-242,3.64E-241
SUPT3H,55.7368555,4.194635675,0.232120005,18.07097873,5.39E-73,2.15E-72
RUNX2,979.6135131,8.498133801,0.152040505,55.89388023,0,0
ENPP4,22.1017391,3.019221144,0.243351137,12.40685036,2.40E-35,5.15E-35
RCAN2,1.676281965,-1.280955941,0.137233112,-9.334160812,1.02E-20,1.72E-20
SLC25A27,5.496447083,0.920025638,0.216972793,4.240281116,2.23E-05,2.75E-05
TNFRSF21,9.751103655,1.800420213,0.240269769,7.493328113,6.71E-14,1.00E-13
CD2AP,200.7611314,6.095618437,0.156891534,38.85243709,0,0
CENPQ,7.483015989,1.32326272,0.219456241,6.029733822,1.64E-09,2.24E-09
TFAP2B,73.10866547,4.777212338,0.24401883,19.57722826,2.42E-85,1.16E-84
MCM3,19.76646176,2.729433114,0.219656274,12.4259283,1.89E-35,4.06E-35
PAQR8,7.034597588,1.313519992,0.232659478,5.645675828,1.65E-08,2.19E-08
EFHC1,23.49012398,3.086521453,0.253736382,12.16428416,4.82E-34,1.01E-33
TRAM2,44.04465325,3.863956781,0.225343114,17.14699295,6.62E-66,2.36E-65
TRAM2-AS1,37.22203631,3.753212543,0.216600111,17.32784222,2.90E-67,1.06E-66
TMEM14A,5.81607117,0.86647836,0.220079366,3.937117673,8.25E-05,0.000100139
GSTA4,42.41807922,3.901963016,0.265107755,14.7184039,4.91E-49,1.33E-48
ICK,23.95520889,3.063805193,0.239582172,12.78811843,1.91E-37,4.22E-37
FBXO9,24.5479333,2.977968663,0.188178974,15.82519346,2.09E-56,6.38E-56
ELOVL5,26.46593707,3.188485241,0.250972836,12.70450336,5.58E-37,1.23E-36
GCLC,13.39633869,2.211936185,0.241476999,9.16002846,5.19E-20,8.61E-20
DST,3.770135101,-0.692486611,0.188549665,-3.672701363,0.00024,0.000287672
KIAA1586,21.71822394,2.941758843,0.258225917,11.3921905,4.57E-30,9.00E-30
ZNF451,47.35703342,3.999826834,0.269141129,14.86144778,5.86E-50,1.61E-49
BAG2,5.864293065,0.794140103,0.230530275,3.444840828,0.000571396,0.000676832
RAB23,45.22129478,3.964400681,0.230265909,17.2166201,1.99E-66,7.18E-66
PRIM2,117.6815537,5.253119979,0.197822796,26.55467457,2.27E-155,2.51E-154
KHDRBS2,38.38852898,3.838186734,0.286153093,13.41305346,5.07E-41,1.19E-40
FKBP1C,75.50282308,4.823680474,0.192476592,25.06112785,1.32E-138,1.23E-137
PTP4A1,29.07117259,3.43521475,0.224084395,15.33000433,4.82E-53,1.39E-52
PHF3,28.35896804,3.281310128,0.264888267,12.38752537,3.05E-35,6.54E-35
EYS,14.24878463,2.359712197,0.221445118,10.65596849,1.64E-26,3.05E-26
LMBRD1,26.83754431,3.293931909,0.242313815,13.59366123,4.37E-42,1.05E-41
COL9A1,5.923651671,1.038637882,0.219668425,4.728207447,2.27E-06,2.86E-06
FAM135A,4.621405403,0.609979029,0.210435184,2.898655143,0.003747668,0.004313669
SMAP1,305.4950665,6.702693961,0.161601408,41.47670524,0,0
B3GAT2,15.61065885,2.50642195,0.269602602,9.296727606,1.45E-20,2.43E-20
OGFRL1,7.685049795,1.366496328,0.226044438,6.045255263,1.49E-09,2.03E-09
LINC00472,40.72021615,3.881566041,0.263380711,14.73747273,3.70E-49,1.01E-48
RIMS1,1.928094385,-1.050975511,0.134907667,-7.790331971,6.68E-15,1.01E-14
MTO1,4.05742243,0.388764517,0.189036027,2.056563095,0.039728271,0.043732083
EEF1A1,10.60343511,-2.980760793,0.153628745,-19.40236378,7.37E-84,3.47E-83
SLC17A5,28.84572415,3.409416536,0.201752898,16.89897182,4.58E-64,1.58E-63
COL12A1,51.84774399,4.032830699,0.194252283,20.76078918,9.79E-96,5.44E-95
COX7A2,55.6601868,3.132223775,0.156407372,20.02606226,3.26E-89,1.65E-88
TMEM30A,37.00962046,3.64531932,0.156469398,23.29733079,4.72E-120,3.49E-119
FILIP1,12.29004482,2.15854492,0.23556362,9.163320388,5.03E-20,8.36E-20
SENP6,108.2681581,5.115608153,0.228125035,22.42458028,2.27E-111,1.52E-110
MYO6,7.887047409,1.365237219,0.21247956,6.425263787,1.32E-10,1.84E-10
IRAK1BP1,30.28738471,3.472309262,0.263122399,13.19655521,9.18E-40,2.10E-39
PHIP,5.628994672,0.814248511,0.223351884,3.645586044,0.000266783,0.000319317
HMGN3,122.3707401,5.18226657,0.170008632,30.48237322,4.46E-204,7.61E-203
HMGN3-AS1,67.58564604,4.663184728,0.216354123,21.55348214,4.91E-103,3.01E-102
LCA5,107.1803527,5.310985794,0.227118628,23.38419287,6.19E-121,4.63E-120
SH3BGRL2,2.260539347,-0.565921363,0.170743399,-3.314455307,0.000918219,0.001079182
ELOVL4,6.018878953,1.03175773,0.224338277,4.599115872,4.24E-06,5.31E-06
TTK,13.44558799,2.249283829,0.250882821,8.965475676,3.09E-19,5.05E-19
BCKDHB,17.92280058,2.663911767,0.237924875,11.19644076,4.24E-29,8.23E-29
IBTK,16.31819959,2.362383283,0.241604597,9.777890436,1.40E-22,2.44E-22
TPBG,6.796856329,1.066648218,0.228019638,4.677878754,2.90E-06,3.65E-06
UBE3D,32.48023164,3.5205884,0.22930581,15.35324553,3.37E-53,9.77E-53
PGM3,20.65321333,2.633776195,0.228340705,11.53441387,8.85E-31,1.77E-30
SNAP91,81.95188745,4.942616659,0.226362593,21.83495336,1.08E-105,6.83E-105
CYB5R4,31.4519859,3.488577554,0.161650487,21.58099013,2.71E-103,1.67E-102
SYNCRIP,14.39089214,1.89190656,0.222536955,8.50153882,1.87E-17,2.96E-17
SNHG5,16.00275165,1.362881383,0.178475447,7.636240218,2.24E-14,3.37E-14
ZNF292,2.384563779,-0.757357855,0.156349576,-4.844003244,1.27E-06,1.62E-06
C6orf163,18.10527809,2.735094967,0.197462904,13.85118377,1.25E-43,3.09E-43
RARS2,30.36511089,3.302839431,0.221695383,14.8980975,3.39E-50,9.38E-50
ORC3,1.851163581,-1.222176588,0.141585887,-8.63205095,6.03E-18,9.61E-18
AKIRIN2,13.75238785,2.073453534,0.228880568,9.059106892,1.32E-19,2.17E-19
CNR1,10.40211844,1.909744465,0.221305401,8.62945259,6.16E-18,9.83E-18
PNRC1,93.64496808,4.984363187,0.207696241,23.99833123,2.89E-127,2.35E-126
SRSF12,55.38814797,4.374132725,0.203659637,21.47766136,2.52E-102,1.53E-101
RRAGD,12.8921212,2.228006568,0.259291531,8.592670025,8.50E-18,1.35E-17
ANKRD6,7.702894705,1.431993406,0.223200716,6.41572049,1.40E-10,1.96E-10
LYRM2,34.90821902,3.415358606,0.216349577,15.78629667,3.87E-56,1.18E-55
MDN1,14.72186479,2.315341855,0.192211219,12.04582054,2.04E-33,4.24E-33
CASP8AP2,16.93769079,2.569986033,0.203351136,12.63816908,1.30E-36,2.84E-36
BACH2,10.21961891,1.820415739,0.228466105,7.967990448,1.61E-15,2.47E-15
MAP3K7,128.6799546,5.512489387,0.202737954,27.19021912,8.48E-163,1.01E-161
EPHA7,118.170383,5.47378073,0.241080118,22.70523499,3.98E-114,2.75E-113
MANEA,6.137616517,1.068352689,0.225921167,4.728873817,2.26E-06,2.85E-06
FUT9,46.89129148,4.131767001,0.271243547,15.23268314,2.15E-52,6.15E-52
UFL1,34.71251921,3.575804792,0.245680241,14.55471055,5.45E-48,1.45E-47
GPR63,4.573890429,0.632840876,0.217852515,2.90490508,0.003673645,0.004231154
MMS22L,2.761168398,-0.392370694,0.176925692,-2.217714625,0.026574296,0.02953968
POU3F2,37.40176457,3.800466387,0.255048066,14.90098103,3.25E-50,8.99E-50
FBXL4,5.260419486,0.793057687,0.21692279,3.655944531,0.000256237,0.000306931
FAXC,5.802665752,1.011945707,0.229466455,4.409994068,1.03E-05,1.28E-05
COQ3,12.43510881,2.153294478,0.21469357,10.02961794,1.13E-23,2.00E-23
PNISR,29.22052397,3.090260684,0.239182931,12.920072,3.47E-38,7.75E-38
USP45,40.2346505,3.844052216,0.214962067,17.88246768,1.62E-71,6.29E-71
CCNC,307.6807911,6.657640474,0.206782036,32.19641615,1.98E-227,4.09E-226
PRDM13,9.093680339,1.703610938,0.249046438,6.840535255,7.89E-12,1.13E-11
ASCC3,32.86859531,3.377639708,0.243939736,13.84620546,1.34E-43,3.30E-43
GRIK2,67.61254554,4.663856876,0.261301425,17.8485704,2.97E-71,1.15E-70
HACE1,401.4224394,7.210301239,0.187740182,38.40574331,0,0
LIN28B,28.65945903,3.413033421,0.275757794,12.3769246,3.48E-35,7.46E-35
BVES,24.85792985,3.204411806,0.259094515,12.36773308,3.91E-35,8.36E-35
PREP,2.468423117,-0.467851219,0.185301042,-2.524816983,0.011575856,0.01307487
PRDM1,21.9074301,2.962157108,0.242004954,12.24006807,1.90E-34,4.00E-34
ATG5,186.8366223,5.982831982,0.154327232,38.76718267,0,0
QRSL1,6.707552407,1.060145506,0.239033692,4.435130029,9.20E-06,1.14E-05
BEND3,6.761162202,1.229888706,0.228534537,5.381631688,7.38E-08,9.67E-08
PDSS2,55.92147873,4.21130136,0.222602592,18.91847405,8.03E-80,3.54E-79
SOBP,37.25915781,3.784922726,0.230050457,16.45257644,8.04E-61,2.64E-60
SEC63,2.538313865,-0.687862864,0.179173731,-3.839083212,0.000123495,0.000149226
OSTM1,87.78311815,4.969815488,0.251021185,19.7983907,3.07E-87,1.51E-86
SNX3,18.3158021,1.9129479,0.200229497,9.553776692,1.25E-21,2.14E-21
FOXO3,4.907292505,0.46402986,0.207155947,2.240002596,0.025090754,0.02793631
ARMC2,2.40407461,-0.514483996,0.172090569,-2.989611802,0.002793322,0.003230587
SESN1,11.25111531,1.889447825,0.243703523,7.753059132,8.97E-15,1.36E-14
CEP57L1,4.390425107,0.480495487,0.190951761,2.516318696,0.01185879,0.013388877
CD164,5.700757874,0.698959059,0.216066233,3.234929626,0.001216727,0.00142432
PPIL6,39.96208401,3.886245765,0.2503412,15.52379618,2.39E-54,7.10E-54
MICAL1,55.94717662,4.32339015,0.217975654,19.83427996,1.51E-87,7.44E-87
ZBTB24,297.5852347,6.788415732,0.186045074,36.48801655,1.72E-291,5.82E-290
FIG4,31.61800287,3.535271649,0.2461426,14.36269729,8.87E-47,2.32E-46
WASF1,9.907742682,1.829486537,0.217610663,8.407154849,4.20E-17,6.60E-17
CDC40,22.4032775,2.954795239,0.194986615,15.15383628,7.15E-52,2.03E-51
GTF3C6,154.3369241,5.301463538,0.185745885,28.54148585,3.58E-179,5.01E-178
RPF2,41.73640838,3.769549811,0.194787333,19.35213009,1.96E-83,9.16E-83
SLC16A10,4.837877498,0.702427149,0.211237901,3.325289377,0.000883268,0.001039004
TRAF3IP2-AS1,46.67200019,4.017915305,0.225997614,17.77857402,1.04E-70,3.99E-70
TRAF3IP2,18.74560233,2.735121021,0.231999791,11.78932538,4.43E-32,9.02E-32
FYN,24.02226408,2.926071109,0.199698718,14.6524281,1.30E-48,3.49E-48
TUBE1,20.32665339,2.886498821,0.258994188,11.1450332,7.57E-29,1.46E-28
FAM229B,24.74946564,3.11427107,0.269530011,11.55445013,7.01E-31,1.40E-30
LAMA4,49.88147586,4.105280834,0.20548419,19.97857268,8.46E-89,4.25E-88
MARCKS,349.4139986,6.228630114,0.173335766,35.9339002,9.03E-283,2.89E-281
HDAC2,15.16671687,2.337032773,0.23190956,10.07734556,6.96E-24,1.24E-23
NT5DC1,111.0654738,5.269697876,0.231651047,22.74843111,1.49E-114,1.03E-113
TSPYL4,73.42490022,4.762459058,0.239493387,19.88555555,5.43E-88,2.69E-87
DSE,6.740927544,1.136179048,0.2110237,5.384130059,7.28E-08,9.54E-08
TSPYL1,8.042603761,1.437290415,0.212259344,6.771388175,1.28E-11,1.82E-11
RWDD1,2.008609279,-1.458815888,0.136154089,-10.71444787,8.71E-27,1.63E-26
RSPH4A,17.48346163,2.68535265,0.249138298,10.77856225,4.35E-27,8.17E-27
KPNA5,39.51591292,3.794824644,0.250693649,15.1372987,9.19E-52,2.61E-51
DCBLD1,25.45874265,3.183068385,0.227659324,13.98171763,2.02E-44,5.05E-44
GOPC,38.12396719,3.683722345,0.251551642,14.64400037,1.47E-48,3.95E-48
NUS1,58.62746182,4.302020566,0.232157992,18.53057275,1.17E-76,4.94E-76
SLC35F1,26.21785703,3.238342973,0.261462431,12.38550014,3.13E-35,6.71E-35
CEP85L,5.200628563,0.751781821,0.212813137,3.532591237,0.000411508,0.000489683
MCM9,9.060985499,1.655007132,0.237703864,6.962474681,3.34E-12,4.83E-12
ASF1A,379.5357883,7.108291276,0.178174171,39.89518376,0,0
FAM184A,94.31347448,5.14728111,0.228944123,22.48269593,6.13E-112,4.14E-111
GJA1,7.547035195,1.199977137,0.207893273,5.772082565,7.83E-09,1.05E-08
HSF2,26.74594196,3.266629015,0.224398174,14.55728873,5.25E-48,1.40E-47
SERINC1,10.04701181,1.665674467,0.239375585,6.958414188,3.44E-12,4.97E-12
PKIB,99.09890132,5.218643499,0.231798862,22.51367176,3.05E-112,2.07E-111
FABP7,24.46449465,3.178855634,0.254344661,12.49822042,7.63E-36,1.65E-35
CLVS2,129.9750078,5.612055594,0.205880406,27.25881357,1.31E-163,1.58E-162
NKAIN2,4.102471411,0.456914683,0.21158173,2.159518612,0.030809955,0.034122347
RNF217,7.509543363,1.310372023,0.215288482,6.086586762,1.15E-09,1.58E-09
TPD52L1,4.433467521,0.560615189,0.209782615,2.672362471,0.007531924,0.008571409
HDDC2,24.67841722,2.861848818,0.247767009,11.55056451,7.33E-31,1.47E-30
NCOA7,4.759223939,0.559799554,0.158032308,3.542310813,0.000396638,0.000472349
TRMT11,103.6983819,5.118712452,0.198803953,25.74753854,3.43E-146,3.44E-145
CENPW,92.40730485,4.971404102,0.242656161,20.48744233,2.79E-93,1.48E-92
RNF146,10.32111092,1.850053226,0.233512596,7.92271276,2.32E-15,3.56E-15
ECHDC1,24.45379592,2.863813981,0.242792553,11.79531227,4.13E-32,8.41E-32
PTPRK,71.05706642,4.347899783,0.18213932,23.87128587,6.09E-126,4.86E-125
L3MBTL3,74.08216468,4.785761994,0.200214415,23.90318398,2.84E-126,2.27E-125
TMEM200A,5.473874874,0.879336486,0.213988577,4.109268354,3.97E-05,4.86E-05
EPB41L2,6.606084284,1.035337092,0.21513786,4.812435592,1.49E-06,1.89E-06
AKAP7,2.086394174,-0.868000449,0.160757193,-5.399450157,6.68E-08,8.77E-08
MED23,19.50686085,2.761844389,0.251530073,10.98017567,4.76E-28,9.08E-28
ENPP1,18.28142194,2.672621038,0.262720877,10.17285367,2.62E-24,4.70E-24
MOXD1,8.186063736,1.544663856,0.218819907,7.059064576,1.68E-12,2.44E-12
STX7,132.9898128,5.581023844,0.197635829,28.23892742,1.95E-175,2.62E-174
SLC18B1,13.98176498,2.354740087,0.253347157,9.294519502,1.48E-20,2.48E-20
RPS12,10.23029728,-3.072031244,0.199568796,-15.39334461,1.81E-53,5.29E-53
TBPL1,32.70029007,3.402999,0.256313139,13.27672479,3.16E-40,7.29E-40
HBS1L,377.0624824,7.006788534,0.185387755,37.79531457,0,0
MYB,15.47217812,2.499967659,0.241594708,10.34777493,4.28E-25,7.78E-25
AHI1,18.90266635,2.508109836,0.23992601,10.45368043,1.41E-25,2.58E-25
MTFR2,11.27530473,1.988012523,0.241813392,8.221267255,2.01E-16,3.13E-16
BCLAF1,88.8424611,4.765787038,0.247498341,19.25583429,1.26E-82,5.85E-82
MAP7,100.7161084,5.21972154,0.193467506,26.97983581,2.55E-160,2.97E-159
IFNGR1,6.085245413,1.015537735,0.192700798,5.270023505,1.36E-07,1.78E-07
OLIG3,11.01202697,1.998569901,0.228546931,8.744680538,2.24E-18,3.60E-18
PERP,45.74630967,3.960703911,0.242836362,16.31017642,8.36E-60,2.70E-59
HEBP2,12.15239705,1.746218786,0.202647941,8.617007296,6.87E-18,1.09E-17
NHSL1,15.4842416,2.393306646,0.22133069,10.81326159,2.98E-27,5.61E-27
CCDC28A,4.954519323,0.727006118,0.226004755,3.216773552,0.001296409,0.001514986
ECT2L,37.3118654,3.796889342,0.250175239,15.176919,5.03E-52,1.43E-51
REPS1,10.3668011,1.774269768,0.259831455,6.828541106,8.58E-12,1.23E-11
ABRACL,33.99332518,3.432936849,0.227655709,15.07951135,2.21E-51,6.23E-51
HECA,53.79819471,4.320646692,0.205962008,20.97788192,1.04E-97,6.00E-97
VTA1,125.5833834,5.259637773,0.210784971,24.95262237,2.00E-137,1.84E-136
AIG1,41.47998269,3.768152269,0.212953613,17.6947093,4.61E-70,1.76E-69
ADAT2,4.837887628,0.661737813,0.187094209,3.536923005,0.000404818,0.000481827
PEX3,27.13936072,3.286928292,0.198982913,16.51864598,2.69E-61,8.91E-61
FUCA2,24.40693765,2.988836625,0.237807876,12.56828275,3.16E-36,6.85E-36
LTV1,18.86845529,2.639599245,0.223420265,11.81450236,3.28E-32,6.70E-32
PLAGL1,6.671211341,1.027394887,0.217556438,4.722429256,2.33E-06,2.94E-06
SF3B5,2.76505385,-1.215044116,0.15862268,-7.659964593,1.86E-14,2.80E-14
UTRN,12.63801509,1.972922774,0.250127406,7.887671341,3.08E-15,4.70E-15
EPM2A,70.3170614,4.677854266,0.24132711,19.38387385,1.06E-83,4.96E-83
FBXO30,6.878946609,1.232597242,0.216509419,5.69304212,1.25E-08,1.67E-08
SHPRH,30.43610942,3.4468756,0.243027452,14.18307098,1.17E-45,2.98E-45
RAB32,84.99617767,4.506113068,0.223436318,20.16732604,1.90E-90,9.74E-90
STXBP5,10.53591177,1.520335768,0.206045366,7.378645766,1.60E-13,2.37E-13
UST,5.093412972,0.673969195,0.212664754,3.169162655,0.001528788,0.001782329
TAB2,141.8075104,5.622482283,0.193036131,29.12657982,1.65E-186,2.42E-185
SUMO4,61.27153394,4.52003263,0.23883394,18.92542005,7.04E-80,3.11E-79
PPIL4,13.16771353,2.081390833,0.232296157,8.960074336,3.24E-19,5.30E-19
GINM1,1.836174369,-1.161936757,0.151265097,-7.681459752,1.57E-14,2.37E-14
KATNA1,203.1155141,6.1444835,0.202924859,30.27959967,2.13E-201,3.55E-200
LATS1,38.21061958,3.757759302,0.236660393,15.8782771,8.96E-57,2.76E-56
NUP43,99.71038455,5.18554699,0.200292331,25.88989281,8.66E-148,8.81E-147
PCMT1,114.3670857,5.158710531,0.172454373,29.91348053,1.31E-196,2.09E-195
LRP11,59.30443627,4.397484395,0.213747675,20.5732502,4.77E-94,2.57E-93
ULBP1,117.8118437,5.469740727,0.230850456,23.6938701,4.17E-124,3.23E-123
ULBP3,65.30879652,4.60281426,0.223671046,20.57849836,4.28E-94,2.30E-93
MTHFD1L,16.44750198,2.313331959,0.236521348,9.780647598,1.36E-22,2.38E-22
AKAP12,9.202877619,1.202116369,0.23087195,5.20685328,1.92E-07,2.50E-07
ZBTB2,37.98456801,3.802119042,0.243524866,15.61285754,5.95E-55,1.78E-54
RMND1,72.87040732,4.71891514,0.196355361,24.03252507,1.27E-127,1.03E-126
SYNE1,11.84257269,1.761161351,0.227816035,7.730629466,1.07E-14,1.62E-14
FBXO5,5.358548911,0.686445028,0.219001674,3.134428217,0.001721894,0.002004235
MTRF1L,101.238065,5.156642831,0.196692068,26.2168316,1.71E-151,1.82E-150
RGS17,51.58195763,4.224163436,0.249266368,16.94638335,2.05E-64,7.12E-64
AL590867.1,5.200570935,0.831712164,0.211659168,3.929488015,8.51E-05,0.000103312
CNKSR3,5.777484406,0.9720621,0.199343781,4.876310133,1.08E-06,1.38E-06
SCAF8,11.07788757,1.870083407,0.212141841,8.815250196,1.19E-18,1.93E-18
TIAM2,66.83375003,4.498263332,0.224100447,20.0725317,1.28E-89,6.52E-89
TFB1M,4.481667955,0.532051616,0.202606638,2.626032494,0.008638657,0.009803893
ARID1B,137.73506,5.434175713,0.235135847,23.11079226,3.61E-118,2.61E-117
TMEM242,60.07269989,4.395991513,0.250189751,17.57062987,4.14E-69,1.56E-68
ZDHHC14,9.351062668,1.689011688,0.231571404,7.293697145,3.02E-13,4.45E-13
SNX9,170.0009751,5.444133016,0.181851857,29.93718674,6.46E-197,1.03E-195
SYNJ2,34.06521681,3.006236089,0.232716113,12.91804016,3.56E-38,7.95E-38
GTF2H5,34.20280623,3.106894598,0.246433211,12.60745084,1.92E-36,4.18E-36
TULP4,2.606407211,-0.52311393,0.138331721,-3.781590558,0.00015583,0.000187797
TMEM181,77.9650042,4.703363183,0.205220513,22.9185821,3.03E-116,2.15E-115
DYNLT1,47.7012845,3.199254563,0.246769937,12.96452315,1.94E-38,4.37E-38
EZR,6.73846972,1.067280377,0.232867079,4.58321709,4.58E-06,5.73E-06
RSPH3,27.591535,3.336118686,0.252220134,13.22701179,6.13E-40,1.41E-39
SOD2,18.02394938,2.339062673,0.236162946,9.904443987,3.98E-23,7.01E-23
WTAP,69.00749133,4.426775678,0.222953767,19.85512841,9.95E-88,4.92E-87
ACAT2,16.1049761,2.508070048,0.242086493,10.36022299,3.76E-25,6.84E-25
TCP1,110.2472893,4.805770149,0.196634256,24.44014713,6.41E-132,5.49E-131
MRPL18,45.28885377,3.332085403,0.210233478,15.84945196,1.42E-56,4.34E-56
IGF2R,2.425205214,-0.666103138,0.17398817,-3.828439247,0.000128958,0.000155742
MAP3K4,68.12941471,4.451485937,0.216003385,20.60840826,2.31E-94,1.25E-93
AGPAT4,5.348885028,0.77693589,0.2257292,3.441893612,0.000577657,0.000684174
PACRG,142.3941373,5.743496961,0.167120927,34.3673115,7.77E-259,2.07E-257
QKI,103.2007734,4.953897361,0.158499418,31.25498776,1.91E-214,3.57E-213
PDE10A,19.43622807,2.840816965,0.231569601,12.26765927,1.35E-34,2.86E-34
SFT2D1,57.69730851,4.123848971,0.238128453,17.31774984,3.46E-67,1.26E-66
MPC1,63.89128697,4.418582199,0.238954357,18.49132303,2.43E-76,1.02E-75
RPS6KA2,12.83019401,1.999978953,0.218837262,9.13911522,6.30E-20,1.04E-19
RNASET2,33.74928146,3.607647996,0.230642727,15.64171581,3.78E-55,1.13E-54
FGFR1OP,2.082652496,-0.905967945,0.144011408,-6.290945698,3.16E-10,4.37E-10
WDR27,4.350367957,0.471462872,0.222189318,2.12189711,0.033846379,0.037389962
C6orf120,36.87812985,3.748903568,0.239390329,15.66021312,2.83E-55,8.50E-55
PHF10,126.6041014,5.540806711,0.231772026,23.90627894,2.64E-126,2.11E-125
ERMARD,21.94668518,3.009196617,0.240326224,12.52129948,5.71E-36,1.24E-35
DLL1,35.69787528,3.733107236,0.254914231,14.64456193,1.46E-48,3.92E-48
FAM120B,126.4057692,5.50726861,0.259693933,21.20676654,8.27E-100,4.85E-99
PSMB1,3.417243726,-0.930809541,0.174186592,-5.343749652,9.10E-08,1.19E-07
TBP,23.78932738,3.104515567,0.239446259,12.96539601,1.92E-38,4.32E-38
PDCD2,2.224422054,-1.040576048,0.160571431,-6.480455702,9.14E-11,1.28E-10
PDGFA,2.30451296,-0.589956173,0.168955276,-3.491789003,0.000479797,0.000569884
COX19,13.59444274,2.151932578,0.231552073,9.293514648,1.49E-20,2.51E-20
C7orf50,161.5523987,5.504387888,0.234550165,23.46784917,8.69E-122,6.56E-121
ZFAND2A,13.20095013,2.014907538,0.251491305,8.011837785,1.13E-15,1.74E-15
NUDT1,588.7575318,7.577047982,0.223417906,33.9142377,4.11E-252,1.02E-250
SNX8,4.32791358,0.482582195,0.188827456,2.555678101,0.010598111,0.011989203
EIF3B,20.41897946,2.579723682,0.25451296,10.13592268,3.83E-24,6.84E-24
LFNG,23.93126447,3.123673828,0.239121394,13.06312987,5.35E-39,1.21E-38
BRAT1,4.267140058,0.416989984,0.191051419,2.182606055,0.029064833,0.032235597
IQCE,4.298115766,0.463225945,0.209209364,2.214174054,0.026816808,0.029803157
TTYH3,66.58721341,4.587900459,0.223642995,20.51439375,1.60E-93,8.55E-93
GNA12,23.46039008,3.05386876,0.235096271,12.98986472,1.40E-38,3.14E-38
FOXK1,30.42035999,3.423916277,0.230008606,14.88603552,4.06E-50,1.12E-49
RBAK,1.657638999,-1.333597073,0.135203831,-9.863604169,5.99E-23,1.05E-22
WIPI2,2.289014883,-0.83832454,0.157323456,-5.328668479,9.89E-08,1.29E-07
SLC29A4,2.377264185,-0.517117262,0.164690815,-3.139927771,0.001689895,0.001968254
TNRC18,19.26429948,2.73803142,0.238908711,11.46057592,2.08E-30,4.13E-30
FBXL18,40.98311217,3.891692818,0.233406864,16.67342916,2.05E-62,6.88E-62
ACTB,5.659545595,-2.424359208,0.136616954,-17.74566871,1.86E-70,7.15E-70
FSCN1,12.98269084,1.892847707,0.201719529,9.383562006,6.38E-21,1.08E-20
RNF216,313.8553763,6.791547699,0.153529025,44.23624601,0,0
CCZ1,21.43178266,2.888137422,0.262921354,10.98479595,4.52E-28,8.63E-28
PMS2,5.469639396,0.881988877,0.214764591,4.106770461,4.01E-05,4.91E-05
AIMP2,6.21979796,0.909835848,0.212316386,4.285283233,1.83E-05,2.25E-05
USP42,7.358165109,1.346482669,0.19666697,6.8465115,7.57E-12,1.09E-11
CYTH3,159.810546,5.807313495,0.242909346,23.90732832,2.57E-126,2.06E-125
DAGLB,2.291371202,-0.57491568,0.165367314,-3.476598046,0.000507819,0.000602903
KDELR2,9.947289369,0.994407701,0.179835097,5.529553019,3.21E-08,4.25E-08
ZDHHC4,230.3443609,6.315129823,0.201555706,31.33193281,1.71E-215,3.24E-214
C7orf26,4.71271553,0.669021952,0.20701882,3.231696287,0.001230578,0.001440069
ZNF12,11.7056429,2.06420524,0.24104524,8.563559425,1.09E-17,1.74E-17
CCZ1B,31.89551929,3.537082196,0.244259697,14.48082613,1.60E-47,4.23E-47
C1GALT1,12.38541805,1.906077752,0.228910853,8.326725129,8.31E-17,1.30E-16
COL28A1,6.747115147,1.250388264,0.213200986,5.864833413,4.50E-09,6.07E-09
MIOS,37.68175342,3.725268752,0.247230016,15.06802779,2.63E-51,7.40E-51
RPA3,44.18541622,3.724254172,0.213005805,17.48428485,1.89E-68,7.04E-68
ICA1,67.62317573,4.652656632,0.224968193,20.68139757,5.09E-95,2.79E-94
NDUFA4,5.288267669,-1.191099296,0.198887554,-5.988807602,2.11E-09,2.87E-09
PHF14,2.716773965,-0.517612476,0.168860465,-3.065326599,0.002174324,0.002523554
TMEM106B,88.72515737,5.047013126,0.219017139,23.04391864,1.69E-117,1.21E-116
ARL4A,8.059195324,1.358742819,0.228518382,5.945879748,2.75E-09,3.73E-09
ETV1,15.17362309,2.357805076,0.211655923,11.139802,8.03E-29,1.55E-28
DGKB,15.00242575,2.442980908,0.192128031,12.7153799,4.86E-37,1.07E-36
ANKMY2,7.81567674,1.409180052,0.227488898,6.194500311,5.85E-10,8.04E-10
BZW2,5.891076967,0.863088371,0.228426921,3.778400404,0.000157839,0.000190198
AC073333.1,12.78230748,2.209864739,0.247726651,8.920577292,4.64E-19,7.55E-19
TSPAN13,9.518192486,1.760912748,0.245986379,7.158578263,8.15E-13,1.19E-12
SNX13,75.74339308,4.786938213,0.24651573,19.41838849,5.40E-84,2.55E-83
HDAC9,18.01373089,2.650782558,0.231479935,11.45145717,2.31E-30,4.58E-30
TWISTNB,1.890289445,-1.257565138,0.130097926,-9.666296593,4.19E-22,7.24E-22
ITGB8,70.74552386,4.729480778,0.208275036,22.70786196,3.75E-114,2.59E-113
SP4,5.838792234,1.015738766,0.205370765,4.945878084,7.58E-07,9.69E-07
DNAH11,4.414980584,0.56918182,0.203891578,2.791590642,0.005244966,0.006002137
CDCA7L,42.41752797,3.879680509,0.261839782,14.81700178,1.14E-49,3.12E-49
TOMM7,22.93055517,1.977467763,0.237497518,8.326267068,8.34E-17,1.30E-16
FAM126A,5.822442816,0.655365212,0.1905374,3.439562055,0.000582656,0.000690019
KLHL7,5.363951895,0.776212252,0.217546992,3.568021068,0.000359688,0.000428722
MALSU1,2.081446087,-1.192641509,0.153158692,-7.78696587,6.86E-15,1.04E-14
IGF2BP3,65.05534477,4.483895489,0.228872081,19.59127327,1.84E-85,8.80E-85
TRA2A,8.121338181,1.389924296,0.229167307,6.06510726,1.32E-09,1.80E-09
CCDC126,6.80454576,1.261869066,0.229714994,5.493194161,3.95E-08,5.21E-08
FAM221A,123.1146692,5.51154887,0.213293517,25.8402081,3.13E-147,3.17E-146
MPP6,36.80439863,3.610206298,0.210655138,17.13799309,7.73E-66,2.75E-65
OSBPL3,2.13315745,-0.834815929,0.149524891,-5.583123487,2.36E-08,3.14E-08
CYCS,14.29404023,1.475084811,0.206068117,7.158238887,8.17E-13,1.20E-12
NFE2L3,1645.847872,9.269088819,0.170760368,54.28126526,0,0
HNRNPA2B1,49.3635098,3.015332251,0.184264191,16.36417923,3.45E-60,1.12E-59
CBX3,36.46704244,3.241467938,0.244229501,13.27222109,3.35E-40,7.73E-40
SNX10,7.200598569,1.350030456,0.236156124,5.716686205,1.09E-08,1.45E-08
SKAP2,8.719345843,1.610972875,0.236275753,6.818189582,9.22E-12,1.32E-11
HOXA1,69.73721956,4.698695869,0.211170862,22.25068286,1.11E-109,7.34E-109
HOTAIRM1,4.36527873,0.428347079,0.20870431,2.052411275,0.04012971,0.044147149
HOXA2,66.74405444,4.645170809,0.270359804,17.18144019,3.66E-66,1.31E-65
HOXA3,11.72581792,2.079297126,0.206460908,10.07114203,7.41E-24,1.32E-23
HOXA-AS2,32.96839346,3.617303117,0.199475638,18.13405967,1.72E-73,6.91E-73
HOXA4,54.00947239,4.337789093,0.268534459,16.15356597,1.07E-58,3.40E-58
HOXA-AS3,9.366105316,1.750527947,0.239234361,7.317209521,2.53E-13,3.74E-13
HOXA5,103.5156097,5.282064507,0.215422266,24.51958476,9.13E-133,7.92E-132
HOXA6,4.908809689,0.726077191,0.221285623,3.281176525,0.00103375,0.001212475
HOXA7,19.084975,2.781811871,0.261532838,10.6365682,2.01E-26,3.74E-26
HOXA9,43.94156491,3.962763376,0.261257006,15.16806547,5.75E-52,1.64E-51
HOXA10,12.23109083,2.042478852,0.234989391,8.691791767,3.57E-18,5.71E-18
HIBADH,29.31624953,3.309619131,0.20966766,15.78507213,3.94E-56,1.20E-55
TAX1BP1,95.65530877,4.729215121,0.206787226,22.86995775,9.25E-116,6.50E-115
JAZF1,51.56420629,4.162864182,0.235639426,17.66624653,7.63E-70,2.91E-69
CPVL,6.904690752,1.277378443,0.227190307,5.622504155,1.88E-08,2.51E-08
CHN2,4.793341287,0.705576944,0.214747184,3.285616749,0.001017594,0.001194041
WIPF3,35.62644025,3.720090296,0.264882243,14.04431741,8.35E-45,2.10E-44
SCRN1,105.4555168,5.276639539,0.1770142,29.80913133,2.97E-195,4.67E-194
FKBP14,51.72795946,4.169263277,0.190311582,21.9075646,2.20E-106,1.40E-105
PLEKHA8,282.4768645,6.712620385,0.202655005,33.12338814,1.37E-240,3.11E-239
NOD1,43.79398065,3.997822841,0.257575795,15.52095699,2.50E-54,7.41E-54
GARS,44.09115007,3.684812417,0.242708493,15.18204974,4.65E-52,1.33E-51
INMT,3.988676412,0.406173493,0.20223988,2.008374869,0.044603471,0.049009254
ADCYAP1R1,60.73477346,4.508304602,0.262554687,17.17091646,4.38E-66,1.57E-65
PPP1R17,2.404190641,-0.446553268,0.185209712,-2.411068317,0.015905869,0.017848733
PDE1C,269.4327851,6.540402544,0.166252347,39.34021192,0,0
LSM5,2.119783209,-1.251938146,0.142374471,-8.79327687,1.45E-18,2.34E-18
AVL9,7.455076421,1.319081069,0.235416288,5.603185229,2.10E-08,2.80E-08
KBTBD2,37.12092537,3.75818189,0.275933627,13.61987639,3.05E-42,7.33E-42
FKBP9,11.59451273,1.992719768,0.232445374,8.572851924,1.01E-17,1.60E-17
NT5C3A,33.83143036,3.579499803,0.22083549,16.20889743,4.36E-59,1.39E-58
RP9,27.16289007,3.200652728,0.259409115,12.3382431,5.64E-35,1.20E-34
BBS9,2.260854894,-0.717055206,0.166825941,-4.298223644,1.72E-05,2.12E-05
DPY19L1,72.71232869,4.725470882,0.250354736,18.8751008,1.83E-79,8.02E-79
HERPUD2,227.5407955,6.337658232,0.157379576,40.26989016,0,0
KIAA0895,15.57217324,2.511841094,0.243658701,10.30885039,6.43E-25,1.16E-24
ANLN,51.85710556,4.141995955,0.260770986,15.88365339,8.22E-57,2.53E-56
ELMO1,122.9120787,5.531182558,0.213658692,25.88793605,9.11E-148,9.25E-147
STARD3NL,7.528830752,1.327029516,0.225717639,5.87915734,4.12E-09,5.57E-09
TRGC1,256.7093165,6.596302888,0.21498644,30.68241361,9.77E-207,1.69E-205
AMPH,155.0534339,5.856663562,0.185531938,31.56687543,1.05E-218,2.05E-217
VPS41,124.6057315,5.466534836,0.201661178,27.10752208,8.03E-162,9.48E-161
POU6F2,302.2723289,6.83268012,0.19968794,34.21678902,1.36E-256,3.53E-255
RALA,11.87162353,1.650741951,0.248114325,6.65315052,2.87E-11,4.07E-11
LINC00265,55.55582792,4.367666737,0.248677003,17.56361339,4.68E-69,1.76E-68
CDK13,36.97609616,3.677788541,0.227519154,16.1647425,8.94E-59,2.84E-58
MPLKIP,5.195136743,0.713235559,0.214031193,3.332390718,0.000861033,0.001013616
AC004988.1,13.26485199,2.273444203,0.228796988,9.93651283,2.89E-23,5.09E-23
GLI3,65.89049919,4.530040785,0.239926901,18.8809207,1.64E-79,7.19E-79
PSMA2,10.73943099,1.29097575,0.208637795,6.187640882,6.11E-10,8.39E-10
MRPL32,51.11271094,4.026363833,0.242586256,16.59765852,7.25E-62,2.42E-61
STK17A,25.91910583,2.846144469,0.251094727,11.3349432,8.81E-30,1.73E-29
BLVRA,17.16201902,2.520793622,0.251803607,10.01095121,1.36E-23,2.42E-23
MRPS24,2.661172896,-1.259356613,0.15669407,-8.037040641,9.20E-16,1.42E-15
URGCP,35.28694182,3.671804416,0.231524156,15.85927134,1.21E-56,3.72E-56
UBE2D4,6.270524905,1.126883295,0.21625279,5.210953798,1.88E-07,2.44E-07
SPDYE1,5.443899252,0.906209397,0.22847225,3.966387154,7.30E-05,8.88E-05
LINC00957,40.78896516,3.92846054,0.224407185,17.50594812,1.29E-68,4.83E-68
DBNL,32.25440316,3.384152134,0.241689996,14.00203644,1.51E-44,3.80E-44
POLM,181.487552,6.0834349,0.158196131,38.45501689,0,0
AEBP1,7.529443872,1.312717497,0.214268665,6.12650243,8.98E-10,1.23E-09
POLD2,165.2114751,5.589248704,0.182802908,30.5752724,2.61E-205,4.48E-204
YKT6,78.25900402,4.686432541,0.214579027,21.8401239,9.65E-106,6.11E-105
NUDCD3,36.93967771,3.717220195,0.178743193,20.79642946,4.66E-96,2.60E-95
DDX56,13.06341154,2.077693434,0.21874698,9.498158262,2.14E-21,3.64E-21
TMED4,54.11113259,4.205153241,0.234625534,17.92282866,7.82E-72,3.07E-71
OGDH,17.05769391,2.504250489,0.218642768,11.45361684,2.26E-30,4.47E-30
ZMIZ2,26.77013308,3.257654551,0.243369376,13.38563878,7.34E-41,1.71E-40
PPIA,48.71474705,1.742152026,0.202219929,8.615135205,6.99E-18,1.11E-17
H2AFV,2.858725455,-0.811948749,0.167782982,-4.83927953,1.30E-06,1.65E-06
SNHG15,37.3965736,3.54285678,0.228674421,15.49301742,3.87E-54,1.14E-53
TBRG4,7.382800585,1.240864913,0.226712165,5.473305384,4.42E-08,5.83E-08
ADCY1,4.422638307,0.591948419,0.213687003,2.770165764,0.005602777,0.006406879
TNS3,4770.590035,10.80437454,0.164386692,65.72536036,0,0
HUS1,16.68698159,2.586596058,0.257491131,10.04537923,9.63E-24,1.71E-23
UPP1,16.44604297,2.346705509,0.233676488,10.04254015,9.91E-24,1.76E-23
ABCA13,2.207280082,-0.660245051,0.170643996,-3.869137295,0.000109221,0.000132228
IKZF1,25.66245803,3.250469209,0.231984415,14.01158441,1.32E-44,3.32E-44
FIGNL1,604.3559976,7.801979371,0.228678132,34.11773271,4.03E-255,1.03E-253
GRB10,2.053032171,-0.903058851,0.162265866,-5.565303856,2.62E-08,3.47E-08
EGFR,40.6263018,3.560773231,0.204830681,17.38398377,1.09E-67,4.01E-67
LANCL2,41.28763269,3.913653767,0.254772034,15.36139469,2.97E-53,8.63E-53
VOPP1,16.04461272,2.292534489,0.24344967,9.416872447,4.65E-21,7.87E-21
ZNF713,45.17107022,4.076816877,0.261227698,15.60637295,6.59E-55,1.97E-54
MRPS17,190.4852224,5.927233575,0.168636156,35.14805916,1.24E-270,3.59E-269
PSPH,59.15933818,4.416940434,0.20855256,21.17902763,1.49E-99,8.72E-99
CCT6A,10.76229405,1.142601901,0.230670757,4.953388611,7.29E-07,9.33E-07
SUMF2,8.875947103,1.531553912,0.245513687,6.238161013,4.43E-10,6.11E-10
ZNF107,55.74694933,4.351347638,0.252184682,17.25460724,1.03E-66,3.74E-66
ZNF138,59.04141986,4.433331499,0.187432176,23.65299062,1.10E-123,8.43E-123
ZNF117,208.5142911,6.273613191,0.25481602,24.62016792,7.68E-134,6.75E-133
ERV3-1,19.56761681,2.838955689,0.247519905,11.46960562,1.88E-30,3.72E-30
ZNF92,8.1199944,1.47971024,0.231358407,6.395748735,1.60E-10,2.23E-10
VKORC1L1,8.833576128,1.554831298,0.231638817,6.712308907,1.92E-11,2.73E-11
ASL,27.22032326,3.141248576,0.207326028,15.15125042,7.43E-52,2.11E-51
CRCP,2.03416858,-0.988415581,0.152171366,-6.495411102,8.28E-11,1.16E-10
TPST1,17.74798732,2.568610057,0.239375426,10.73046678,7.32E-27,1.37E-26
LINC00174,2.432975274,-0.470369396,0.175511759,-2.679987937,0.007362481,0.00838297
SBDS,7.122590478,0.630038541,0.222400128,2.832905473,0.004612702,0.005293648
TYW1,26.96622773,3.21600988,0.243089974,13.22971007,5.91E-40,1.36E-39
AUTS2,49.45058735,3.658622981,0.235065275,15.56428522,1.27E-54,3.79E-54
POM121,5.080703229,0.725850529,0.210585854,3.446815233,0.000567236,0.000671978
SPDYE8P,71.20237483,4.739022392,0.222756702,21.27443233,1.96E-100,1.16E-99
SPDYE9P,21.6896249,3.001645047,0.210683924,14.24714799,4.67E-46,1.20E-45
NSUN5,98.24590958,5.121928288,0.227849923,22.47939445,6.60E-112,4.46E-111
BAZ1B,14.94844262,2.253490013,0.236379729,9.533347125,1.52E-21,2.60E-21
BCL7B,30.11426009,3.279039873,0.222452038,14.74043527,3.54E-49,9.64E-49
TBL2,54.72965248,4.282746785,0.213757703,20.03552021,2.70E-89,1.37E-88
ABHD11,9.471154273,1.700615935,0.240056808,7.084222888,1.40E-12,2.04E-12
LIMK1,72.00916346,4.661518167,0.220726722,21.11895708,5.33E-99,3.09E-98
EIF4H,39.71108581,3.42866319,0.165380788,20.73193169,1.78E-95,9.88E-95
RFC2,40.46293679,3.823899852,0.267027163,14.32026546,1.63E-46,4.26E-46
CLIP2,80.84306033,4.839864651,0.244905186,19.76219748,6.30E-87,3.09E-86
GTF2IRD1,13.76006715,2.186035878,0.243229166,8.987556507,2.53E-19,4.14E-19
GTF2I,2.77733603,-0.533864478,0.151523818,-3.523304027,0.000426202,0.00050689
GTF2IRD2,198.0274085,6.221026897,0.210192091,29.59686477,1.64E-192,2.50E-191
GTF2IRD2B,159.9839904,5.890929641,0.202948169,29.02676915,3.02E-185,4.39E-184
TRIM73,42.90154669,3.990827093,0.247960483,16.09460932,2.78E-58,8.77E-58
POM121C,2.716378549,-0.417788909,0.185463538,-2.252674105,0.024279705,0.027052679
HIP1,7.677790338,1.102123314,0.215998023,5.102469455,3.35E-07,4.33E-07
RHBDD2,58.2151759,4.393743355,0.228552157,19.22424805,2.32E-82,1.07E-81
POR,7.593570494,1.370927669,0.228676631,5.99504926,2.03E-09,2.77E-09
TMEM120A,15.86341105,2.516060093,0.263044731,9.565141577,1.12E-21,1.92E-21
STYXL1,882.7044785,8.285358206,0.149915984,55.26667677,0,0
MDH2,35.24101497,3.055342299,0.236182083,12.93638476,2.81E-38,6.27E-38
HSPB1,9.13883209,0.512934972,0.202491541,2.533118027,0.011305288,0.012774576
YWHAG,101.9791015,4.923894326,0.21822159,22.56373588,9.84E-113,6.71E-112
POMZP3,4.518854131,0.585718709,0.208929381,2.803429104,0.005056235,0.005791648
CCDC146,269.4724719,6.644800787,0.219485159,30.27448795,2.48E-201,4.14E-200
RSBN1L,30.59286492,3.380349599,0.210587194,16.05201877,5.53E-58,1.74E-57
TMEM60,20.47423753,2.841797649,0.247641999,11.47542687,1.75E-30,3.48E-30
PHTF2,504.259384,7.476763277,0.162917178,45.89303201,0,0
MAGI2,7.534848491,0.878767931,0.158059038,5.559744911,2.70E-08,3.58E-08
MAGI2-AS3,29.62188068,3.233379721,0.251495706,12.8566001,7.90E-38,1.75E-37
GNAI1,63.45746657,4.49729896,0.264777278,16.98521487,1.06E-64,3.70E-64
SEMA3C,74.02368103,4.490634298,0.217027619,20.6915337,4.13E-95,2.27E-94
CACNA2D1,147.4278599,5.572054192,0.202491784,27.5174335,1.09E-166,1.36E-165
PCLO,16.04571205,2.558347847,0.243941608,10.48754197,9.86E-26,1.81E-25
SEMA3E,9.751695342,1.807996198,0.240189281,7.527380868,5.18E-14,7.75E-14
SEMA3A,1598.301727,8.977369142,0.148399492,60.49460845,0,0
SEMA3D,8.742069079,1.646131792,0.230054986,7.155384097,8.34E-13,1.22E-12
GRM3,146.8140465,5.788067864,0.21240674,27.24992564,1.67E-163,2.01E-162
DMTF1,25.08173689,3.120512576,0.197531725,15.79752607,3.24E-56,9.86E-56
TMEM243,2.475775851,-0.595575072,0.164993005,-3.609698926,0.000306553,0.000366031
TP53TG1,2.153739627,-0.858490231,0.134229904,-6.39567045,1.60E-10,2.23E-10
CROT,22.90905968,2.979242987,0.230396132,12.93095923,3.01E-38,6.73E-38
ABCB4,73.05100301,4.775853883,0.223744794,21.345095,4.33E-101,2.59E-100
SLC25A40,28.77617264,3.395868015,0.240476251,14.12142781,2.80E-45,7.12E-45
DBF4,48.63423721,4.090335494,0.228100504,17.93216332,6.62E-72,2.60E-71
ADAM22,49.78055381,4.219065432,0.254606113,16.57095106,1.13E-61,3.77E-61
SRI,96.89400507,4.792548935,0.212328237,22.57141589,8.28E-113,5.65E-112
STEAP4,14.67077889,2.424440612,0.238758816,10.15435011,3.17E-24,5.68E-24
STEAP1,56.59413007,4.311265743,0.236516063,18.22821541,3.08E-74,1.25E-73
STEAP2,91.15366575,5.065512227,0.238724794,21.2190453,6.37E-100,3.75E-99
GTPBP10,42.74092661,3.954199333,0.230449162,17.15866227,5.41E-66,1.94E-65
CDK14,6.455459683,0.732724203,0.207651187,3.52862997,0.000417717,0.000496962
FZD1,25.70952015,3.218818596,0.257616767,12.49460053,7.99E-36,1.73E-35
AKAP9,58.30047853,4.272906653,0.238141177,17.94274603,5.47E-72,2.15E-71
CYP51A1,168.4738313,5.853387438,0.202261278,28.93973332,3.78E-184,5.44E-183
LRRD1,7.181053208,1.348582485,0.213784213,6.308148135,2.82E-10,3.91E-10
KRIT1,16.13801243,2.469422163,0.238720624,10.34440225,4.44E-25,8.06E-25
ANKIB1,43.82977255,3.827952456,0.23822057,16.06894172,4.21E-58,1.32E-57
GATAD1,23.56279577,3.067254012,0.216247576,14.18399257,1.15E-45,2.94E-45
ERVW-1,42.64541907,3.981736314,0.201124242,19.79739625,3.13E-87,1.54E-86
PEX1,104.8557686,5.246545393,0.212813611,24.6532417,3.40E-134,2.99E-133
RBM48,7.429121818,1.364628359,0.224971513,6.0657829,1.31E-09,1.79E-09
FAM133B,54.43535015,4.063469487,0.238968597,17.00419862,7.64E-65,2.68E-64
CDK6,137.1625849,5.21965065,0.2283749,22.85562317,1.28E-115,9.00E-115
GNGT1,10.17762134,1.859588105,0.250487406,7.423878642,1.14E-13,1.69E-13
GNG11,15.65357085,1.719245559,0.240635343,7.144609501,9.03E-13,1.32E-12
BET1,20.31051688,2.812317961,0.252522634,11.13689459,8.30E-29,1.60E-28
CASD1,594.2865562,7.809317112,0.180641432,43.23104067,0,0
SGCE,5.987916469,0.937669412,0.215649918,4.348109298,1.37E-05,1.70E-05
PEG10,25.50652187,3.229849606,0.215630058,14.9786613,1.01E-50,2.82E-50
PPP1R9A,5.121864121,0.826824574,0.227315949,3.637336397,0.000275472,0.000329608
PON2,1.962808158,-1.111668194,0.147455262,-7.539020167,4.74E-14,7.09E-14
SLC25A13,95.43206197,5.04972018,0.239177346,21.11286983,6.06E-99,3.52E-98
TAC1,60.13494488,4.493711842,0.236359129,19.01222032,1.35E-80,6.04E-80
ASNS,57.12404318,4.41960436,0.218816241,20.19778941,1.02E-90,5.27E-90
LMTK2,5.965738767,1.008080804,0.221280469,4.555670049,5.22E-06,6.53E-06
BRI3,37.16767857,2.423102002,0.277722969,8.724888715,2.66E-18,4.28E-18
NPTX2,2.721804954,-0.322487408,0.141077658,-2.28588574,0.022260944,0.024854679
TRRAP,4.692756133,0.491255613,0.195952641,2.507011948,0.01217566,0.013728091
SMURF1,6.292858583,1.038254799,0.228081283,4.552126263,5.31E-06,6.64E-06
ARPC1A,145.5976938,5.15351415,0.230507763,22.35722603,1.03E-110,6.86E-110
ARPC1B,3.770911934,-1.13112938,0.124561429,-9.080895963,1.08E-19,1.78E-19
BUD31,65.85382268,3.91951186,0.234195859,16.73604255,7.16E-63,2.42E-62
PTCD1,62.11515393,4.478082183,0.262380884,17.06710533,2.61E-65,9.23E-65
CPSF4,46.12685792,4.075302056,0.252204531,16.15871862,9.86E-59,3.13E-58
ZNF789,52.44404847,4.282531289,0.179413121,23.86966602,6.33E-126,5.05E-125
ZNF394,32.16944709,3.517092512,0.258743695,13.59295927,4.41E-42,1.05E-41
ZKSCAN5,94.7596382,5.132425383,0.206349651,24.87246936,1.48E-136,1.34E-135
FAM200A,4.05467321,0.398364298,0.17605778,2.262690683,0.023654764,0.026372586
ZNF655,232.4904224,6.327875522,0.176330206,35.886509,4.96E-282,1.57E-280
ZSCAN25,4.600234835,0.647175565,0.199360132,3.246263726,0.001169305,0.001369544
CYP3A5,6.301276624,1.140849502,0.220658371,5.170207219,2.34E-07,3.03E-07
ZKSCAN1,32.55434587,3.577034091,0.233102139,15.34535078,3.80E-53,1.10E-52
ZSCAN21,34.40507159,3.657437589,0.221105081,16.54162614,1.84E-61,6.11E-61
ZNF3,72.38858993,4.762994596,0.265604876,17.93263236,6.56E-72,2.58E-71
COPS6,7.543442706,0.990490984,0.234510925,4.223645378,2.40E-05,2.96E-05
MCM7,2.67574521,-0.471268166,0.185660733,-2.538329769,0.011138298,0.012587191
AP4M1,55.75743894,4.383120347,0.267042619,16.41356109,1.53E-60,5.00E-60
TAF6,16.74257787,2.566320726,0.237254007,10.81676452,2.87E-27,5.41E-27
CNPY4,10.21878965,1.806135063,0.243539376,7.416193202,1.21E-13,1.79E-13
LAMTOR4,2.88622817,-0.856847724,0.184850463,-4.635356115,3.56E-06,4.47E-06
GAL3ST4,5.34421889,0.890574551,0.223300927,3.988225944,6.66E-05,8.11E-05
GPC2,357.8999298,7.076837262,0.163299659,43.33650969,0,0
STAG3,23.23348464,3.1041099,0.230647663,13.45823262,2.75E-41,6.48E-41
SPDYE3,54.52075301,4.351824225,0.224539731,19.38108773,1.11E-83,5.23E-83
MEPCE,141.5002651,5.701582537,0.152319529,37.43172379,1.19E-306,4.37E-305
AGFG2,36.99735393,3.741136474,0.241089099,15.5176509,2.64E-54,7.80E-54
LRCH4,206.5341404,6.270582184,0.155103642,40.42833633,0,0
MOSPD3,53.07490667,4.290083385,0.207462549,20.6788329,5.37E-95,2.94E-94
GNB2,141.430144,5.278454041,0.206870199,25.51577788,1.32E-143,1.28E-142
GIGYF1,10.25137881,1.843005556,0.236968683,7.777422454,7.40E-15,1.12E-14
POP7,49.81071105,3.87797343,0.249156633,15.56439971,1.27E-54,3.78E-54
EPHB4,33.21966225,3.617800856,0.245974981,14.70800339,5.73E-49,1.55E-48
TRIP6,243.2619111,6.234621957,0.158747386,39.27385596,0,0
SRRT,2.017673868,-0.972674007,0.149822695,-6.492167353,8.46E-11,1.19E-10
MUC12,4.983077395,0.740840489,0.218954651,3.383533914,0.000715594,0.0008446
MOGAT3,4.0814845,0.437065867,0.182233538,2.398383256,0.016467625,0.018473384
PLOD3,98.45723874,5.12311873,0.230357446,22.23986595,1.41E-109,9.32E-109
FIS1,151.3513596,5.083715954,0.191507025,26.54584586,2.87E-155,3.16E-154
COL26A1,2.349420258,-0.513078041,0.17627768,-2.910623976,0.003607078,0.004155366
CUX1,55.43074637,3.990931679,0.232590002,17.15865534,5.42E-66,1.94E-65
SPDYE6,18.00634464,2.725141662,0.220006809,12.3866242,3.09E-35,6.61E-35
ORAI2,5.354393664,0.83422394,0.218175415,3.8236386,0.000131497,0.000158789
ALKBH4,8.830322292,1.575631309,0.231806585,6.797180974,1.07E-11,1.53E-11
POLR2J,64.52215094,4.061938617,0.240527459,16.88762951,5.55E-64,1.91E-63
SPDYE2,6.250094465,1.089634707,0.221061416,4.929103988,8.26E-07,1.05E-06
POLR2J3,15.31684531,2.466680127,0.231592229,10.65096241,1.73E-26,3.21E-26
RASA4,93.44340526,5.133018036,0.22330882,22.98618588,6.41E-117,4.57E-116
SPDYE2B,12.81837162,2.220065589,0.233791624,9.495915842,2.18E-21,3.72E-21
POLR2J2,19.49890593,2.845270196,0.236864499,12.01222729,3.06E-33,6.35E-33
FAM185A,51.85297246,4.244592546,0.24037119,17.65849119,8.75E-70,3.33E-69
LRRC17,104.6897258,5.298175717,0.253342732,20.91307561,4.07E-97,2.31E-96
ARMC10,15.07779273,2.349001526,0.2516961,9.332689421,1.03E-20,1.74E-20
NAPEPLD,69.01034967,4.660551181,0.233998324,19.91702801,2.90E-88,1.44E-87
PMPCB,24.34910952,2.998223085,0.247425623,12.11767419,8.51E-34,1.78E-33
DNAJC2,149.2022731,5.545916548,0.18046949,30.7304939,2.23E-207,3.89E-206
PSMC2,32.19135414,3.349503619,0.239873358,13.96363332,2.60E-44,6.49E-44
RELN,26.35490197,3.255338329,0.240261795,13.54913016,8.02E-42,1.91E-41
ORC5,26.18129556,3.245838293,0.215635268,15.0524463,3.33E-51,9.35E-51
LHFPL3,16.83353895,2.625719179,0.213871474,12.27708925,1.20E-34,2.55E-34
KMT2E,53.82976255,4.072998672,0.251867094,16.17122192,8.05E-59,2.56E-58
SRPK2,2.955353921,-0.419186543,0.188011851,-2.229575105,0.025775664,0.028678329
PUS7,139.5987688,5.611668086,0.206773312,27.13922812,3.39E-162,4.03E-161
RINT1,19.21472909,2.777993857,0.245208936,11.329089,9.42E-30,1.85E-29
EFCAB10,27.84979643,3.370185411,0.218985588,15.38998727,1.91E-53,5.57E-53
ATXN7L1,88.34779263,4.945534421,0.222074856,22.26967299,7.27E-110,4.81E-109
CDHR3,15.44341461,2.470885255,0.261242138,9.45821864,3.13E-21,5.32E-21
SYPL1,2.124922079,-0.938190465,0.155509882,-6.03299581,1.61E-09,2.19E-09
NAMPT,74.45584598,4.718934074,0.218753076,21.57196673,3.29E-103,2.02E-102
CCDC71L,10.38476474,1.775645211,0.240000981,7.398491481,1.38E-13,2.04E-13
PRKAR2B,13.585141,2.304480518,0.25799184,8.932377551,4.17E-19,6.79E-19
HBP1,57.24815044,4.35803788,0.243597366,17.89033254,1.40E-71,5.47E-71
COG5,63.89793788,4.464984932,0.191880208,23.26964814,9.00E-120,6.62E-119
GPR22,48.98943541,4.194435209,0.230848282,18.16966176,8.97E-74,3.62E-73
DUS4L,223.8125624,6.365604614,0.192773745,33.02111822,4.04E-239,9.04E-238
BCAP29,2.808611279,-0.492461577,0.169601733,-2.903635287,0.003688576,0.004247451
CBLL1,42.7932196,3.933650218,0.247971025,15.86334623,1.14E-56,3.49E-56
DLD,8.132911048,1.3139989,0.219401202,5.989023253,2.11E-09,2.87E-09
LAMB1,7.050491813,1.061545763,0.221437686,4.793880307,1.64E-06,2.07E-06
NRCAM,107.6462866,5.338663823,0.215709248,24.74935065,3.15E-135,2.80E-134
PNPLA8,9.5158132,1.575348437,0.195996658,8.037629089,9.16E-16,1.41E-15
THAP5,243.5371482,6.466194559,0.235053027,27.50951411,1.35E-166,1.68E-165
DNAJB9,13.50285686,2.211733267,0.205192648,10.77881341,4.33E-27,8.15E-27
IMMP2L,30.26263064,3.245285015,0.231493472,14.01890507,1.19E-44,3.00E-44
LRRN3,23.14101137,3.087186734,0.238152694,12.9630561,1.98E-38,4.45E-38
DOCK4,2.423834235,-0.703359445,0.181078549,-3.884278104,0.000102634,0.000124323
ZNF277,75.08468904,4.752061401,0.251293698,18.91038824,9.37E-80,4.12E-79
IFRD1,79.44584064,4.660128832,0.243877513,19.108481,2.15E-81,9.71E-81
TMEM168,9.235509971,1.703661361,0.247419394,6.8857228,5.75E-12,8.27E-12
FOXP2,89.49533614,5.016760389,0.242042012,20.72681655,1.98E-95,1.10E-94
MDFIC,29.90995731,3.13269716,0.228291415,13.7223608,7.46E-43,1.81E-42
TES,40.2453225,3.822354102,0.216715848,17.63763076,1.27E-69,4.80E-69
CAPZA2,10.01978604,1.374947414,0.218370002,6.296411597,3.05E-10,4.22E-10
ST7-AS2,9.174476366,1.665654394,0.196281952,8.486029311,2.14E-17,3.37E-17
CTTNBP2,164.2723493,5.907119021,0.213791823,27.6302383,4.82E-168,6.11E-167
TSPAN12,5.104940233,0.79903165,0.224026844,3.566678148,0.000361535,0.000430877
ING3,1.893930198,-1.092679919,0.14134999,-7.730314796,1.07E-14,1.62E-14
FAM3C,50.04091806,4.013731776,0.201345846,19.93451498,2.04E-88,1.02E-87
PTPRZ1,8.780621783,1.654356427,0.24445481,6.767534781,1.31E-11,1.87E-11
AASS,5.089791354,0.778324497,0.227207669,3.425608396,0.000613424,0.000726059
CADPS2,18.22179342,2.680079563,0.242413795,11.05580468,2.05E-28,3.94E-28
SLC13A1,115.2715426,5.43795777,0.245716746,22.13100191,1.59E-108,1.04E-107
NDUFA5,27.49296525,3.12815711,0.255100585,12.26244587,1.44E-34,3.04E-34
WASL,191.802887,6.048974518,0.245147289,24.67485784,1.99E-134,1.76E-133
POT1,36.92830846,3.717374742,0.196351543,18.93224108,6.19E-80,2.73E-79
ZNF800,86.4979125,4.989271428,0.245649078,20.31056444,1.04E-91,5.41E-91
ARF5,92.57547395,4.814017643,0.236345188,20.36858747,3.18E-92,1.67E-91
SND1,23.0315107,2.743781229,0.23387479,11.73183836,8.75E-32,1.77E-31
LRRC4,30.95730822,3.514409582,0.264649557,13.27948409,3.04E-40,7.03E-40
RBM28,55.65860849,4.257371665,0.244874942,17.38590169,1.06E-67,3.88E-67
HILPDA,21.11779327,2.920176236,0.246332615,11.85460656,2.04E-32,4.17E-32
METTL2B,69.56867233,4.579785125,0.179143416,25.56490893,3.75E-144,3.68E-143
CALU,19.78761359,1.918782242,0.231058289,8.304321172,1.00E-16,1.57E-16
OPN1SW,26.79419163,3.302323065,0.247374936,13.34946509,1.19E-40,2.77E-40
CCDC136,154.0511335,5.824959936,0.218112969,26.70616037,3.99E-157,4.50E-156
FLNC,164.8361043,5.623297053,0.19907177,28.24758659,1.52E-175,2.05E-174
KCP,295.3503818,6.78821226,0.182900011,37.11433496,1.65E-301,5.82E-300
ATP6V1F,143.1386394,5.076802686,0.207001683,24.52541739,7.91E-133,6.88E-132
TNPO3,76.01884347,4.750266516,0.21137874,22.47277338,7.67E-112,5.17E-111
SMO,22.54507301,3.039278466,0.246994308,12.30505469,8.51E-35,1.81E-34
AHCYL2,45.48632467,4.054111982,0.242228415,16.73673165,7.08E-63,2.40E-62
STRIP2,15.31763455,2.451628104,0.219671809,11.16041294,6.37E-29,1.23E-28
NRF1,202.4770177,6.198775625,0.238699379,25.96896421,1.11E-148,1.15E-147
ZC3HC1,65.07962892,4.491696018,0.241149771,18.62616746,1.97E-77,8.42E-77
KLHDC10,11.703879,1.923618241,0.246190741,7.813527979,5.56E-15,8.45E-15
TMEM209,148.818143,5.764077904,0.228689917,25.20477506,3.55E-140,3.36E-139
CEP41,25.87511487,3.250507273,0.233738651,13.90658866,5.78E-44,1.43E-43
MEST,115.6549915,5.35792071,0.195584162,27.39445089,3.19E-165,3.91E-164
COPG2,11.59991062,2.015126354,0.249642107,8.072061167,6.91E-16,1.06E-15
TSGA13,540.5305049,7.672263339,0.176785738,43.39865548,0,0
MKLN1,154.8913944,5.54247562,0.204335847,27.12434314,5.08E-162,6.03E-161
PODXL,44.7537455,3.8392529,0.219371898,17.50111537,1.40E-68,5.25E-68
CHCHD3,35.81043858,3.291161631,0.221379526,14.86660349,5.43E-50,1.50E-49
EXOC4,8.657977082,1.249518966,0.234744443,5.322890497,1.02E-07,1.33E-07
SLC35B4,20.59798471,2.892948243,0.248422716,11.64526452,2.43E-31,4.89E-31
AKR1B1,57.92384315,4.086559355,0.241521673,16.92005235,3.20E-64,1.11E-63
BPGM,5.643801321,0.709270114,0.156007022,4.546398658,5.46E-06,6.81E-06
CALD1,3.067667126,-2.787351817,0.106985938,-26.05344103,1.23E-149,1.29E-148
AGBL3,38.13938276,3.797852307,0.271850219,13.97038533,2.36E-44,5.90E-44
TMEM140,14.67731764,2.388251994,0.249886738,9.557337914,1.21E-21,2.07E-21
NUP205,5.478382599,0.782854669,0.201983108,3.875842272,0.000106257,0.000128682
SLC13A4,21.22294709,2.93636963,0.229024266,12.8212162,1.25E-37,2.76E-37
MTPN,119.0719462,4.737270456,0.178558597,26.53062095,4.30E-155,4.73E-154
PTN,67.14285108,4.569076625,0.236565252,19.314234,4.08E-83,1.90E-82
CREB3L2,52.65806157,3.969299471,0.241750579,16.41898641,1.40E-60,4.58E-60
TRIM24,92.70475128,5.078130242,0.248831189,20.40793306,1.42E-92,7.50E-92
KIAA1549,71.21719166,4.717040589,0.214166114,22.02514904,1.65E-107,1.07E-106
ZC3HAV1,56.23589079,4.212169839,0.258222032,16.31220159,8.08E-60,2.61E-59
TTC26,5.697019953,0.948523262,0.226646577,4.185032375,2.85E-05,3.50E-05
UBN2,244.4762829,6.482617712,0.180324199,35.94979349,5.10E-283,1.64E-281
HIPK2,144.9378121,5.283587333,0.198528254,26.61378025,4.70E-156,5.25E-155
SLC37A3,28.27844385,3.338057903,0.246692788,13.53123426,1.02E-41,2.43E-41
MKRN1,9.070650402,1.609058083,0.161937508,9.93629025,2.89E-23,5.10E-23
DENND2A,40.24256681,3.908309542,0.237635344,16.44666773,8.86E-61,2.90E-60
NDUFB2,84.94699815,4.097854631,0.20372936,20.11420754,5.54E-90,2.83E-89
BRAF,6.762401301,1.017007699,0.20724612,4.907246016,9.24E-07,1.18E-06
MRPS33,20.81573975,2.569373205,0.250215106,10.26865741,9.76E-25,1.76E-24
TMEM178B,11.41853046,2.048364145,0.240107055,8.531045235,1.45E-17,2.30E-17
AGK,119.095683,5.420934247,0.197450221,27.45468814,6.11E-166,7.53E-165
MTRNR2L6,40.55537426,3.918746759,0.1945972,20.13773459,3.45E-90,1.76E-89
GSTK1,4.935947257,0.498273124,0.212948398,2.339877307,0.019290076,0.021595029
CASP2,9.506956423,1.722601545,0.212221295,8.117006077,4.78E-16,7.38E-16
ZYX,28.72184352,3.223738111,0.153328591,21.02502927,3.87E-98,2.23E-97
OR2A1-AS1,1.755016538,-1.173374678,0.136541669,-8.593528171,8.43E-18,1.34E-17
TPK1,21.21217006,2.921420931,0.236675138,12.34359026,5.28E-35,1.13E-34
CNTNAP2,89.58804436,5.016470557,0.239907751,20.90999788,4.34E-97,2.47E-96
CUL1,11.24450024,1.879523132,0.219723939,8.554020736,1.19E-17,1.88E-17
PDIA4,41.36706741,3.752086177,0.22409565,16.74323524,6.34E-63,2.15E-62
ZNF786,21.27941551,2.963794831,0.235717327,12.57351284,2.95E-36,6.41E-36
ZNF425,170.6519344,5.984189669,0.171878826,34.81632842,1.38E-265,3.88E-264
ZNF398,36.07237844,3.7265577,0.252857259,14.73779206,3.69E-49,1.00E-48
ZNF282,12.89173869,2.192262194,0.233411894,9.392247119,5.87E-21,9.92E-21
ZNF212,57.38608678,4.392421299,0.212278187,20.69181653,4.10E-95,2.25E-94
ZNF783,6.280177834,1.108249747,0.223327014,4.962452721,6.96E-07,8.91E-07
ZNF746,78.89075848,4.866562312,0.254708947,19.10636582,2.24E-81,1.01E-80
ZNF862,160.4377381,5.905881932,0.215183242,27.44582655,7.79E-166,9.60E-165
ATP6V0E2,8.929828817,1.658202235,0.229914323,7.212261561,5.50E-13,8.08E-13
ACTR3C,41.31702666,3.946623599,0.251480238,15.6935735,1.67E-55,5.04E-55
RARRES2,115.8256064,5.444859602,0.234189131,23.24983903,1.43E-119,1.05E-118
REPIN1,1021.635727,8.497749144,0.158295185,53.68292875,0,0
TMEM176B,60.46358527,4.501565905,0.236557579,19.0294723,9.72E-81,4.36E-80
ATG9B,9.506150182,1.769649196,0.239706944,7.382552899,1.55E-13,2.30E-13
ABCB8,35.76386968,3.638708845,0.237369458,15.32930512,4.87E-53,1.41E-52
CDK5,33.31349081,3.548310437,0.214335997,16.5548974,1.48E-61,4.92E-61
AGAP3,12.88621484,2.150886973,0.240951288,8.926646489,4.39E-19,7.15E-19
ABCF2,21.15743943,2.741864148,0.225112828,12.17995513,3.98E-34,8.35E-34
SMARCD3,59.8642198,4.372281898,0.233886768,18.6940114,5.54E-78,2.38E-77
NUB1,67.05017406,4.498068817,0.228910398,19.64991047,5.79E-86,2.80E-85
WDR86,243.0277158,6.517450626,0.197362338,33.02276764,3.83E-239,8.58E-238
RHEB,28.08867,2.827613943,0.243090311,11.63194837,2.84E-31,5.71E-31
PRKAG2,27.47968062,3.245004726,0.246980915,13.13868612,1.98E-39,4.50E-39
GALNTL5,12.98021013,2.243882606,0.256550728,8.746350557,2.20E-18,3.54E-18
GALNT11,22.31325132,2.934193808,0.251954523,11.64572784,2.41E-31,4.86E-31
KMT2C,11.1282957,1.92074673,0.245511266,7.823456577,5.14E-15,7.82E-15
XRCC2,20.73086453,2.899963349,0.182435077,15.89586496,6.77E-57,2.09E-56
ACTR3B,118.3718041,5.442587531,0.226909667,23.98570149,3.92E-127,3.17E-126
PAXIP1-AS2,4.186015548,0.519006302,0.218013634,2.380613962,0.017283814,0.019380983
PAXIP1,104.6878513,5.287237726,0.227631743,23.22715482,2.42E-119,1.77E-118
PAXIP1-AS1,9.028726534,1.683153335,0.237983146,7.072573666,1.52E-12,2.21E-12
INSIG1,45.62876306,3.955874674,0.256004845,15.452343,7.28E-54,2.13E-53
EN2,169.7676564,5.998254521,0.225344387,26.61816703,4.18E-156,4.67E-155
CNPY1,15.10294351,2.467413111,0.23662278,10.42762286,1.85E-25,3.39E-25
AC009403.2,5.156104985,0.826141805,0.218934852,3.773459541,0.000160999,0.000193899
RBM33,62.05028382,4.374034746,0.228754314,19.12110279,1.69E-81,7.65E-81
LMBR1,22.30154309,2.978300721,0.204145893,14.58907979,3.30E-48,8.80E-48
NOM1,32.78215338,3.501548029,0.258328727,13.55462116,7.44E-42,1.77E-41
UBE3C,75.21921715,4.595020901,0.225956751,20.33584254,6.20E-92,3.24E-91
DNAJB6,16.20240766,2.176714692,0.237865102,9.151046858,5.64E-20,9.35E-20
PTPRN2,123.7836131,5.530435571,0.229775755,24.06883864,5.30E-128,4.35E-127
ESYT2,42.94689118,3.877444884,0.261522044,14.82645527,9.88E-50,2.71E-49
WDR60,8.122424087,1.500059965,0.234903628,6.385852701,1.70E-10,2.37E-10
FBXO25,22.81391954,2.974168997,0.247539517,12.01492605,2.97E-33,6.15E-33
TDRP,15.85258293,2.49172132,0.244906563,10.17417128,2.59E-24,4.64E-24
ERICH1,145.0612314,5.655068771,0.181202291,31.2085943,8.15E-214,1.52E-212
CLN8,21.25215351,2.924976978,0.217842712,13.42701327,4.20E-41,9.86E-41
ARHGEF10,30.47322218,3.415315373,0.258020181,13.23662108,5.39E-40,1.24E-39
KBTBD11,13.83273466,2.320982716,0.237309251,9.78041399,1.37E-22,2.38E-22
MYOM2,69.84881817,4.700434444,0.219289373,21.43484829,6.32E-102,3.84E-101
MCPH1,14.36441522,2.153156455,0.249485005,8.630404296,6.11E-18,9.75E-18
ANGPT2,55.8588834,4.342316483,0.233591839,18.58933302,3.92E-77,1.67E-76
AGPAT5,5.481079157,0.871411466,0.226364739,3.849590139,0.000118316,0.000143095
FAM66B,35.37191267,3.718716321,0.234698494,15.84465355,1.53E-56,4.69E-56
FAM85B,38.65871035,3.849935157,0.234610922,16.40987182,1.63E-60,5.31E-60
MFHAS1,173.4275831,5.922681317,0.215956457,27.42534948,1.37E-165,1.68E-164
ERI1,5.838824608,0.962502227,0.217596698,4.423331035,9.72E-06,1.21E-05
PPP1R3B,50.11224134,4.227640094,0.169755347,24.9043118,6.68E-137,6.09E-136
LINC00599,14.8926068,2.446889252,0.248126329,9.861465563,6.12E-23,1.07E-22
PINX1,2.599721752,-0.397175864,0.178446624,-2.225740414,0.026031574,0.028954165
XKR6,12.75020782,2.156199844,0.179698477,11.99898785,3.60E-33,7.44E-33
AF131215.3,27.19222987,3.336091294,0.21737931,15.34686669,3.72E-53,1.08E-52
AF131215.5,16.05940411,2.559975727,0.238272004,10.7439216,6.33E-27,1.19E-26
AF131215.4,45.93800432,4.101960597,0.221289066,18.53666187,1.05E-76,4.42E-76
FAM167A,36.4676599,3.764640588,0.257281967,14.63235311,1.75E-48,4.68E-48
NEIL2,9.437446914,1.738734699,0.245785736,7.074188803,1.50E-12,2.19E-12
FDFT1,38.20940815,3.799856618,0.264061586,14.39003937,5.98E-47,1.57E-46
CTSB,10.61406721,1.275050256,0.223016321,5.717295718,1.08E-08,1.45E-08
FAM86B1,1654.37182,9.254871251,0.148182104,62.45606581,0,0
FAM86B2,14.45047917,2.398227731,0.250617715,9.569266604,1.08E-21,1.85E-21
LONRF1,12.28916866,2.160397665,0.225154084,9.595196432,8.38E-22,1.44E-21
DLC1,49.11449298,3.324053219,0.213430769,15.57438616,1.09E-54,3.24E-54
C8orf48,4.745874363,0.686662951,0.212797914,3.226831216,0.001251693,0.001464621
TUSC3,67.4537256,4.428366121,0.243123594,18.21446472,3.96E-74,1.61E-73
MICU3,235.1747602,6.405431969,0.188291906,34.01862626,1.18E-253,2.97E-252
ZDHHC2,67.62823171,4.579746226,0.217095016,21.09558436,8.73E-99,5.06E-98
CNOT7,53.1448035,4.179149014,0.209434119,19.95448034,1.37E-88,6.87E-88
VPS37A,7.111383722,1.151295238,0.22593375,5.095720481,3.47E-07,4.49E-07
MTMR7,17.04209548,2.644660964,0.229090813,11.54415984,7.90E-31,1.58E-30
SLC7A2,2.412074408,-0.457957382,0.177758417,-2.576290845,0.00998666,0.011308088
MTUS1,21.40231447,2.98423873,0.272218417,10.96266287,5.78E-28,1.10E-27
PCM1,180.5991959,5.866147408,0.180616696,32.47843386,2.15E-231,4.56E-230
ASAH1,5.009203342,0.661392232,0.221605075,2.984553631,0.002839924,0.003283086
PSD3,11.67582109,1.122676117,0.224991652,4.989856773,6.04E-07,7.75E-07
INTS10,6.316185708,1.013044394,0.190625876,5.314306839,1.07E-07,1.40E-07
LPL,31.45881688,3.548718332,0.266645643,13.30874297,2.06E-40,4.77E-40
SLC18A1,49.33545732,4.205071102,0.229576213,18.31666721,6.09E-75,2.50E-74
ATP6V1B2,48.60092295,4.090188282,0.257084053,15.90992612,5.41E-57,1.67E-56
LZTS1,215.50969,6.32224197,0.194622426,32.48465302,1.76E-231,3.73E-230
XPO7,11.05908495,1.976703602,0.2424961,8.151486144,3.59E-16,5.56E-16
REEP4,57.30010032,4.379757894,0.21156817,20.70140273,3.36E-95,1.85E-94
BMP1,49.82959827,4.113429248,0.21979987,18.71442985,3.78E-78,1.63E-77
PIWIL2,51.49797748,4.267970444,0.261448693,16.32431354,6.63E-60,2.14E-59
SLC39A14,12.17743795,1.997243862,0.235377726,8.485271313,2.15E-17,3.40E-17
PPP3CC,43.3251746,3.90219221,0.266678169,14.63258961,1.74E-48,4.67E-48
SORBS3,26.99535995,3.169375888,0.236743255,13.38739677,7.16E-41,1.67E-40
PDLIM2,10.87924004,1.338530552,0.227218843,5.890931124,3.84E-09,5.19E-09
C8orf58,80.62369028,4.887722577,0.21800114,22.42062851,2.48E-111,1.66E-110
CCAR2,4.33080715,0.514589808,0.209583083,2.455302217,0.014076619,0.015820548
BIN3,472.3388447,7.383593802,0.191436797,38.56935517,0,0
RHOBTB2,16.37069413,2.553916208,0.250930835,10.17776952,2.49E-24,4.47E-24
TNFRSF10B,153.387683,5.757076316,0.202773619,28.39164363,2.56E-177,3.52E-176
TNFRSF10D,217.0521496,6.217073659,0.214899915,28.93008898,5.00E-184,7.18E-183
CHMP7,73.68270962,4.705812826,0.244022562,19.28433496,7.27E-83,3.38E-82
R3HCC1,14.39142803,2.192587914,0.21306269,10.29081117,7.75E-25,1.40E-24
LOXL2,59.60364521,4.032802164,0.24982906,16.14224607,1.29E-58,4.08E-58
ENTPD4,133.9950557,5.602442774,0.205851165,27.21598765,4.20E-163,5.04E-162
NKX3-1,38.8764358,3.804775698,0.231430009,16.44028671,9.85E-61,3.22E-60
STC1,112.3876357,5.346815319,0.247538019,21.59997617,1.80E-103,1.11E-102
NEFM,39.20176996,3.85929098,0.258941546,14.9041011,3.10E-50,8.58E-50
NEFL,33.03353197,3.620680883,0.248404334,14.57575566,4.01E-48,1.07E-47
DOCK5,2.670181085,-0.738357737,0.168054957,-4.393549289,1.12E-05,1.38E-05
KCTD9,22.2368255,2.785083564,0.24146675,11.53402513,8.89E-31,1.78E-30
CDCA2,8.622408192,1.46073699,0.224399311,6.509543103,7.54E-11,1.06E-10
AC090103.1,75.39734382,4.822329271,0.224550598,21.47546842,2.64E-102,1.61E-101
EBF2,11.5939296,2.07097357,0.228740261,9.053821843,1.38E-19,2.27E-19
PPP2R2A,52.34397135,4.062202667,0.249422068,16.28646051,1.23E-59,3.97E-59
BNIP3L,14.35290486,2.016354837,0.171347649,11.76762473,5.73E-32,1.16E-31
PNMA2,49.42179124,4.207464315,0.222728256,18.89057268,1.36E-79,5.99E-79
DPYSL2,7.234182305,1.1372767,0.211962995,5.365449288,8.07E-08,1.06E-07
ADRA1A,5.760355827,1.001990794,0.222683523,4.499618027,6.81E-06,8.48E-06
STMN4,16.99113441,2.642156242,0.254496608,10.38189177,3.00E-25,5.46E-25
TRIM35,33.67397214,3.616129821,0.252539287,14.3190783,1.66E-46,4.33E-46
EPHX2,117.3937916,5.463469301,0.192406418,28.39546288,2.30E-177,3.16E-176
CLU,42.43739061,3.374824264,0.18581108,18.16266425,1.02E-73,4.11E-73
SCARA3,14.00257207,2.149962133,0.226592365,9.488237309,2.35E-21,4.00E-21
CCDC25,74.98488044,4.668138446,0.187270962,24.92718788,3.78E-137,3.46E-136
ESCO2,11.31995353,1.972823072,0.235074612,8.392327255,4.77E-17,7.48E-17
NUGGC,20.00266618,2.883163073,0.237125899,12.15878604,5.15E-34,1.08E-33
ELP3,4.473024289,0.536352823,0.22216802,2.414176547,0.015770819,0.017704499
ZNF395,34.8384491,3.676525073,0.247581423,14.84976149,6.98E-50,1.92E-49
FBXO16,91.90680282,5.109072007,0.252567153,20.22856873,5.49E-91,2.83E-90
FZD3,42.6259983,3.992522463,0.209985687,19.01330761,1.32E-80,5.92E-80
EXTL3,21.60244428,2.953071497,0.254142095,11.61976528,3.27E-31,6.57E-31
INTS9,28.90818974,3.349779602,0.243462111,13.758936,4.50E-43,1.10E-42
HMBOX1,34.62294999,3.666523954,0.203907689,17.98129323,2.73E-72,1.08E-71
KIF13B,14.87100551,2.419466111,0.246499446,9.815300405,9.67E-23,1.69E-22
DUSP4,8.577604873,1.517093015,0.23716126,6.396883775,1.59E-10,2.21E-10
LEPROTL1,25.08966817,3.144819201,0.256187807,12.27544449,1.23E-34,2.60E-34
DCTN6,24.71206621,2.974940837,0.23143743,12.85419058,8.15E-38,1.81E-37
RBPMS,26.31683365,3.128858451,0.253288736,12.3529317,4.70E-35,1.00E-34
GTF2E2,35.72253201,3.575959828,0.240791575,14.85085112,6.87E-50,1.89E-49
GSR,238.2205383,6.393838848,0.221184712,28.90723687,9.68E-184,1.39E-182
UBXN8,13.3464844,2.26443929,0.248807731,9.101161281,8.94E-20,1.48E-19
PPP2CB,2.820976166,-0.586139464,0.168537781,-3.477792704,0.000505561,0.000600288
TEX15,35.8734129,3.741064299,0.262570088,14.24786929,4.62E-46,1.19E-45
PURG,7.087098592,1.324347646,0.233298955,5.67661199,1.37E-08,1.84E-08
WRN,73.64340717,4.592427293,0.22247688,20.64226764,1.15E-94,6.23E-94
NRG1,43.27189496,3.279714875,0.250450387,13.09526774,3.50E-39,7.95E-39
FUT10,63.42594272,4.517766194,0.21311834,21.19839241,9.88E-100,5.79E-99
MAK16,18.04454865,2.667357791,0.26228418,10.16972429,2.71E-24,4.85E-24
RNF122,4.288244701,0.528953218,0.212923232,2.484243801,0.012982689,0.014610735
UNC5D,32.29903735,3.586555998,0.211714486,16.94053188,2.26E-64,7.86E-64
ZNF703,30.68680196,3.45916692,0.269865379,12.8181204,1.30E-37,2.87E-37
ERLIN2,47.83388966,4.107164843,0.242030501,16.96961673,1.38E-64,4.81E-64
RAB11FIP1,67.24357372,4.645029073,0.259535666,17.89745948,1.23E-71,4.83E-71
EIF4EBP1,30.58368522,2.872322708,0.250613239,11.46117705,2.07E-30,4.10E-30
ASH2L,8.505198513,1.515178174,0.242310202,6.253051502,4.03E-10,5.56E-10
STAR,81.70949172,4.938713419,0.269662913,18.31439613,6.35E-75,2.60E-74
LSM1,22.43185544,2.799934967,0.253674644,11.03750428,2.52E-28,4.82E-28
DDHD2,26.94325893,3.266484172,0.202728577,16.11259849,2.08E-58,6.58E-58
LETM2,6.325387847,1.110414835,0.222601396,4.988355223,6.09E-07,7.81E-07
FGFR1,182.7088834,5.86519484,0.196525719,29.84441355,1.04E-195,1.64E-194
TACC1,43.6359703,3.850351894,0.233507677,16.48918759,4.39E-61,1.45E-60
PLEKHA2,24.32389169,3.105796164,0.225496797,13.77312764,3.70E-43,9.05E-43
TM2D2,113.2986371,5.259647588,0.19994455,26.30553116,1.66E-152,1.77E-151
ADAM9,6.575406018,0.842365207,0.221235937,3.807542377,0.000140355,0.000169392
ADAM32,28.98360598,3.385645044,0.243850851,13.88408133,7.91E-44,1.96E-43
ZMAT4,16.34791119,2.585846091,0.227932751,11.34477637,7.87E-30,1.54E-29
SFRP1,15.30236276,2.476773043,0.236565579,10.46971015,1.19E-25,2.19E-25
GOLGA7,21.41772541,2.727612281,0.242602583,11.24312957,2.50E-29,4.87E-29
GINS4,4.266362436,0.470510894,0.20230916,2.325702376,0.020034434,0.022412169
KAT6A,14.62623707,2.300375312,0.240113909,9.580350101,9.67E-22,1.66E-21
AP3M2,44.48154666,3.98877334,0.258765673,15.41461546,1.31E-53,3.81E-53
PLAT,8.406031091,1.525570035,0.232140323,6.571758052,4.97E-11,7.01E-11
IKBKB,2.331473159,-0.678076995,0.15677566,-4.325142012,1.52E-05,1.88E-05
POLB,13.79337565,2.311145696,0.2456833,9.407011767,5.10E-21,8.64E-21
VDAC3,114.9228985,5.15902116,0.200952044,25.67289719,2.35E-145,2.34E-144
SLC20A2,12.52962304,1.876105202,0.228826175,8.198822537,2.43E-16,3.77E-16
THAP1,37.50120363,3.762523251,0.254046991,14.81034372,1.26E-49,3.44E-49
RNF170,4.507672948,0.547435884,0.218786592,2.502145485,0.012344319,0.013909596
HOOK3,30.59910522,3.272439737,0.21803796,15.00857802,6.45E-51,1.81E-50
FNTA,116.9961649,5.219639222,0.205661183,25.3797977,4.22E-142,4.06E-141
POMK,124.7840363,5.541437549,0.204587845,27.08585918,1.45E-161,1.70E-160
HGSNAT,4.359358265,0.443901421,0.213304463,2.081069544,0.037427541,0.041249621
SPIDR,37.00661605,3.58998562,0.266169004,13.48761715,1.85E-41,4.37E-41
PRKDC,238.8270291,6.103627705,0.197081567,30.97005877,1.36E-210,2.46E-209
UBE2V2,43.8688863,3.64126236,0.243946318,14.92649036,2.22E-50,6.16E-50
SNTG1,80.82404611,4.923186447,0.251468769,19.57772518,2.39E-85,1.15E-84
PCMTD1,49.716731,4.151820338,0.198612502,20.90412381,4.91E-97,2.78E-96
ST18,47.29542065,4.143683793,0.198751085,20.84860964,1.57E-96,8.82E-96
RB1CC1,36.38715101,3.557938799,0.191476383,18.58160647,4.53E-77,1.92E-76
OPRK1,330.9913272,6.96364222,0.211335224,32.95069363,4.13E-238,9.13E-237
ATP6V1H,4.968321485,0.521948097,0.225963173,2.309881246,0.02089473,0.023367351
RGS20,141.9181243,5.548950283,0.199830831,27.76823901,1.05E-169,1.35E-168
TCEA1,5.850698032,0.520724248,0.219040408,2.377297659,0.017440008,0.019550078
LYPLA1,40.02370498,3.737129013,0.240256864,15.55472319,1.48E-54,4.39E-54
MRPL15,279.2876671,6.442707949,0.188261314,34.22215537,1.13E-256,2.94E-255
XKR4,144.7351474,5.767355741,0.200049337,28.82966681,9.11E-183,1.30E-181
TMEM68,58.72809005,4.426614884,0.243129561,18.20681479,4.56E-74,1.85E-73
TGS1,41.34102477,3.831100286,0.242364533,15.80718203,2.78E-56,8.47E-56
RPS20,20.25279622,0.581344988,0.239861362,2.423670835,0.015364525,0.017255519
PLAG1,38.4190913,3.837788026,0.168275541,22.80657066,3.95E-115,2.76E-114
CHCHD7,21.27264415,2.799589233,0.231127762,12.11273457,9.04E-34,1.89E-33
IMPAD1,74.76167966,4.588275297,0.215631188,21.27834725,1.80E-100,1.07E-99
FAM110B,16.68183741,2.497403872,0.245566176,10.16998316,2.70E-24,4.84E-24
UBXN2B,29.52347654,3.422807902,0.251548375,13.60695692,3.64E-42,8.73E-42
SDCBP,2.31575305,-1.050459111,0.158349856,-6.633786341,3.27E-11,4.63E-11
NSMAF,20.76826206,2.833714097,0.244153489,11.60628141,3.83E-31,7.69E-31
TOX,45.392847,3.986775801,0.234941274,16.96924402,1.39E-64,4.84E-64
CA8,36.14469737,3.752843793,0.226994978,16.53271726,2.13E-61,7.08E-61
CHD7,47.98499466,4.153867671,0.237724166,17.47347668,2.28E-68,8.49E-68
AC022182.2,2.440453378,-0.525138403,0.184357186,-2.848483504,0.004392813,0.005045027
CLVS1,52.45464778,4.284390556,0.23370992,18.3320869,4.59E-75,1.89E-74
ASPH,127.8823531,4.544258642,0.187115505,24.28584758,2.77E-130,2.33E-129
NKAIN3,4.788324142,0.690729462,0.202757136,3.40668385,0.000657572,0.000777385
GGH,52.25438916,4.213893319,0.251718358,16.74050852,6.64E-63,2.25E-62
YTHDF3,58.98652178,4.350761694,0.242693531,17.92697842,7.26E-72,2.85E-71
ARMC1,13.03798362,2.06902393,0.230826013,8.963564816,3.14E-19,5.14E-19
MTFR1,27.44363137,3.26705115,0.159809069,20.44346519,6.87E-93,3.63E-92
PDE7A,46.27942051,4.068802896,0.230854918,17.62493485,1.59E-69,6.01E-69
RRS1,45.87550231,3.995074473,0.214321491,18.64056867,1.51E-77,6.44E-77
ADHFE1,102.5536093,5.268429494,0.212455972,24.79774729,9.48E-136,8.53E-135
MYBL1,15.45881443,2.4077032,0.24383846,9.874173248,5.39E-23,9.46E-23
VCPIP1,6.882792227,1.262718195,0.236530187,5.338507572,9.37E-08,1.23E-07
SNHG6,26.16268598,2.469614724,0.25294851,9.763310042,1.62E-22,2.81E-22
COPS5,7.234743113,1.132236217,0.227448819,4.977982395,6.43E-07,8.23E-07
CSPP1,8.227797637,1.475587635,0.245923174,6.000197582,1.97E-09,2.68E-09
ARFGEF1,48.54898568,3.996436137,0.233907638,17.08553072,1.90E-65,6.75E-65
PREX2,34.27413617,3.674502956,0.274459462,13.38814459,7.09E-41,1.66E-40
C8orf34,53.50833496,4.31344152,0.242516987,17.78614182,9.05E-71,3.49E-70
SULF1,23.12375126,2.678758006,0.26090665,10.26711279,9.91E-25,1.79E-24
SLCO5A1,27.71854746,3.363562518,0.254343018,13.22451287,6.33E-40,1.45E-39
NCOA2,77.89743714,4.76367817,0.236366179,20.15380619,2.49E-90,1.28E-89
LACTB2,126.9559449,5.503361363,0.167169953,32.92075676,1.11E-237,2.45E-236
XKR9,75.05874663,4.815960812,0.234293605,20.55523799,6.91E-94,3.71E-93
EYA1,4.444353846,0.589005558,0.211640061,2.78305325,0.005384997,0.006160436
TERF1,128.4037353,5.562330293,0.196455832,28.31338852,2.36E-176,3.22E-175
SBSPON,24.84547992,3.202714205,0.230579588,13.88984269,7.30E-44,1.81E-43
RDH10,75.67709655,4.805563453,0.166481313,28.8654827,3.24E-183,4.63E-182
STAU2,24.68457627,3.044346989,0.233820349,13.02002586,9.41E-39,2.12E-38
UBE2W,12.7298158,2.081807691,0.238797923,8.717863493,2.84E-18,4.55E-18
TMEM70,11.17366319,1.93477355,0.224667044,8.611737261,7.20E-18,1.15E-17
JPH1,29.73796388,3.466495277,0.232433853,14.91390017,2.68E-50,7.42E-50
GDAP1,25.72833965,3.230146541,0.195267761,16.54213949,1.82E-61,6.06E-61
CRISPLD1,61.72991519,4.531862787,0.223433655,20.2828119,1.82E-91,9.48E-91
CASC9,127.2335444,5.579758001,0.155895814,35.79158317,1.49E-280,4.61E-279
ZFHX4-AS1,17.1774431,2.646290881,0.236264013,11.2005669,4.05E-29,7.86E-29
ZFHX4,13.9073646,2.278480915,0.233069603,9.775967703,1.43E-22,2.48E-22
PEX2,74.16250265,4.694705084,0.251882811,18.6384496,1.57E-77,6.70E-77
PKIA,7.097009236,1.192563447,0.221099879,5.393777031,6.90E-08,9.04E-08
ZC2HC1A,31.38745712,3.502229722,0.263261068,13.30325727,2.22E-40,5.13E-40
STMN2,6.498754082,1.19818093,0.228850264,5.235654571,1.64E-07,2.14E-07
MRPS28,99.11876668,5.095498339,0.2631903,19.3605096,1.66E-83,7.79E-83
TPD52,9.617731392,1.788979569,0.228565523,7.826987824,5.00E-15,7.60E-15
ZBTB10,24.26012332,3.147202751,0.243229358,12.93923881,2.70E-38,6.05E-38
PAG1,28.5537563,3.407495946,0.212347471,16.04679315,6.02E-58,1.89E-57
FABP5,71.61714006,3.942205815,0.223202984,17.66197634,8.23E-70,3.13E-69
IMPA1,99.70955616,5.145350934,0.242766765,21.19462661,1.07E-99,6.27E-99
ZFAND1,9.338672161,1.666721795,0.209934057,7.939263492,2.03E-15,3.12E-15
SNX16,9.53677759,1.752241754,0.246025847,7.122185626,1.06E-12,1.55E-12
RALYL,27.69815999,3.363072923,0.230484101,14.59134453,3.19E-48,8.52E-48
LRRCC1,4.495239138,0.573560463,0.213159829,2.69075306,0.007129094,0.008124895
E2F5,46.6346896,4.123870441,0.227415775,18.13361645,1.73E-73,6.96E-73
CA3,30.53759268,3.483454517,0.230132317,15.13674638,9.27E-52,2.63E-51
CA2,7.571104825,1.427504929,0.215746273,6.616591361,3.68E-11,5.20E-11
WWP1,8.986445026,1.620210611,0.233335193,6.943704431,3.82E-12,5.51E-12
RMDN1,2.728316571,-0.465246698,0.177200352,-2.625540476,0.008651152,0.009816321
CPNE3,70.56821268,4.478938715,0.217174848,20.62365301,1.68E-94,9.12E-94
MMP16,1019.65316,8.493331502,0.149624231,56.76441214,0,0
RIPK2,9.396308719,1.683811582,0.21588464,7.799589558,6.21E-15,9.43E-15
OSGIN2,4.411334583,0.505643929,0.2123496,2.381186166,0.017256988,0.019352899
NBN,119.8829117,5.348764487,0.216520522,24.70326804,9.86E-135,8.72E-134
TMEM64,9.448499573,1.75848382,0.228363835,7.700360345,1.36E-14,2.05E-14
NECAB1,30.01350365,3.479530474,0.267144558,13.02489745,8.83E-39,1.99E-38
OTUD6B,5.348775841,0.832936825,0.222791154,3.738644063,0.000185015,0.000222428
LRRC69,4.110595964,0.413187365,0.204270579,2.02274536,0.043099408,0.047375783
RUNX1T1,6.856860595,1.236984213,0.243833417,5.073070906,3.91E-07,5.05E-07
TRIQK,65.54358464,4.586209563,0.242031698,18.94879721,4.52E-80,2.00E-79
RBM12B,49.94347822,4.222888311,0.183769167,22.97930814,7.51E-117,5.34E-116
TMEM67,9.197857969,1.700743367,0.232887395,7.302857116,2.82E-13,4.16E-13
PDP1,4.785656879,0.65316283,0.21107064,3.094522433,0.0019713,0.002290122
RAD54B,45.76579297,4.074836692,0.20386241,19.98817086,6.98E-89,3.51E-88
DPY19L4,21.54532311,2.946593916,0.254634296,11.57186585,5.72E-31,1.15E-30
INTS8,11.36746038,1.95483902,0.216160257,9.043471037,1.52E-19,2.50E-19
CCNE2,5.91032244,0.99101203,0.225383915,4.396995359,1.10E-05,1.36E-05
NDUFAF6,84.71162249,4.896666203,0.176322146,27.77113553,9.68E-170,1.24E-168
TP53INP1,29.92949756,3.452296432,0.185106833,18.6502917,1.26E-77,5.38E-77
C8orf37,30.43033296,3.489071419,0.195883602,17.81196271,5.71E-71,2.21E-70
PTDSS1,13.36144808,2.17570502,0.233497225,9.317905274,1.19E-20,2.00E-20
SDC2,46.76707619,3.953575168,0.236944084,16.6856885,1.67E-62,5.61E-62
MTDH,66.72806789,4.120722354,0.239162614,17.2297931,1.59E-66,5.73E-66
LAPTM4B,34.34946942,3.551111489,0.235701318,15.06615032,2.70E-51,7.61E-51
MATN2,10.09615398,1.826521227,0.228808759,7.982741722,1.43E-15,2.20E-15
RPL30,83.44256345,2.18994707,0.209438821,10.45626146,1.37E-25,2.52E-25
POP1,16.70963506,2.60291145,0.233621831,11.14155914,7.87E-29,1.52E-28
STK3,2.267099808,-0.825905836,0.159919874,-5.164497794,2.41E-07,3.13E-07
VPS13B,46.68934026,3.869845307,0.233477957,16.57477799,1.06E-61,3.54E-61
COX6C,21.02069742,1.968453907,0.247282164,7.960355404,1.72E-15,2.63E-15
SPAG1,5.778385598,0.991580139,0.234575362,4.227128252,2.37E-05,2.91E-05
RNF19A,16.62358806,2.534271209,0.245753775,10.31223717,6.20E-25,1.12E-24
ANKRD46,6.25898729,1.117315782,0.225447301,4.955995387,7.20E-07,9.21E-07
PABPC1,24.2277309,2.300471929,0.220744744,10.42141203,1.98E-25,3.62E-25
YWHAZ,84.43179815,4.076872252,0.183606513,22.20439888,3.11E-109,2.05E-108
ZNF706,45.6634151,3.745788832,0.177365687,21.11901627,5.32E-99,3.09E-98
NCALD,42.21218829,3.956599468,0.263709947,15.00360344,6.95E-51,1.95E-50
RRM2B,44.09857578,3.945371262,0.23454319,16.82151272,1.70E-63,5.82E-63
UBR5,99.11459071,5.054246429,0.220465314,22.92535884,2.60E-116,1.84E-115
KLF10,13.39702991,2.164990192,0.228887819,9.458739207,3.12E-21,5.30E-21
AZIN1,5.703785462,0.814299456,0.216930026,3.753742483,0.000174214,0.000209628
ATP6V1C1,59.08445539,4.382721095,0.222732535,19.67705842,3.39E-86,1.65E-85
BAALC,17.0127248,2.518689423,0.208045386,12.10644213,9.76E-34,2.04E-33
FZD6,9.917317885,1.808480409,0.249926784,7.23604082,4.62E-13,6.79E-13
SLC25A32,5.60133946,0.890299942,0.225226929,3.952901844,7.72E-05,9.39E-05
DCAF13,40.60087143,3.638446007,0.228465741,15.92556502,4.21E-57,1.30E-56
RIMS2,390.4914982,7.180501124,0.206498126,34.77271811,6.29E-265,1.75E-263
LRP12,32.26246419,3.550871888,0.23442132,15.14739314,7.88E-52,2.24E-51
ANGPT1,35.08960919,3.57912939,0.259968833,13.7675326,4.00E-43,9.75E-43
EIF3E,2.153418793,-1.817129792,0.115526256,-15.7291499,9.55E-56,2.89E-55
EMC2,23.95542909,2.943541512,0.239361056,12.29749553,9.34E-35,1.98E-34
NUDCD1,6.402251469,0.999161777,0.206437075,4.840030696,1.30E-06,1.65E-06
ENY2,32.30920677,3.049746141,0.220209217,13.84931195,1.28E-43,3.16E-43
EBAG9,40.50047391,3.865271264,0.251259519,15.3835814,2.11E-53,6.15E-53
SYBU,355.4754845,7.055919427,0.187189476,37.6939963,0,0
CSMD3,91.03028859,5.09611511,0.234178813,21.7616404,5.36E-105,3.35E-104
TRPS1,8.111390848,1.000277216,0.209195203,4.781549487,1.74E-06,2.20E-06
EIF3H,19.27068578,2.259843998,0.2253586,10.02776909,1.15E-23,2.04E-23
UTP23,54.81567614,4.25456374,0.197707801,21.51945299,1.02E-102,6.26E-102
RAD21,16.10077925,2.372652495,0.249811996,9.497752442,2.14E-21,3.65E-21
EXT1,102.320512,3.955843594,0.201400409,19.64168605,6.81E-86,3.29E-85
SAMD12,110.7431517,5.368328532,0.198417293,27.05574924,3.27E-161,3.83E-160
AC023590.1,35.32146425,3.719314386,0.263658665,14.10655091,3.46E-45,8.78E-45
MAL2,342.7398749,7.013974883,0.223009564,31.45145324,4.01E-217,7.70E-216
ENPP2,24.90725359,3.089649817,0.239799652,12.88429651,5.52E-38,1.23E-37
TAF2,88.58313316,4.96025566,0.239881758,20.67791945,5.48E-95,2.99E-94
DSCC1,21.29280462,2.932193268,0.238813584,12.27816787,1.19E-34,2.51E-34
COL14A1,49.30969871,4.204619206,0.220522564,19.06661673,4.78E-81,2.15E-80
MRPL13,10.92628181,1.705715286,0.230151007,7.411287533,1.25E-13,1.86E-13
MTBP,380.2587029,7.08932362,0.151486913,46.79825773,0,0
HAS2,29.16984527,2.265984526,0.224113477,10.11088024,4.94E-24,8.82E-24
ZHX2,197.0615686,6.192258552,0.204341404,30.30349424,1.03E-201,1.73E-200
DERL1,12.0195952,2.059974386,0.241510873,8.529530626,1.47E-17,2.33E-17
TBC1D31,78.5915895,4.850512598,0.251514848,19.28519387,7.15E-83,3.33E-82
C8orf76,4.372638538,0.436664556,0.212666713,2.053281165,0.040045316,0.044067689
ZHX1,143.2405789,5.657724108,0.203625679,27.78492439,6.60E-170,8.50E-169
FBXO32,6.968188837,0.901717087,0.224440415,4.0176235,5.88E-05,7.17E-05
TRMT12,4.306353644,0.53311441,0.214049449,2.490613325,0.012752282,0.014357157
RNF139-AS1,104.945306,5.301678809,0.270368528,19.60908264,1.29E-85,6.22E-85
RNF139,101.1013417,5.183028522,0.183162036,28.29750446,3.71E-176,5.03E-175
NDUFB9,19.18389401,2.412792813,0.243012065,9.928695587,3.12E-23,5.50E-23
MTSS1,26.57158216,3.25653657,0.251722261,12.93702255,2.78E-38,6.22E-38
SQLE,131.7016601,5.598377496,0.226436072,24.72387657,5.92E-135,5.25E-134
NSMCE2,38.31842073,3.603028988,0.228093197,15.79630188,3.30E-56,1.01E-55
TRIB1,52.69974279,4.290878784,0.239555178,17.91185986,9.53E-72,3.73E-71
MYC,26.20716327,3.144221667,0.24395328,12.88862223,5.22E-38,1.16E-37
PVT1,47.27645146,3.77063554,0.245994069,15.32815628,4.96E-53,1.43E-52
FAM49B,13.65028091,2.164256485,0.227698483,9.504922739,2.00E-21,3.41E-21
ASAP1,7.483763192,0.989981636,0.220891782,4.481749512,7.40E-06,9.22E-06
EFR3A,70.39276781,4.575190203,0.205054762,22.31204076,2.82E-110,1.88E-109
LRRC6,28.02563505,3.366828336,0.248452284,13.551207,7.79E-42,1.85E-41
PHF20L1,34.08431718,3.44873477,0.172726489,19.96644984,1.08E-88,5.41E-88
ST3GAL1,12.29774152,2.070404517,0.214328829,9.659944136,4.46E-22,7.70E-22
ZFAT,7.459644887,1.36754268,0.223618629,6.115513209,9.62E-10,1.32E-09
KHDRBS3,89.14883837,5.023628855,0.216039525,23.25328594,1.32E-119,9.67E-119
TRAPPC9,194.661831,6.089524149,0.197234645,30.87451568,2.63E-209,4.66E-208
CHRAC1,24.41743117,3.123533395,0.264321064,11.81719438,3.18E-32,6.49E-32
AGO2,57.24922166,4.192584301,0.253606475,16.53185038,2.16E-61,7.18E-61
PTK2,70.40099951,4.460136334,0.229281994,19.45262361,2.77E-84,1.31E-83
SLC45A4,5.021110617,0.77053224,0.214867539,3.586080261,0.000335686,0.000400421
TSNARE1,16.51578258,2.575848876,0.234150985,11.00080307,3.79E-28,7.23E-28
JRK,33.42189985,3.613679893,0.203772957,17.73385416,2.30E-70,8.81E-70
LY6E,35.14040839,3.309262865,0.226892268,14.5851725,3.49E-48,9.32E-48
TOP1MT,154.0536096,5.815133451,0.198778789,29.25429554,3.96E-188,5.89E-187
EEF1D,4.082169823,-1.278119198,0.1683437,-7.592319767,3.14E-14,4.72E-14
TSTA3,55.88937969,4.213877319,0.225187871,18.71271883,3.90E-78,1.68E-77
ZNF623,6.486142569,1.158571741,0.232053917,4.992683403,5.95E-07,7.64E-07
ZNF707,82.70401427,4.956182854,0.232900098,21.28029525,1.73E-100,1.02E-99
FAM83H,94.93430084,5.156699024,0.244030712,21.13135265,4.10E-99,2.38E-98
SCRIB,22.11745773,2.931891966,0.233703721,12.54533714,4.22E-36,9.14E-36
PUF60,2.190879149,-1.094040552,0.159388689,-6.86397863,6.70E-12,9.62E-12
NRBP2,44.65524959,4.014940004,0.180484284,22.24537177,1.25E-109,8.25E-109
EPPK1,18.36490666,2.758256459,0.250728504,11.00096885,3.78E-28,7.22E-28
PLEC,90.51123203,4.753863668,0.219094906,21.69773706,2.16E-104,1.34E-103
GRINA,94.6575627,5.077890213,0.24981076,20.32694754,7.43E-92,3.88E-91
EXOSC4,38.12588344,3.715832094,0.236540733,15.70905801,1.31E-55,3.96E-55
GPAA1,34.42938032,3.479522571,0.240949456,14.44088162,2.86E-47,7.53E-47
CYC1,16.2255597,2.180947978,0.238755768,9.134639973,6.56E-20,1.09E-19
SHARPIN,33.46421903,3.426742033,0.231795079,14.78349775,1.87E-49,5.12E-49
MAF1,26.99421049,2.936951334,0.222087435,13.22430213,6.35E-40,1.46E-39
MROH1,25.36447822,3.1907594,0.222018982,14.37156127,7.81E-47,2.04E-46
HSF1,135.4524421,5.537055193,0.223336848,24.79239423,1.08E-135,9.73E-135
DGAT1,71.62893097,4.736338313,0.202905529,23.34257886,1.64E-120,1.22E-119
FBXL6,33.19520912,3.575442873,0.241076134,14.83117727,9.21E-50,2.53E-49
CPSF1,89.40633604,4.983373672,0.155826933,31.98018202,2.06E-224,4.16E-223
VPS28,120.2848714,4.999040416,0.223707216,22.346353,1.31E-110,8.75E-110
TONSL,62.04909371,4.506662061,0.237977471,18.93734749,5.62E-80,2.48E-79
CYHR1,39.6963873,3.793103998,0.217011463,17.47881859,2.08E-68,7.75E-68
MFSD3,12.75939729,2.153473765,0.239517692,8.990875562,2.45E-19,4.02E-19
RECQL4,212.8382391,6.283151203,0.203981004,30.80262913,2.42E-208,4.25E-207
LRRC14,12.09767274,2.086052126,0.198936363,10.48602725,1.00E-25,1.84E-25
ZNF251,82.80748,4.915288151,0.229886194,21.38139775,1.99E-101,1.20E-100
ZNF34,28.00278161,3.367716971,0.210161768,16.02440351,8.63E-58,2.70E-57
RPL8,186.6633432,3.171900049,0.147470561,21.50869996,1.29E-102,7.88E-102
ZNF517,32.17147245,3.581701705,0.258189915,13.87235324,9.32E-44,2.30E-43
ZNF7,179.0465021,6.042574052,0.19776799,30.55385283,5.03E-205,8.62E-204
COMMD5,47.54480365,4.077942275,0.247314983,16.48886058,4.41E-61,1.45E-60
ZNF250,5.879222163,1.022659997,0.224202508,4.561322729,5.08E-06,6.36E-06
ZNF16,12.35096261,2.146748319,0.250378518,8.574011603,9.99E-18,1.59E-17
C8orf33,536.9431628,7.452787762,0.16661932,44.72943343,0,0
CBWD1,71.84164679,4.608581687,0.18931336,24.34366851,6.77E-131,5.72E-130
KANK1,26.08503872,3.165879238,0.220684366,14.34573409,1.13E-46,2.96E-46
SMARCA2,375.1453789,6.978008141,0.189686847,36.78699007,2.98E-296,1.03E-294
VLDLR,60.95481399,4.502288286,0.224268947,20.07539763,1.21E-89,6.15E-89
RFX3,299.9841232,6.746854048,0.197109025,34.22904675,8.94E-257,2.33E-255
GLIS3,38.55721073,3.45520626,0.237794918,14.53019386,7.80E-48,2.07E-47
CDC37L1,8.392266439,1.436620701,0.241567799,5.947070379,2.73E-09,3.70E-09
AK3,50.23262738,4.096278908,0.252867066,16.19933737,5.10E-59,1.63E-58
RCL1,68.56153254,4.619573789,0.212791595,21.70938088,1.67E-104,1.04E-103
JAK2,6.547635334,1.065048035,0.172151191,6.186701529,6.14E-10,8.44E-10
INSL6,6.425883541,1.174448106,0.239181443,4.910281039,9.09E-07,1.16E-06
PLGRKT,11.45341732,1.964488265,0.224848255,8.736951336,2.39E-18,3.85E-18
ERMP1,66.60644532,4.642033195,0.219691784,21.12975333,4.24E-99,2.46E-98
KIAA2026,31.02637035,3.420541557,0.222231245,15.39181207,1.86E-53,5.42E-53
RANBP6,22.96076676,3.032632277,0.232246568,13.0578131,5.74E-39,1.30E-38
UHRF2,5.414575031,0.730949126,0.20402229,3.582692498,0.000340071,0.000405562
GLDC,25.57422703,3.223515467,0.266198239,12.1094545,9.41E-34,1.96E-33
KDM4C,5.535871712,0.797200192,0.223805548,3.562021578,0.00036801,0.000438497
PTPRD,6.886849138,1.237542707,0.223040057,5.5485222,2.88E-08,3.82E-08
MPDZ,12.8434207,2.124798668,0.253105795,8.394903269,4.66E-17,7.32E-17
NFIB,13.00983427,2.011566765,0.236710388,8.498007975,1.93E-17,3.05E-17
ZDHHC21,13.4453568,2.1968134,0.219848267,9.992407168,1.65E-23,2.91E-23
FREM1,35.01479717,3.705904737,0.224460714,16.51025993,3.10E-61,1.02E-60
TTC39B,7.062461753,1.303200642,0.236019517,5.521579993,3.36E-08,4.44E-08
SNAPC3,4.301322546,0.458307107,0.217159817,2.110460004,0.034818753,0.038440695
PSIP1,2.83978415,-0.528029852,0.182723289,-2.889778608,0.003855132,0.004435014
CCDC171,4.772709046,0.604665667,0.218741381,2.764294819,0.005704597,0.006520568
BNC2,14.865434,2.183390718,0.238331876,9.161135963,5.14E-20,8.52E-20
CNTLN,91.13697968,4.941880051,0.207691468,23.79433345,3.82E-125,3.00E-124
ADAMTSL1,287.8014223,6.079914615,0.159010167,38.23601169,0,0
RRAGA,24.57862292,2.933807968,0.251821231,11.65035989,2.28E-31,4.60E-31
HAUS6,231.627339,6.373593833,0.185322131,34.39197352,3.32E-259,8.90E-258
PLIN2,16.7432224,2.196889287,0.150059983,14.64007419,1.56E-48,4.18E-48
DENND4C,17.9836658,2.669491905,0.243949728,10.94279516,7.19E-28,1.37E-27
ACER2,67.43269276,4.648898917,0.233576692,19.90309429,3.83E-88,1.90E-87
SLC24A2,154.2201194,5.859502023,0.227544375,25.75103002,3.14E-146,3.14E-145
MLLT3,156.7794773,5.883157583,0.216956904,27.11671058,6.26E-162,7.41E-161
FOCAD,38.05731414,3.630290068,0.246325895,14.73775247,3.69E-49,1.00E-48
KLHL9,47.14976971,4.130031419,0.267128794,15.46082454,6.38E-54,1.87E-53
MTAP,31.67099796,3.024873276,0.23572715,12.83209538,1.08E-37,2.40E-37
DMRTA1,67.88022003,4.659280784,0.251958539,18.49225196,2.38E-76,9.99E-76
ELAVL2,2.431360426,-0.443499433,0.176663147,-2.510424163,0.012058622,0.013601775
CAAP1,2.112544197,-0.799664034,0.161539278,-4.950276157,7.41E-07,9.48E-07
PLAA,60.73718445,4.372589236,0.224464411,19.48010032,1.62E-84,7.70E-84
IFT74,7.444969102,1.324507159,0.224970363,5.887473973,3.92E-09,5.30E-09
LRRC19,127.5756138,5.584750323,0.204554215,27.30205452,4.01E-164,4.89E-163
TEK,79.37665494,4.896853356,0.254519592,19.23959299,1.73E-82,7.96E-82
MOB3B,49.20544266,4.201719084,0.250441649,16.77723776,3.58E-63,1.22E-62
C9orf72,45.74501367,4.072768018,0.26058405,15.6293834,4.59E-55,1.38E-54
ACO1,61.16245654,4.383355707,0.250845614,17.47431672,2.25E-68,8.38E-68
DDX58,33.24419513,3.585129621,0.22933834,15.63249134,4.37E-55,1.31E-54
NDUFB6,55.66470878,3.940055426,0.232347301,16.95761221,1.69E-64,5.89E-64
APTX,31.12279514,3.384463155,0.191736299,17.65165583,9.88E-70,3.76E-69
DNAJA1,193.7563543,5.430055485,0.220693298,24.60453278,1.13E-133,9.91E-133
SMU1,19.42136875,2.682417705,0.224264857,11.96093644,5.69E-33,1.17E-32
B4GALT1,36.33612403,3.583398932,0.231874309,15.45405762,7.08E-54,2.08E-53
BAG1,9.079735461,1.450946548,0.23528605,6.166734276,6.97E-10,9.57E-10
CHMP5,17.48918442,2.23185366,0.213820307,10.43798736,1.66E-25,3.04E-25
NFX1,7.603595887,1.304611729,0.220431189,5.918453432,3.25E-09,4.40E-09
NOL6,52.48042664,4.263957703,0.224175709,19.02060544,1.15E-80,5.15E-80
ANKRD18B,4.306368443,0.536091031,0.217129716,2.468989697,0.013549512,0.015232864
UBE2R2,145.2219276,5.496120628,0.225948633,24.3246465,1.08E-130,9.08E-130
UBAP2,24.52714993,3.026296511,0.240422162,12.5874274,2.48E-36,5.38E-36
DCAF12,76.50288551,4.811256671,0.228351248,21.069544,1.51E-98,8.75E-98
UBAP1,11.52595283,1.957363265,0.249184796,7.855066988,4.00E-15,6.09E-15
KIF24,14.54250656,2.401164413,0.251394164,9.551392814,1.28E-21,2.19E-21
NUDT2,89.58010235,4.918785268,0.226474141,21.71897089,1.36E-104,8.45E-104
FAM219A,2.523726604,-0.450414313,0.173064469,-2.602581089,0.009252493,0.010487321
ENHO,4.81638593,0.707583485,0.217956525,3.246443233,0.001168568,0.001368829
CNTFR,77.92783755,4.870161448,0.263051674,18.51408648,1.59E-76,6.69E-76
RPP25L,41.27468741,3.881520301,0.257122515,15.09599539,1.72E-51,4.86E-51
DCTN3,55.79249806,3.926771315,0.24591904,15.96774008,2.14E-57,6.66E-57
SIGMAR1,6.847504726,1.104939097,0.231998792,4.762693325,1.91E-06,2.41E-06
GALT,121.2890132,5.489920021,0.200102584,27.43552783,1.03E-165,1.27E-164
IL11RA,43.86465543,4.001955111,0.252142031,15.87182866,9.93E-57,3.05E-56
DNAJB5,6.494292908,1.183121727,0.220133895,5.374554998,7.68E-08,1.01E-07
VCP,62.56202548,4.162154349,0.242305923,17.17727033,3.93E-66,1.41E-65
FANCG,6.160467571,1.087996828,0.229106554,4.748868191,2.05E-06,2.58E-06
PIGO,320.0503535,6.882444947,0.185437081,37.1147178,1.63E-301,5.76E-300
STOML2,1251.248696,8.426878129,0.159489886,52.8364422,0,0
FAM214B,18.78848262,2.70912469,0.192431581,14.0783788,5.16E-45,1.30E-44
RUSC2,9.906346462,1.631979879,0.242528669,6.7290184,1.71E-11,2.43E-11
ARHGEF39,27.76828111,3.343350113,0.204217751,16.37149607,3.06E-60,9.94E-60
TPM2,8.005832535,-2.390132734,0.188740269,-12.66360774,9.41E-37,2.06E-36
GBA2,10.15236909,1.83576427,0.232923369,7.881408721,3.24E-15,4.94E-15
RGP1,1.839928959,-0.936707982,0.158919097,-5.89424431,3.76E-09,5.09E-09
HINT2,182.9034394,5.971014038,0.200732079,29.74618735,1.94E-194,3.03E-193
TMEM8B,43.58299406,4.025992966,0.232546424,17.31264188,3.78E-67,1.38E-66
FAM221B,9.845305595,1.819921515,0.240829759,7.556879688,4.13E-14,6.19E-14
RECK,38.12832563,3.587211997,0.221493944,16.19553083,5.42E-59,1.73E-58
GLIPR2,16.91936982,2.452312861,0.25432456,9.64245398,5.29E-22,9.12E-22
GNE,12.85540703,2.12796574,0.222557472,9.561421227,1.16E-21,1.99E-21
RNF38,211.3160663,6.259156425,0.299704461,20.88442865,7.42E-97,4.19E-96
MELK,13.17608744,2.111347239,0.236710528,8.919532477,4.68E-19,7.62E-19
PAX5,73.59015242,4.787232534,0.279044341,17.15581299,5.69E-66,2.03E-65
ZCCHC7,235.750572,6.26391204,0.273599331,22.89447133,5.27E-116,3.72E-115
GRHPR,19.76793842,2.5439624,0.233140953,10.91169254,1.01E-27,1.92E-27
ZBTB5,118.6510284,5.446372633,0.218469062,24.92972044,3.54E-137,3.25E-136
POLR1E,6.253564616,1.090000513,0.240085818,4.540045395,5.62E-06,7.02E-06
FBXO10,33.99017707,3.615971558,0.164342995,22.00259018,2.72E-107,1.75E-106
TOMM5,52.01348757,3.4897651,0.2213704,15.76437092,5.47E-56,1.66E-55
FRMPD1,14.90155808,2.449324969,0.254120577,9.638436215,5.50E-22,9.48E-22
TRMT10B,17.1924296,2.612503756,0.251591926,10.38389346,2.94E-25,5.35E-25
EXOSC3,33.57285847,3.519997957,0.257566235,13.66637966,1.61E-42,3.90E-42
DCAF10,71.97289669,4.530825044,0.277658962,16.31794995,7.36E-60,2.38E-59
SLC25A51,11.97561784,2.086598476,0.235679606,8.853538545,8.48E-19,1.37E-18
ALDH1B1,59.98746626,4.459196535,0.231419335,19.26890217,9.80E-83,4.55E-82
IGFBPL1,27.72788987,3.36331205,0.237175182,14.18070822,1.21E-45,3.08E-45
ANKRD18A,70.99636879,4.735026209,0.221505668,21.3765465,2.21E-101,1.33E-100
CNTNAP3,7.24682812,1.341021286,0.224620706,5.970158802,2.37E-09,3.22E-09
ANKRD20A2,8.05798531,1.520206809,0.223945844,6.788278723,1.13E-11,1.62E-11
BMS1P14,4.548070208,0.606333737,0.226150863,2.681102913,0.007337995,0.008357716
BX255923.1,31.47792762,3.549150706,0.256276502,13.84891195,1.29E-43,3.18E-43
CBWD6,22.33034957,3.035131325,0.247876563,12.24452725,1.80E-34,3.79E-34
CNTNAP3B,6.241512934,1.083617386,0.216386762,5.007780397,5.51E-07,7.07E-07
ANKRD20A4,31.91341594,3.570466354,0.265919337,13.42687747,4.21E-41,9.87E-41
CBWD5,4.395689141,0.46904935,0.208346645,2.251293032,0.024366984,0.027147143
ANKRD20A3,23.2592907,3.107044371,0.241926767,12.84291277,9.43E-38,2.09E-37
FAM27E3,18.08585033,2.735583523,0.223536279,12.23776082,1.95E-34,4.12E-34
ANKRD20A1,40.90715843,3.93148201,0.207018815,18.99094057,2.03E-80,9.02E-80
CBWD3,111.0480495,5.373502647,0.241068754,22.29033232,4.59E-110,3.04E-109
PIP5K1B,78.55315516,4.881555908,0.238773183,20.44432233,6.75E-93,3.57E-92
FAM122A,74.69530865,4.745473979,0.242101602,19.60116723,1.51E-85,7.26E-85
FXN,6.845944312,1.194874845,0.21163521,5.645917063,1.64E-08,2.19E-08
APBA1,25.64480684,3.21578974,0.231214102,13.90827684,5.64E-44,1.40E-43
PTAR1,33.34975281,3.53838507,0.255480275,13.8499345,1.27E-43,3.14E-43
SMC5,663.0366781,7.727129622,0.173941121,44.42382328,0,0
TRPM3,5.451815286,0.904243067,0.210206545,4.30168844,1.70E-05,2.09E-05
ABHD17B,10.91563136,1.948998383,0.237408823,8.209460637,2.22E-16,3.45E-16
C9orf85,8.558897283,1.449362114,0.22641776,6.401273967,1.54E-10,2.15E-10
ZFAND5,212.2948359,6.137732018,0.143075523,42.89854673,0,0
RORB,10.72567083,1.957184476,0.245737832,7.964522445,1.66E-15,2.54E-15
C9orf40,73.46576479,4.720907875,0.190328451,24.80400507,8.12E-136,7.31E-135
PCSK5,41.01086776,3.936017008,0.254817037,15.44644366,7.97E-54,2.33E-53
RFK,471.4277044,7.349294288,0.194387855,37.80737379,0,0
GCNT1,20.95321518,2.864846589,0.24013548,11.93012621,8.24E-33,1.69E-32
PRUNE2,40.75833754,3.92834112,0.239275633,16.41763968,1.43E-60,4.68E-60
VPS13A,4.561366173,0.500369206,0.210443524,2.377688779,0.017421523,0.019531371
GNAQ,2.214539511,-0.903559193,0.153829647,-5.87376498,4.26E-09,5.75E-09
CEP78,69.34833046,4.668507794,0.213917521,21.82386828,1.38E-105,8.69E-105
PSAT1,10.48718758,1.733850508,0.218471677,7.936271354,2.08E-15,3.19E-15
TLE4,32.05605211,3.469505732,0.255362673,13.58658137,4.81E-42,1.15E-41
TLE1,130.7467703,5.555293964,0.186367859,29.80821899,3.06E-195,4.79E-194
RASEF,35.10874765,3.708270654,0.284345978,13.04140358,7.11E-39,1.61E-38
FRMD3,18.2139899,2.708673755,0.239281469,11.32003146,1.04E-29,2.04E-29
IDNK,27.73371138,3.331394408,0.23570513,14.13373738,2.35E-45,5.98E-45
UBQLN1,11.35880567,1.774404626,0.237399747,7.474332432,7.76E-14,1.16E-13
GKAP1,2.530125097,-0.371461706,0.180658494,-2.056154116,0.039767663,0.043771011
KIF27,44.38829411,4.040155857,0.253945841,15.9095177,5.44E-57,1.68E-56
HNRNPK,89.08605872,4.236484701,0.227196267,18.64680595,1.34E-77,5.74E-77
NTRK2,98.94791412,5.216761373,0.200649275,25.99940311,5.03E-149,5.22E-148
AGTPBP1,5.723621888,0.924507725,0.227019535,4.072370793,4.65E-05,5.68E-05
NAA35,77.38796414,4.816190722,0.270573804,17.79991502,7.08E-71,2.74E-70
GOLM1,26.73266815,3.15371377,0.263461851,11.97028623,5.09E-33,1.05E-32
ISCA1,17.66144341,2.496562524,0.166056018,15.03445978,4.37E-51,1.23E-50
GAS1,18.897647,2.77598959,0.256359748,10.82849242,2.52E-27,4.76E-27
DAPK1,76.59742271,4.822885995,0.238675649,20.20686243,8.52E-91,4.38E-90
DAPK1-IT1,7.426504742,1.39953832,0.242820439,5.763675939,8.23E-09,1.11E-08
CTSL,47.73961719,3.228368395,0.244859994,13.18454823,1.08E-39,2.46E-39
SPIN1,89.7790475,4.92138615,0.2425076,20.29373987,1.46E-91,7.61E-91
S1PR3,12.25736937,2.144477328,0.231468074,9.264678663,1.96E-20,3.28E-20
SHC3,9.494452228,1.747181595,0.230296908,7.586648075,3.28E-14,4.93E-14
CKS2,1.985517699,-1.629377622,0.134235973,-12.13815927,6.63E-34,1.39E-33
SECISBP2,6.182734826,0.977581412,0.225430252,4.336513861,1.45E-05,1.79E-05
SEMA4D,4.581205977,0.649368758,0.214905972,3.021641281,0.002514083,0.002911043
AUH,101.5493791,5.221472543,0.235530489,22.16898785,6.84E-109,4.47E-108
NFIL3,17.385585,2.592922282,0.242616692,10.68732022,1.17E-26,2.18E-26
ROR2,6.706389221,1.240082123,0.225182994,5.506997219,3.65E-08,4.82E-08
IARS,68.39287855,4.466585597,0.232399917,19.2193941,2.55E-82,1.17E-81
NOL8,287.4875049,6.635243305,0.209619726,31.6537162,6.74E-220,1.32E-218
CENPP,37.15916467,3.565860293,0.230576095,15.46500426,5.98E-54,1.76E-53
OGN,220.1780157,6.330897753,0.151088998,41.9017786,0,0
OMD,28.53319316,3.383861998,0.251828956,13.43714422,3.66E-41,8.61E-41
ASPN,11.26016095,1.975797902,0.158683165,12.45121306,1.38E-35,2.97E-35
ECM2,176.6578066,5.970618841,0.246921678,24.18021334,3.59E-129,2.98E-128
BICD2,63.67229989,4.53255113,0.203017674,22.32589426,2.07E-110,1.38E-109
ZNF484,584.2053301,7.773671752,0.160539143,48.42228266,0,0
NINJ1,4.574379452,0.503589241,0.212495873,2.369877747,0.017793968,0.01994275
WNK2,7.378357822,1.385266777,0.232826241,5.949788008,2.68E-09,3.64E-09
FAM120AOS,64.15568161,4.474402364,0.220503687,20.29173492,1.52E-91,7.92E-91
FAM120A,34.16492504,3.398277632,0.197475914,17.20856772,2.29E-66,8.25E-66
PHF2,42.82452628,3.956325205,0.221995114,17.82167691,4.80E-71,1.86E-70
PTPDC1,31.39755318,3.533791984,0.254948949,13.86078273,1.09E-43,2.70E-43
ZNF169,23.02162431,3.077717799,0.208449658,14.76480135,2.47E-49,6.73E-49
PCAT7,136.4205373,5.681719733,0.237828316,23.89000536,3.89E-126,3.11E-125
FANCC,46.14456705,4.03281373,0.224687961,17.94850827,4.93E-72,1.94E-71
PTCH1,169.3316488,5.994614717,0.210773531,28.44102239,6.29E-178,8.69E-177
LINC00476,57.80236156,4.392584289,0.198671627,22.10977159,2.55E-108,1.65E-107
ERCC6L2,59.16388923,4.322654836,0.251584228,17.18174018,3.64E-66,1.31E-65
SLC35D2,12.03450389,2.09297362,0.231658951,9.034719398,1.64E-19,2.70E-19
ZNF367,38.50074129,3.823236057,0.217072951,17.61267831,1.97E-69,7.45E-69
HABP4,186.4851466,6.091779967,0.197730831,30.80844765,2.02E-208,3.56E-207
CDC14B,44.0930667,4.009486911,0.276386093,14.50683307,1.10E-47,2.91E-47
ZNF510,10.25173983,1.866701847,0.239830878,7.783409147,7.06E-15,1.07E-14
ZNF782,206.7559238,6.272508284,0.227901778,27.52285809,9.35E-167,1.17E-165
CTSV,74.73079148,4.79768926,0.23253277,20.63231454,1.41E-94,7.63E-94
CCDC180,8.328033825,1.560863708,0.235799051,6.619465592,3.60E-11,5.10E-11
TSTD2,4.915797166,0.662940797,0.21632751,3.064523773,0.002180168,0.002529796
XPA,13.22412848,2.226807977,0.234613003,9.491409035,2.28E-21,3.88E-21
ANP32B,7.507484377,0.742883523,0.216907024,3.424893811,0.00061504,0.000727815
NANS,76.4038993,4.442780306,0.209886054,21.16758225,1.90E-99,1.11E-98
ANKS6,18.83781158,2.77284427,0.245028479,11.31641627,1.09E-29,2.13E-29
TGFBR1,13.45527541,2.198395393,0.242010496,9.083884508,1.05E-19,1.73E-19
ALG2,6.981634335,1.184564927,0.242387482,4.88707139,1.02E-06,1.30E-06
SEC61B,15.20023125,0.809538824,0.232884521,3.476138398,0.00050869,0.000603871
ERP44,2.785108461,-0.397509368,0.177899796,-2.234456565,0.025453047,0.028328082
INVS,14.14058858,2.238048122,0.242907832,9.213569199,3.15E-20,5.26E-20
TEX10,57.05459692,4.331440923,0.26267302,16.48985845,4.34E-61,1.43E-60
MSANTD3,63.63791949,4.189123831,0.235565716,17.78324921,9.53E-71,3.68E-70
MRPL50,10.88460929,1.795875715,0.240038104,7.481627651,7.34E-14,1.10E-13
ZNF189,74.46037196,4.804348518,0.185390633,25.91473168,4.54E-148,4.65E-147
TMEM246,7.679417893,1.401813247,0.215906639,6.492682449,8.43E-11,1.18E-10
RNF20,9.180784372,1.644855955,0.234558627,7.01255792,2.34E-12,3.39E-12
SMC2,2.574387332,-0.516219696,0.170794524,-3.022460471,0.002507288,0.002903485
NIPSNAP3A,12.57400062,2.129266985,0.241138288,8.830065943,1.05E-18,1.69E-18
ABCA1,86.85710881,5.016946833,0.241126363,20.80629747,3.80E-96,2.12E-95
SLC44A1,80.86095271,4.890092784,0.197296553,24.78549532,1.29E-135,1.15E-134
FSD1L,8.894247428,1.629264689,0.242638102,6.714793236,1.88E-11,2.68E-11
FKTN,12.23946472,2.047794564,0.220201072,9.299657561,1.41E-20,2.37E-20
TAL2,2.321692671,-0.535949058,0.173427017,-3.090343529,0.001999251,0.002322097
ZNF462,7.945549016,1.473623662,0.219843849,6.703047031,2.04E-11,2.90E-11
RAD23B,28.55653453,2.990208114,0.249747945,11.97290377,4.93E-33,1.02E-32
CTNNAL1,280.6928709,6.388352347,0.188612526,33.87024439,1.83E-251,4.53E-250
TMEM245,2.354987195,-0.610831906,0.166848105,-3.66100595,0.000251227,0.000300963
FRRS1L,8.790510377,1.651790141,0.234822372,7.034211125,2.00E-12,2.91E-12
TXN,8.431114785,-1.332835179,0.197706228,-6.741493148,1.57E-11,2.24E-11
SVEP1,4.1728824,0.466876046,0.216896773,2.152526474,0.031355912,0.034691648
ZNF483,4.375476792,0.527302436,0.201730593,2.613894243,0.008951674,0.010153078
PTGR1,21.54161072,2.445844959,0.210259108,11.63252799,2.82E-31,5.67E-31
DNAJC25,27.24785456,3.243888049,0.24398609,13.29538112,2.46E-40,5.69E-40
GNG10,60.05921074,3.867644536,0.268750073,14.39123156,5.87E-47,1.54E-46
UGCG,2.092476805,-1.128747414,0.147726144,-7.640810082,2.16E-14,3.25E-14
SUSD1,31.61624367,3.522805197,0.253433849,13.90029472,6.31E-44,1.56E-43
PTBP3,20.43796239,2.745167209,0.239597375,11.45741774,2.16E-30,4.28E-30
HSDL2,36.75258568,3.632417032,0.257572147,14.10252264,3.66E-45,9.29E-45
INIP,34.68182738,3.628850722,0.269787632,13.45076755,3.05E-41,7.17E-41
SNX30,143.6278456,5.692203068,0.171852139,33.12267803,1.40E-240,3.17E-239
ZNF883,25.4642099,3.229465347,0.210524755,15.34007409,4.13E-53,1.20E-52
ZFP37,16.23612392,2.574154864,0.235758338,10.91861645,9.39E-28,1.78E-27
FKBP15,4.523415663,0.557008022,0.207548782,2.683745071,0.00728026,0.008292827
SLC31A1,16.98054886,2.532738899,0.228429612,11.08761196,1.44E-28,2.77E-28
CDC26,15.95485459,2.169048776,0.21132187,10.26419448,1.02E-24,1.84E-24
WDR31,4.100758439,0.471408773,0.213369419,2.209354908,0.027149965,0.03016416
HDHD3,122.9752647,5.498358468,0.2056632,26.73477058,1.86E-157,2.10E-156
ALAD,64.69544848,4.578760327,0.200101787,22.88215614,7.00E-116,4.92E-115
POLE3,14.95564562,2.198491017,0.259003331,8.488273138,2.10E-17,3.31E-17
RGS3,9.654462719,1.400083581,0.236238828,5.926559976,3.09E-09,4.19E-09
ZNF618,5.260678404,0.817198296,0.224091591,3.646715573,0.000265614,0.000317987
COL27A1,8.668955189,1.585034899,0.238684327,6.640716278,3.12E-11,4.42E-11
AKNA,20.36212661,2.90887052,0.259630616,11.20388098,3.90E-29,7.57E-29
ATP6V1G1,24.87605792,2.531032725,0.218192734,11.59998629,4.12E-31,8.27E-31
TNFSF15,19.28845581,2.828502711,0.234479092,12.06292078,1.66E-33,3.45E-33
TNC,23.32419482,2.735998509,0.225797628,12.11703831,8.58E-34,1.79E-33
PAPPA,104.9916259,5.195947513,0.216021645,24.05290229,7.78E-128,6.34E-127
ASTN2,4.416380637,0.527036949,0.210369273,2.505294344,0.012234953,0.013790652
CDK5RAP2,17.05191558,2.397773769,0.229331826,10.45547758,1.38E-25,2.54E-25
MEGF9,62.21579805,4.521035272,0.264388537,17.09996708,1.48E-65,5.27E-65
FBXW2,265.3543371,6.498739815,0.205230465,31.66557078,4.63E-220,9.10E-219
PSMD5,42.85434339,3.90546142,0.235194741,16.60522425,6.39E-62,2.14E-61
PHF19,5.622602486,0.821409976,0.216870177,3.787565391,0.000152131,0.00018338
CNTRL,129.2954842,5.518388553,0.180164685,30.62969061,4.93E-206,8.50E-205
RAB14,2.538707281,-0.573954004,0.17757647,-3.232151223,0.00122862,0.001437933
STOM,25.83033606,3.19260417,0.251777967,12.68023651,7.61E-37,1.67E-36
DAB2IP,29.96721762,3.455292524,0.258504338,13.36647793,9.49E-41,2.21E-40
NDUFA8,12.37705115,1.773800126,0.234131249,7.576093043,3.56E-14,5.34E-14
RBM18,2.315098302,-0.749473442,0.16470935,-4.55027868,5.36E-06,6.69E-06
MRRF,26.24917921,3.197869454,0.227967106,14.02776706,1.05E-44,2.65E-44
PDCL,208.2582128,6.200796372,0.20620382,30.07120025,1.15E-198,1.87E-197
RC3H2,7.386787828,1.319096435,0.211499739,6.236870263,4.46E-10,6.16E-10
ZBTB6,41.13948227,3.94104337,0.238074236,16.55384238,1.50E-61,5.00E-61
ZBTB26,97.85437386,5.200542779,0.219587936,23.68318983,5.37E-124,4.14E-123
STRBP,13.58698057,2.285371889,0.233221623,9.799142395,1.14E-22,1.98E-22
CRB2,7.481398321,1.413212732,0.229639207,6.154056846,7.55E-10,1.04E-09
DENND1A,19.69672853,2.804757937,0.237377686,11.81559222,3.24E-32,6.61E-32
NEK6,116.1722406,5.266296645,0.194565732,27.06692788,2.41E-161,2.84E-160
PSMB7,63.09498498,3.785455412,0.228432232,16.57145922,1.12E-61,3.74E-61
NR6A1,11.31385001,2.012929677,0.221502968,9.087596852,1.01E-19,1.67E-19
MIR181A2HG,67.45017879,4.639044926,0.222251551,20.87294735,9.43E-97,5.32E-96
RPL35,128.3968994,2.916099496,0.211745352,13.77172848,3.77E-43,9.22E-43
ARPC5L,68.92604135,4.191483122,0.220684708,18.99308368,1.95E-80,8.67E-80
GOLGA1,32.66433862,3.547851,0.203808731,17.40774788,7.21E-68,2.66E-67
SCAI,73.13506226,4.7367471,0.225453207,21.00989013,5.33E-98,3.07E-97
RABEPK,31.55958831,3.388421217,0.251719791,13.46108389,2.65E-41,6.24E-41
HSPA5,4.217642428,-0.974909966,0.172698957,-5.645141017,1.65E-08,2.20E-08
GAPVD1,1.947223649,-0.920071287,0.160559878,-5.730393524,1.00E-08,1.34E-08
MAPKAP1,13.47506157,2.067693724,0.240941643,8.581720027,9.35E-18,1.49E-17
PBX3,2.484282941,-0.742882927,0.171946775,-4.32042373,1.56E-05,1.92E-05
MVB12B,26.42735014,3.278610062,0.226105216,14.50037342,1.20E-47,3.19E-47
ZBTB43,2.55515992,-0.429722562,0.178501625,-2.407387391,0.016067116,0.018025955
ZBTB34,100.7000591,5.242297995,0.183871577,28.51064906,8.64E-179,1.20E-177
ANGPTL2,2.090466487,-0.799105158,0.149691041,-5.338363296,9.38E-08,1.23E-07
GARNL3,2.411979825,-0.532108695,0.161270875,-3.299471733,0.00096867,0.001137371
RPL12,36.57674639,0.587251787,0.207163714,2.834723197,0.004586541,0.005265849
STXBP1,13.26414951,2.182010852,0.232648624,9.378997463,6.66E-21,1.12E-20
TOR2A,42.54950352,3.98848304,0.180803123,22.05981281,7.69E-108,4.97E-107
CDK9,21.224846,2.881420895,0.225304455,12.78900986,1.89E-37,4.17E-37
FPGS,12.49240483,2.068708844,0.238261812,8.682502761,3.87E-18,6.20E-18
AK1,46.6086281,3.376480164,0.214144812,15.76727509,5.23E-56,1.59E-55
ST6GALNAC6,21.86086991,2.9611235,0.230376957,12.85338401,8.23E-38,1.83E-37
DPM2,8.598786794,1.438182532,0.23680042,6.073395199,1.25E-09,1.71E-09
FAM102A,77.60132355,4.820227184,0.24955602,19.31521098,4.00E-83,1.87E-82
NAIF1,6.66913277,1.221262587,0.214844874,5.68439248,1.31E-08,1.75E-08
C9orf16,2.264534792,-1.268504916,0.15172929,-8.36031671,6.26E-17,9.80E-17
CIZ1,49.35038562,4.100325951,0.229915961,17.83402049,3.85E-71,1.49E-70
DNM1,14.37834963,2.369896082,0.243104544,9.748464778,1.87E-22,3.25E-22
GOLGA2,6.480004565,1.057955833,0.228723153,4.625486388,3.74E-06,4.69E-06
SWI5,11.95748293,1.84599567,0.236054061,7.820224148,5.27E-15,8.02E-15
TRUB2,27.74524658,3.310675488,0.251936032,13.14093685,1.92E-39,4.37E-39
COQ4,58.35797169,4.270113908,0.23480816,18.1855431,6.72E-74,2.71E-73
SLC27A4,26.79176082,3.139711482,0.254830349,12.32079103,7.00E-35,1.49E-34
URM1,8.5001059,1.379387031,0.23746156,5.808885572,6.29E-09,8.47E-09
CERCAM,5.596085741,0.700692698,0.209858024,3.338889232,0.000841141,0.000990414
ODF2,49.47701332,4.155864763,0.255402344,16.27183487,1.56E-59,5.03E-59
GLE1,11.45849703,2.030766153,0.239183413,8.490413817,2.06E-17,3.25E-17
SPTAN1,16.22830948,2.271627045,0.219942706,10.32826722,5.25E-25,9.53E-25
WDR34,2.335719555,-0.734735678,0.149533846,-4.913507528,8.95E-07,1.14E-06
ZDHHC12,12.85961809,2.103455245,0.21448997,9.806776715,1.05E-22,1.84E-22
ZER1,5.277286992,0.798586474,0.190194422,4.198790187,2.68E-05,3.30E-05
TBC1D13,26.93786584,3.289078193,0.183797048,17.89516335,1.29E-71,5.03E-71
LRRC8A,2.05057188,-0.747202252,0.166254626,-4.49432457,6.98E-06,8.69E-06
PHYHD1,8.81877368,1.613165502,0.158437073,10.18174264,2.39E-24,4.29E-24
DOLK,10.32523654,1.886317698,0.246361171,7.656716733,1.91E-14,2.88E-14
DOLPP1,2.397245391,-0.528490202,0.177724738,-2.973644565,0.002942857,0.003400274
CRAT,4.74075076,0.637066751,0.204984433,3.107878689,0.001884354,0.002190753
TOR1B,20.93668186,2.905319867,0.238618495,12.17558543,4.19E-34,8.80E-34
TOR1A,26.02083149,3.184405163,0.262174861,12.14611178,6.02E-34,1.26E-33
C9orf78,91.12622206,4.878981474,0.18535896,26.32180007,1.08E-152,1.16E-151
FNBP1,22.46150603,2.906271341,0.248177498,11.7104547,1.13E-31,2.28E-31
GPR107,13.24113309,2.178761818,0.222602454,9.787681016,1.27E-22,2.22E-22
NCS1,29.52020042,3.360018343,0.237836917,14.12740453,2.57E-45,6.54E-45
ASS1,97.25899063,5.117488423,0.167747407,30.50710898,2.10E-204,3.58E-203
PRDM12,32.52612935,3.596464955,0.241629029,14.88424203,4.17E-50,1.15E-49
EXOSC2,22.1689205,2.955537523,0.217157388,13.61011731,3.49E-42,8.37E-42
ABL1,8.944532351,1.51163619,0.2289762,6.601717528,4.06E-11,5.74E-11
AIF1L,7.561172416,1.425760607,0.227394825,6.269978262,3.61E-10,4.99E-10
NUP214,2.569036759,-0.466602671,0.164670922,-2.833546237,0.004603465,0.005284163
PRRC2B,220.9648582,6.12771241,0.19745819,31.03296149,1.94E-211,3.54E-210
POMT1,21.61405555,2.943248714,0.222786685,13.21106203,7.57E-40,1.73E-39
UCK1,1.936919809,-1.032381517,0.15205684,-6.789444754,1.13E-11,1.61E-11
RAPGEF1,37.11471413,3.715539148,0.230812294,16.09766567,2.65E-58,8.36E-58
MED27,2.362520257,-0.876264115,0.131070641,-6.685433972,2.30E-11,3.27E-11
SETX,2.374466007,-0.678623281,0.170021994,-3.991385248,6.57E-05,8.00E-05
DDX31,155.4000141,5.827167466,0.170385372,34.19992804,2.42E-256,6.23E-255
GTF3C4,41.12206277,3.898242988,0.279807501,13.93187448,4.06E-44,1.01E-43
TSC1,677.0130764,7.932675,0.15056371,52.68650061,0,0
GTF3C5,723.1416408,8.039587664,0.152101618,52.85668729,0,0
RALGDS,14.47764659,2.384210978,0.219163323,10.87869517,1.46E-27,2.76E-27
SURF6,33.37311552,3.541607516,0.27593307,12.83502378,1.04E-37,2.31E-37
MED22,47.81943129,4.159071309,0.222802067,18.66711278,9.17E-78,3.93E-77
RPL7A,10.40030387,-2.073124341,0.213735734,-9.699474703,3.03E-22,5.24E-22
SURF1,8.362261242,1.459659434,0.234449767,6.225894159,4.79E-10,6.60E-10
SURF2,2.105244245,-0.928030614,0.150525535,-6.165270337,7.04E-10,9.65E-10
SURF4,189.6512173,5.812019185,0.179446421,32.38860468,3.97E-230,8.38E-229
REXO4,78.89878979,4.763252814,0.194467769,24.49379065,1.72E-132,1.48E-131
CACFD1,88.46214086,5.030565909,0.156168059,32.21251482,1.18E-227,2.44E-226
BRD3,1.952647643,-0.893850333,0.141972702,-6.295930982,3.06E-10,4.23E-10
WDR5,39.08815194,3.800744429,0.226589255,16.77371869,3.80E-63,1.29E-62
RXRA,33.5435,3.589004868,0.241309492,14.87303644,4.93E-50,1.36E-49
COL5A1,6.369309565,0.645424292,0.218761232,2.950359558,0.003174043,0.003663498
C9orf116,14.07440474,2.349503981,0.224202416,10.47938742,1.07E-25,1.98E-25
MRPS2,39.14992366,3.681896676,0.173192082,21.25903583,2.72E-100,1.61E-99
CAMSAP1,294.9553317,6.733757099,0.180404639,37.3258534,6.25E-305,2.27E-303
UBAC1,31.81936983,3.437862035,0.217197017,15.82831146,1.98E-56,6.07E-56
NACC2,44.31522104,3.984449313,0.260787596,15.27852311,1.06E-52,3.06E-52
QSOX2,33.21988349,3.596816238,0.245925574,14.62562914,1.93E-48,5.17E-48
GPSM1,367.5733511,7.071930709,0.153547271,46.05702628,0,0
SNAPC4,46.43280483,4.117059798,0.236019613,17.44371893,3.84E-68,1.42E-67
PMPCA,92.27705697,5.000199243,0.220219171,22.7055584,3.95E-114,2.73E-113
INPP5E,10.62135647,1.892692846,0.222913602,8.490701457,2.05E-17,3.24E-17
SEC16A,162.5564377,5.850684196,0.18344357,31.89364551,3.27E-223,6.57E-222
NOTCH1,17.51066647,2.685403314,0.256813011,10.45664822,1.37E-25,2.51E-25
SNHG7,7.454945146,0.832695734,0.232988745,3.573974074,0.000351604,0.000419224
TMEM141,46.18195063,3.864191979,0.238457962,16.20491908,4.65E-59,1.49E-58
RABL6,43.18694394,3.807034998,0.239643129,15.88626812,7.89E-57,2.43E-56
PHPT1,85.65356202,3.8328727,0.188911194,20.2892831,1.60E-91,8.32E-91
EDF1,44.33667748,2.683166928,0.197717988,13.57067689,5.98E-42,1.43E-41
TRAF2,24.20420488,3.120608187,0.25021767,12.47157398,1.07E-35,2.30E-35
FBXW5,54.70344633,4.048155217,0.24559318,16.48317442,4.85E-61,1.59E-60
SAPCD2,18.70465372,2.779646077,0.223513672,12.43613445,1.66E-35,3.58E-35
MAN1B1,25.21908153,3.106945018,0.223981001,13.87146678,9.43E-44,2.33E-43
SSNA1,38.32389095,3.424468906,0.208820833,16.39907694,1.94E-60,6.33E-60
TMEM203,74.54619421,4.654703965,0.252243132,18.45324362,4.91E-76,2.05E-75
TUBB4B,15.68273895,1.024615909,0.206383246,4.964627347,6.88E-07,8.81E-07
NELFB,10.65346059,1.834196224,0.227362683,8.06727033,7.19E-16,1.11E-15
NRARP,16.10631068,2.550277062,0.238751745,10.68171066,1.24E-26,2.31E-26
EXD3,76.57174665,4.792451109,0.258958704,18.50662304,1.83E-76,7.67E-76
MRPL41,86.11890751,4.261817399,0.183067956,23.27997479,7.07E-120,5.22E-119
DPH7,100.374711,5.173741665,0.210553335,24.57211924,2.51E-133,2.19E-132
EHMT1,39.40324464,3.760742905,0.254456897,14.77948899,1.99E-49,5.42E-49
ZMYND11,34.84410372,3.569138316,0.185809714,19.20856686,3.14E-82,1.44E-81
DIP2C,65.98310737,4.511466261,0.199616638,22.60065247,4.27E-113,2.92E-112
LARP4B,8.972560725,1.473344583,0.226951349,6.491896119,8.48E-11,1.19E-10
GTPBP4,30.85712917,3.298130333,0.224012665,14.72296369,4.59E-49,1.24E-48
IDI1,7.534935918,1.284424022,0.235275481,5.459234497,4.78E-08,6.30E-08
WDR37,12.30950378,2.041517303,0.227999359,8.954048441,3.43E-19,5.60E-19
PFKP,8.692103625,1.0648656,0.177228282,6.008440563,1.87E-09,2.55E-09
PITRM1,6.637487824,1.067977473,0.148965641,7.169287268,7.54E-13,1.10E-12
PITRM1-AS1,6.83315569,1.210528103,0.225698494,5.363474447,8.16E-08,1.07E-07
KLF6,13.46466185,1.8603329,0.224466187,8.287809074,1.15E-16,1.80E-16
AKR1C2,9.725325073,1.593662914,0.209559803,7.604812045,2.85E-14,4.29E-14
AKR1C3,29.07022578,3.34787509,0.252669981,13.24999145,4.51E-40,1.04E-39
NET1,47.54236863,4.015086519,0.219291576,18.30935139,6.97E-75,2.86E-74
ASB13,55.57201932,4.368444873,0.185546968,23.54360683,1.46E-122,1.11E-121
GDI2,46.41695013,3.761313946,0.201924155,18.62736008,1.93E-77,8.24E-77
ANKRD16,84.96640695,4.953399084,0.254691477,19.44862526,2.99E-84,1.42E-83
RBM17,67.55345256,4.380352132,0.255063885,17.17354902,4.19E-66,1.50E-65
PFKFB3,12.54787233,2.112602842,0.257550247,8.202682264,2.35E-16,3.65E-16
PRKCQ,39.85790325,3.894693696,0.254204042,15.32113204,5.52E-53,1.60E-52
PRKCQ-AS1,7.52752666,1.413214,0.233601796,6.049670945,1.45E-09,1.98E-09
SFMBT2,20.24829505,2.891843883,0.269782892,10.71915223,8.28E-27,1.55E-26
ITIH5,23.1809517,3.100052537,0.232279186,13.34623471,1.25E-40,2.90E-40
KIN,35.16519578,3.626750148,0.267191678,13.57358948,5.74E-42,1.37E-41
TAF3,8.077059154,1.367262776,0.18626148,7.340555733,2.13E-13,3.15E-13
GATA3,16.15354092,2.565201383,0.237842241,10.78530614,4.04E-27,7.60E-27
USP6NL,194.1243866,6.149896797,0.233458184,26.34260526,6.24E-153,6.69E-152
UPF2,14.29354757,2.186467158,0.219158865,9.976631149,1.93E-23,3.41E-23
DHTKD1,34.76805347,3.661865118,0.241362092,15.17166633,5.45E-52,1.55E-51
SEC61A2,35.24798537,3.69365004,0.26988411,13.68605969,1.23E-42,2.98E-42
NUDT5,29.17861746,3.115950431,0.259885979,11.98968272,4.02E-33,8.32E-33
CDC123,14.72084288,2.147445786,0.235100739,9.134151566,6.59E-20,1.09E-19
CAMK1D,1519.918748,9.079312037,0.164893456,55.0616881,0,0
OPTN,31.21773533,3.235706888,0.253198749,12.77931626,2.14E-37,4.72E-37
MCM10,18.84688306,2.762106801,0.241006356,11.46072181,2.08E-30,4.12E-30
PHYH,100.5212807,5.143471623,0.215500728,23.86753715,6.66E-126,5.30E-125
SEPHS1,2.13554272,-0.807058046,0.165672723,-4.871399665,1.11E-06,1.41E-06
BEND7,19.49950123,2.813819007,0.222266325,12.65967306,9.89E-37,2.16E-36
PRPF18,38.30549035,3.781037602,0.238506751,15.85295838,1.34E-56,4.11E-56
FRMD4A,278.616664,6.530125586,0.181190239,36.04016217,1.97E-284,6.46E-283
FAM107B,16.2822872,2.38074183,0.233126588,10.21222782,1.75E-24,3.14E-24
HSPA14,27.19557239,3.30411438,0.259645636,12.72547628,4.27E-37,9.39E-37
SUV39H2,48.46668321,4.136755966,0.259982729,15.91165685,5.26E-57,1.62E-56
DCLRE1C,9.762290557,1.713218412,0.239504058,7.153191569,8.48E-13,1.24E-12
ACBD7,112.1702406,5.398376027,0.244676366,22.0633325,7.11E-108,4.61E-107
RPP38,14.34164487,2.169561534,0.2325799,9.328241759,1.08E-20,1.81E-20
NMT2,35.94876641,3.549320779,0.242268288,14.65037299,1.34E-48,3.60E-48
FAM171A1,18.1223974,2.659920158,0.255559845,10.40820853,2.27E-25,4.15E-25
ITGA8,19.38841781,2.837876415,0.235650247,12.04274748,2.12E-33,4.40E-33
PTER,18.82857088,2.759551754,0.246771158,11.18263484,4.96E-29,9.61E-29
RSU1,7.144912825,0.970113536,0.233313733,4.15797871,3.21E-05,3.94E-05
CUBN,47.21055443,4.130096641,0.264065582,15.6404201,3.86E-55,1.16E-54
TRDMT1,6.501207732,1.086652913,0.218895671,4.964250362,6.90E-07,8.83E-07
VIM,18.48319036,-2.963250317,0.184928797,-16.02373652,8.72E-58,2.73E-57
STAM,34.04432572,3.507826352,0.204907431,17.11907832,1.07E-65,3.81E-65
CACNB2,194.04521,6.138131563,0.194164955,31.61297349,2.45E-219,4.78E-218
NSUN6,34.47026843,3.683212166,0.214214224,17.19405973,2.94E-66,1.06E-65
ARL5B,7.348276872,1.320572406,0.230952335,5.717943504,1.08E-08,1.44E-08
PLXDC2,71.98012448,4.733060414,0.213468832,22.17213801,6.38E-109,4.17E-108
NEBL,21.19552246,2.969723143,0.255721404,11.61311917,3.53E-31,7.10E-31
SKIDA1,71.06316697,4.735669159,0.224649634,21.08024431,1.21E-98,6.99E-98
MLLT10,10.28749245,1.816485887,0.239716831,7.577631822,3.52E-14,5.28E-14
DNAJC1,2.306807531,-0.735304396,0.157889221,-4.657090531,3.21E-06,4.03E-06
COMMD3,5.769325582,0.696757252,0.227353052,3.06464878,0.002179258,0.002529009
BMI1,104.0639464,5.215209834,0.224213688,23.2599975,1.13E-119,8.28E-119
PIP4K2A,60.90768199,4.415798122,0.231079061,19.10946885,2.11E-81,9.53E-81
ARMC3,306.9191673,6.843926641,0.167965738,40.74596844,0,0
MSRB2,48.9763015,4.031502821,0.249458439,16.16102002,9.50E-59,3.02E-58
KIAA1217,47.53356307,4.055301024,0.24244206,16.72688734,8.35E-63,2.82E-62
ARHGAP21,7.477490981,1.144347442,0.232398734,4.924069168,8.48E-07,1.08E-06
PRTFDC1,27.97899841,3.331856468,0.240541718,13.8514703,1.25E-43,3.07E-43
ENKUR,6.441180142,1.176587332,0.214080226,5.496011267,3.88E-08,5.13E-08
THNSL1,4.889562117,0.712802357,0.214318992,3.325894505,0.000881353,0.001036863
MYO3A,7.661470269,1.442233997,0.212605963,6.783600886,1.17E-11,1.68E-11
GAD2,17.54262838,2.688157371,0.256314737,10.4877207,9.84E-26,1.81E-25
PDSS1,128.5416471,5.521200489,0.225269323,24.50933144,1.17E-132,1.02E-131
ABI1,335.4059774,6.705784764,0.170266812,39.38398033,0,0
ANKRD26,16.37819214,2.461795427,0.243088834,10.12714318,4.19E-24,7.48E-24
YME1L1,1064.34486,8.409481834,0.159554363,52.70606018,0,0
MASTL,34.34359165,3.665971432,0.220817367,16.60182569,6.76E-62,2.26E-61
ACBD5,11.22788293,1.907604321,0.236770392,8.056768844,7.83E-16,1.21E-15
RAB18,28.42519239,3.027132936,0.237338781,12.75448084,2.94E-37,6.48E-37
ARMC4,24.56480579,3.186288071,0.260291741,12.2412185,1.87E-34,3.95E-34
MPP7,107.7400314,5.32853225,0.208594246,25.54496281,6.25E-144,6.11E-143
WAC-AS1,93.9008336,5.077293269,0.221269688,22.94617633,1.61E-116,1.14E-115
WAC,7.235399796,1.129523371,0.227801126,4.958374834,7.11E-07,9.10E-07
SVIL,9.385213825,1.34643411,0.21292559,6.323495954,2.56E-10,3.55E-10
MTPAP,110.2413351,5.330465517,0.212691225,25.0619908,1.29E-138,1.20E-137
MAP3K8,2.419074743,-0.46126322,0.180270433,-2.55872919,0.010505554,0.011886972
ZEB1-AS1,17.2036473,2.649090421,0.230754636,11.48011785,1.66E-30,3.30E-30
ZEB1,52.74444956,3.673524341,0.244133369,15.04720291,3.60E-51,1.01E-50
ARHGAP12,223.8896606,6.283773377,0.19012469,33.05080147,1.51E-239,3.41E-238
KIF5B,7.897328546,0.822888644,0.221664658,3.712313244,0.000205374,0.000246575
EPC1,4.630354882,0.400343006,0.193774266,2.06602772,0.038825862,0.042756051
CCDC7,214.510257,6.29303645,0.193529517,32.51719202,6.09E-232,1.30E-230
NRP1,2.741379298,-0.66101006,0.178757039,-3.697812767,0.000217465,0.00026092
PARD3,2.271432186,-1.013436015,0.166369812,-6.091465753,1.12E-09,1.53E-09
CUL2,7.773656882,1.290714244,0.241960822,5.334393524,9.59E-08,1.25E-07
CCNY,1.793945603,-1.427881743,0.131462359,-10.86152532,1.76E-27,3.33E-27
ZNF25,40.54892965,3.887350465,0.188593513,20.61232331,2.13E-94,1.15E-93
ZNF33A,7.641463203,1.384147679,0.222260331,6.227596575,4.74E-10,6.53E-10
ZNF33B,20.04984042,2.862379934,0.188922836,15.15105318,7.46E-52,2.12E-51
BMS1,41.27195192,3.780686861,0.217478669,17.38417328,1.09E-67,4.00E-67
CSGALNACT2,21.13873606,2.719626938,0.248499037,10.9442152,7.08E-28,1.35E-27
ZNF487,258.9358325,6.608888587,0.220116841,30.02445676,4.71E-198,7.57E-197
ZNF239,2201.373993,9.66707197,0.166461945,58.07376541,0,0
ZNF485,9.991890738,1.829581229,0.232237376,7.878065384,3.32E-15,5.07E-15
ZNF32,320.7404849,6.804009363,0.148625882,45.77943818,0,0
RASSF4,104.7508755,5.29755513,0.154534332,34.28076504,1.52E-257,4.00E-256
ZNF22,26.1363309,3.172037951,0.245290209,12.93177564,2.98E-38,6.66E-38
8-Mar,19.22210691,2.814809669,0.24191837,11.6353697,2.72E-31,5.49E-31
ZFAND4,51.07234843,4.245071395,0.274987336,15.43733416,9.18E-54,2.69E-53
AGAP4,76.99713833,4.829981576,0.167750807,28.79259819,2.66E-182,3.78E-181
TIMM23,249.678224,6.452585735,0.214357252,30.10201741,4.56E-199,7.41E-198
NCOA4,46.01381116,3.958672105,0.229258068,17.26731859,8.29E-67,3.01E-66
SYT15,25.69846569,3.252468809,0.262193745,12.40482989,2.46E-35,5.28E-35
GDF10,249.710937,6.55654943,0.200795261,32.65290923,7.29E-234,1.56E-232
AGAP9,23.66154511,3.128987116,0.217052404,14.41581415,4.12E-47,1.08E-46
MAPK8,16.27778055,2.325628139,0.179605438,12.9485397,2.39E-38,5.36E-38
ARHGAP22,41.49815777,3.337369587,0.258309652,12.92003437,3.47E-38,7.75E-38
VSTM4,5.832763786,0.994724243,0.217688855,4.569477123,4.89E-06,6.11E-06
ERCC6,23.79824612,3.095408675,0.268025909,11.54891589,7.48E-31,1.50E-30
PARG,24.75102801,2.976970893,0.224376299,13.26776004,3.56E-40,8.20E-40
TIMM23B,192.8081547,6.182348882,0.263627758,23.45105432,1.29E-121,9.73E-121
AGAP6,8.807895656,1.655257846,0.223217372,7.415452618,1.21E-13,1.80E-13
ASAH2,2.605955481,-0.395119041,0.143431539,-2.754757028,0.005873574,0.006708775
ASAH2B,49.31867444,4.193387396,0.255426104,16.41722334,1.44E-60,4.71E-60
PRKG1,37.45466792,3.587569822,0.250896122,14.29902459,2.22E-46,5.76E-46
CSTF2T,8.954742067,1.656202187,0.218698685,7.57298648,3.65E-14,5.47E-14
PCDH15,115.1530646,5.436434785,0.235462206,23.08835408,6.06E-118,4.37E-117
IPMK,31.48222718,3.502900493,0.216998662,16.14249813,1.28E-58,4.06E-58
CISD1,9.695236397,1.45383142,0.229618826,6.331499238,2.43E-10,3.37E-10
UBE2D1,1.738961385,-1.312636763,0.145189257,-9.040867016,1.55E-19,2.56E-19
TFAM,9.892772011,1.625816302,0.214877848,7.566235025,3.84E-14,5.76E-14
BICC1,32.99722942,3.348633562,0.260244722,12.8672487,6.88E-38,1.53E-37
PHYHIPL,123.5353999,5.538249387,0.193541286,28.61533837,4.33E-180,6.11E-179
FAM13C,2.43585388,-0.383284658,0.181731889,-2.109066602,0.034938833,0.038569349
SLC16A9,12.37785954,2.167739295,0.247077101,8.773533799,1.73E-18,2.79E-18
CCDC6,73.57786411,4.616529028,0.22357251,20.64891178,9.98E-95,5.43E-94
ANK3,10.63514017,1.645084912,0.239436288,6.870658263,6.39E-12,9.18E-12
CDK1,10.39319932,1.666260611,0.23565191,7.070855536,1.54E-12,2.24E-12
RHOBTB1,41.19507113,3.920511651,0.23782806,16.48464718,4.73E-61,1.56E-60
ARID5B,39.53350914,3.459679013,0.231704265,14.93144298,2.06E-50,5.72E-50
RTKN2,63.45097212,4.506422377,0.249662874,18.05003003,7.88E-73,3.14E-72
ADO,46.01703111,4.050784097,0.239190006,16.93542367,2.47E-64,8.56E-64
NRBF2,4.846154632,0.597751218,0.212600102,2.811622449,0.004929232,0.005650939
JMJD1C,34.63997943,3.145975254,0.217759462,14.44701976,2.62E-47,6.90E-47
REEP3,181.3061323,5.791354685,0.210430537,27.52145559,9.72E-167,1.22E-165
CTNNA3,409.5197067,7.271600529,0.163053895,44.59630068,0,0
DNAJC12,25.2553344,3.216405695,0.223466367,14.39324286,5.71E-47,1.50E-46
SIRT1,33.4027566,3.580870146,0.185988836,19.25314559,1.33E-82,6.15E-82
HERC4,13.39947553,1.631249822,0.236376417,6.901068397,5.16E-12,7.43E-12
PBLD,22.10631332,3.007452619,0.225658773,13.32743494,1.60E-40,3.72E-40
HNRNPH3,20.7416794,2.479380955,0.232559992,10.6612532,1.55E-26,2.88E-26
RUFY2,10.35288312,1.801491726,0.215035514,8.377647451,5.40E-17,8.47E-17
DNA2,2.383955765,-0.509411985,0.174343662,-2.921884156,0.003479209,0.004011888
SLC25A16,7.097265964,1.268695292,0.197924909,6.409982963,1.46E-10,2.03E-10
TET1,2.1217331,-0.784311695,0.167526546,-4.68171592,2.84E-06,3.58E-06
CCAR1,12.97232681,2.039529093,0.247669309,8.234888297,1.80E-16,2.79E-16
STOX1,80.70283767,4.920545096,0.268477936,18.32755857,4.99E-75,2.05E-74
DDX50,33.26202126,3.414129147,0.244245944,13.97824295,2.12E-44,5.30E-44
DDX21,3.65278885,-0.405300975,0.173092912,-2.341522656,0.01920526,0.021504509
VPS26A,39.39475732,3.743071809,0.191070942,19.58995842,1.88E-85,9.01E-85
SUPV3L1,17.20353729,2.600957647,0.226014871,11.50790492,1.20E-30,2.40E-30
HK1,111.8102807,5.191034814,0.203577319,25.4990823,2.02E-143,1.96E-142
H2AFY2,19.84012684,2.837832667,0.241005685,11.77496154,5.25E-32,1.07E-31
TYSND1,5.809046821,0.989015057,0.198170387,4.990730811,6.02E-07,7.72E-07
SAR1A,32.56297082,3.279727028,0.238802838,13.73403707,6.35E-43,1.54E-42
LRRC20,5.216589523,0.852842753,0.221835482,3.844483054,0.000120807,0.000146059
EIF4EBP2,101.4579089,5.170480267,0.220791876,23.41789184,2.81E-121,2.11E-120
SGPL1,9.775294497,1.7668416,0.215591763,8.19531123,2.50E-16,3.88E-16
PCBD1,44.8296941,3.922838625,0.219855276,17.84282232,3.29E-71,1.28E-70
SLC29A3,55.79504896,4.385276989,0.236414944,18.54906851,8.30E-77,3.51E-76
PSAP,6.791944847,0.683391938,0.208500142,3.277656944,0.001046725,0.001227429
CHST3,14.51439297,2.334308905,0.260679607,8.954704711,3.41E-19,5.56E-19
SPOCK2,13.27821374,2.277554901,0.249542444,9.12692392,7.05E-20,1.17E-19
ANAPC16,223.1242167,6.112062006,0.201476428,30.33636277,3.80E-202,6.40E-201
DDIT4,14.23796817,2.349127811,0.244398867,9.611860482,7.12E-22,1.23E-21
DNAJB12,7.299880651,1.236915547,0.228273961,5.418557346,6.01E-08,7.89E-08
MICU1,5.690900985,0.772979123,0.225399548,3.429373001,0.000604977,0.000716298
MCU,268.4004785,6.494977,0.149869507,43.33754825,0,0
P4HA1,54.30361756,4.151161989,0.246827875,16.81804372,1.80E-63,6.16E-63
NUDT13,29.5144608,3.455130637,0.222768492,15.50996104,2.97E-54,8.78E-54
ECD,24.95018539,3.132686751,0.245400429,12.76561235,2.55E-37,5.62E-37
FAM149B1,23.32528096,3.097412287,0.20914961,14.80955325,1.27E-49,3.48E-49
DNAJC9,48.75601644,3.947311742,0.204241324,19.32670461,3.20E-83,1.50E-82
DNAJC9-AS1,112.2108402,5.398499043,0.203216422,26.56526967,1.71E-155,1.90E-154
MRPS16,44.90817538,3.763460963,0.232870123,16.16120139,9.47E-59,3.01E-58
ANXA7,155.171207,5.513308667,0.207661401,26.54951107,2.60E-155,2.88E-154
PPP3CB,5.84615753,0.834701861,0.214536623,3.890719687,9.99E-05,0.000121123
USP54,89.33315691,5.057402531,0.249828198,20.24352161,4.05E-91,2.10E-90
SEC24C,4.691952426,0.655061754,0.220250725,2.974163895,0.002937881,0.003394885
FUT11,4.489429294,0.526513561,0.175162647,3.005855239,0.00264835,0.003064552
CHCHD1,18.83599662,2.411027311,0.253303996,9.51831535,1.76E-21,3.00E-21
ZSWIM8,51.05264716,4.223233963,0.259248704,16.29027991,1.16E-59,3.73E-59
CAMK2G,44.91516559,4.024430424,0.229345751,17.54743838,6.22E-69,2.34E-68
VCL,66.56656304,4.341337619,0.247704755,17.52625871,9.03E-69,3.39E-68
AP3M1,55.05276791,4.332418889,0.260257544,16.64666015,3.20E-62,1.07E-61
ADK,20.59694285,2.343440959,0.233010767,10.05722179,8.54E-24,1.52E-23
KAT6B,29.28008636,3.357675442,0.234781422,14.30128251,2.15E-46,5.58E-46
SAMD8,174.1422604,5.992136322,0.222754688,26.90015806,2.19E-159,2.53E-158
ZNF503,76.93899838,4.787840397,0.224154185,21.35958515,3.18E-101,1.91E-100
KCNMA1,34.7834026,2.164017399,0.217750322,9.938067515,2.84E-23,5.01E-23
DLG5,20.58303145,2.82755859,0.245547115,11.51534029,1.10E-30,2.20E-30
RPS24,5.674125842,-3.57882827,0.13551539,-26.40901719,1.08E-153,1.17E-152
ZMIZ1,99.6399473,5.031509219,0.189459002,26.55724547,2.12E-155,2.35E-154
EIF5AL1,18.25689271,2.684125905,0.253905081,10.5713753,4.05E-26,7.49E-26
TMEM254-AS1,10.89157163,1.981491096,0.256063825,7.738270308,1.01E-14,1.53E-14
TMEM254,4.726022519,0.664530574,0.212411195,3.128510117,0.00175695,0.002044382
ANXA11,6.900785044,0.997311416,0.205930499,4.842951489,1.28E-06,1.63E-06
DYDC2,2.160996533,-0.666235492,0.166194822,-4.008762031,6.10E-05,7.44E-05
TSPAN14,10.32498002,1.863383077,0.243402666,7.655557393,1.92E-14,2.90E-14
NRG3,5.242450557,0.847787586,0.217622938,3.895671993,9.79E-05,0.000118701
GHITM,129.86297,5.040543247,0.215347886,23.40651376,3.67E-121,2.75E-120
CDHR1,28.44003226,3.399756343,0.256918925,13.2327984,5.67E-40,1.30E-39
CCSER2,8.509004057,1.37930895,0.234017096,5.894052076,3.77E-09,5.09E-09
LDB3,9.956065752,1.839408352,0.213451547,8.617451471,6.85E-18,1.09E-17
BMPR1A,10.03411495,1.752122209,0.211990177,8.265110349,1.40E-16,2.17E-16
SNCG,35.76952271,3.71419868,0.221255326,16.78693456,3.04E-63,1.04E-62
GLUD1,6.434491013,0.964235292,0.218484168,4.413295945,1.02E-05,1.26E-05
NUTM2A-AS1,5.359737583,0.621202228,0.201047082,3.089834583,0.00200268,0.002325831
MINPP1,35.36238182,3.697813316,0.259768747,14.23502001,5.55E-46,1.43E-45
ATAD1,21.26840384,2.931113135,0.245997088,11.9152351,9.86E-33,2.02E-32
KLLN,11.23612361,2.024504418,0.238516861,8.487888061,2.10E-17,3.32E-17
PTEN,43.85841357,3.819268025,0.243148616,15.70754579,1.34E-55,4.05E-55
ACTA2,16.61115694,2.063147318,0.238644352,8.645280314,5.37E-18,8.57E-18
FAS,1.997860194,-1.007804127,0.136870535,-7.363192748,1.80E-13,2.66E-13
LIPA,35.60443906,3.684952555,0.211161715,17.45085544,3.39E-68,1.26E-67
IFIT3,240.5683308,6.436557123,0.214136463,30.05820235,1.71E-198,2.75E-197
IFIT1,34.89821619,3.699619878,0.219747854,16.83574975,1.33E-63,4.58E-63
IFIT5,141.3579743,5.671322196,0.257050532,22.06306345,7.16E-108,4.63E-107
PANK1,5.566895985,0.921294828,0.226015698,4.076242654,4.58E-05,5.59E-05
KIF20B,21.13972997,2.868125546,0.237105852,12.09639289,1.10E-33,2.30E-33
RPP30,26.60629919,3.169258569,0.229240507,13.82503733,1.80E-43,4.42E-43
ANKRD1,43.00788014,3.99402302,0.233917724,17.07447796,2.30E-65,8.14E-65
PCGF5,10.87088754,1.838354249,0.236269705,7.780744663,7.21E-15,1.09E-14
HECTD2,15.40625325,2.426957382,0.252844,9.59863543,8.10E-22,1.39E-21
TNKS2,12.42705409,1.995263286,0.240692061,8.289692982,1.14E-16,1.77E-16
FGFBP3,10.84396658,1.966570364,0.242192031,8.119880574,4.67E-16,7.21E-16
BTAF1,260.2984335,6.48878738,0.22959023,28.26247165,1.00E-175,1.35E-174
CPEB3,399.0589527,7.169034088,0.147619832,48.56416634,0,0
5-Mar,12.04055367,1.971912632,0.24597922,8.016582189,1.09E-15,1.67E-15
IDE,19.29773822,2.796437018,0.238675557,11.71647842,1.05E-31,2.12E-31
KIF11,162.2450002,5.878326026,0.202394316,29.04392838,1.84E-185,2.67E-184
EXOC6,9.62541034,1.773628238,0.230065808,7.70922133,1.27E-14,1.91E-14
MYOF,7.33379478,0.940990925,0.167461292,5.619154808,1.92E-08,2.56E-08
CEP55,871.5096648,8.257356,0.161188301,51.22801051,0,0
FRA10AC1,7.535551995,1.37095433,0.232913617,5.886106386,3.95E-09,5.34E-09
LGI1,42.00050219,3.970459953,0.236168505,16.81197903,1.99E-63,6.81E-63
SLC35G1,363.5704418,7.067923499,0.197410073,35.80325658,9.83E-281,3.04E-279
PLCE1,69.9734986,4.669756426,0.225397496,20.71787181,2.39E-95,1.32E-94
NOC3L,20.85254533,2.769873145,0.266152241,10.40710059,2.30E-25,4.20E-25
TBC1D12,37.87437334,3.775121908,0.255668067,14.76571538,2.44E-49,6.64E-49
HELLS,8.691339142,1.447830625,0.244908745,5.911714686,3.39E-09,4.58E-09
PDLIM1,111.2559977,5.263432483,0.19158829,27.47262101,3.73E-166,4.61E-165
SORBS1,22.74338866,3.071776141,0.243902294,12.59428966,2.27E-36,4.94E-36
ALDH18A1,1.941912206,-1.035320537,0.165613348,-6.251431729,4.07E-10,5.62E-10
TCTN3,31.54537334,3.435147153,0.240951886,14.25656886,4.08E-46,1.05E-45
ENTPD1,129.4531142,5.60647529,0.243251521,23.04805855,1.54E-117,1.10E-116
ENTPD1-AS1,9.266858467,1.676515594,0.238683888,7.023999849,2.16E-12,3.13E-12
CCNJ,134.7658232,5.663808578,0.185839502,30.47688198,5.28E-204,8.98E-203
ZNF518A,68.54265615,4.609072211,0.241196405,19.10920776,2.12E-81,9.58E-81
TM9SF3,102.2001383,4.964379925,0.203281397,24.42122098,1.02E-131,8.70E-131
PIK3AP1,27.53737702,3.351938263,0.183543883,18.26232624,1.65E-74,6.72E-74
LCOR,11.37307433,1.92217274,0.23015202,8.351752639,6.73E-17,1.05E-16
ARHGAP19,148.2404282,5.758758974,0.162513681,35.43553335,4.85E-275,1.45E-273
FRAT2,4.847155506,0.683923384,0.212303427,3.22144298,0.001275468,0.001491156
RRP12,22.18029052,2.960927313,0.257000109,11.52111305,1.03E-30,2.06E-30
PGAM1,18.71641787,1.884349228,0.240034204,7.850336318,4.15E-15,6.32E-15
EXOSC1,52.25881003,4.097684563,0.219132729,18.6995552,4.99E-78,2.15E-77
ZDHHC16,159.5004279,5.834245321,0.200109315,29.15529102,7.16E-187,1.05E-185
MMS19,50.97402599,4.146249223,0.261592657,15.85002147,1.41E-56,4.31E-56
MORN4,5.551939647,0.907427412,0.221720383,4.09266572,4.26E-05,5.21E-05
PI4K2A,57.82803989,4.415023468,0.221836916,19.90211345,3.90E-88,1.94E-87
MARVELD1,6.359537889,1.013356713,0.22022553,4.601449755,4.20E-06,5.26E-06
ZFYVE27,1.792224322,-1.063484697,0.156409561,-6.799358624,1.05E-11,1.50E-11
R3HCC1L,75.40700763,4.747356813,0.193583395,24.52357448,8.28E-133,7.19E-132
HPS1,44.84472741,3.951477705,0.23918477,16.52060753,2.61E-61,8.64E-61
CNNM1,31.71259939,3.560443363,0.246139634,14.46513635,2.01E-47,5.31E-47
GOT1,17.84162578,2.626952933,0.255754957,10.27136663,9.49E-25,1.71E-24
ENTPD7,328.4306909,6.867754135,0.172254036,39.86991712,0,0
CUTC,19.95422849,2.743687171,0.265597426,10.33024761,5.14E-25,9.33E-25
COX15,14.22508825,2.335236265,0.184679659,12.64479414,1.20E-36,2.61E-36
DNMBP,17.05083076,2.498910526,0.247662186,10.08999624,6.12E-24,1.09E-23
ERLIN1,32.29888171,3.509872966,0.250916458,13.98821342,1.84E-44,4.61E-44
CWF19L1,25.72839787,3.230479262,0.256228016,12.60782997,1.91E-36,4.16E-36
SCD,12.00576784,2.100570589,0.226152528,9.288291455,1.57E-20,2.63E-20
SEC31B,14.82800715,2.42839879,0.249936828,9.716050298,2.58E-22,4.46E-22
HIF1AN,54.89607078,4.265378891,0.223613072,19.07481909,4.09E-81,1.84E-80
SEMA4G,26.77483574,3.299437851,0.267463199,12.33604424,5.79E-35,1.23E-34
LZTS2,11.10261782,1.971743751,0.223887332,8.806857164,1.29E-18,2.08E-18
BTRC,17.92669477,2.645685696,0.254021006,10.41522406,2.11E-25,3.86E-25
DPCD,5.906399022,0.889640345,0.207719206,4.282898842,1.84E-05,2.27E-05
POLL,37.12070303,3.768252533,0.18366599,20.51687706,1.52E-93,8.13E-93
FBXW4,5.085185685,0.727288531,0.209967962,3.463807164,0.000532588,0.000631551
NPM3,7.296546777,1.268160497,0.230889358,5.492503013,3.96E-08,5.23E-08
LDB1,7.64176183,1.432980729,0.223218202,6.419641029,1.37E-10,1.91E-10
PPRC1,55.78349056,4.288955818,0.238655525,17.97132422,3.27E-72,1.29E-71
NOLC1,10.5111112,1.772980959,0.241982438,7.326899305,2.36E-13,3.48E-13
GBF1,23.76781931,2.892112767,0.228621822,12.65020434,1.12E-36,2.44E-36
CUEDC2,402.1185136,7.033137804,0.227350546,30.93521409,4.02E-210,7.23E-209
ACTR1A,211.3828797,6.111885552,0.184249445,33.17179893,2.75E-241,6.28E-240
ARL3,20.31526976,2.604542464,0.247510527,10.52295631,6.77E-26,1.25E-25
SFXN2,19.45937304,2.784607258,0.214871127,12.95942964,2.08E-38,4.66E-38
WBP1L,216.0056978,6.303602059,0.175967723,35.82249043,4.93E-281,1.54E-279
CNNM2,8.64550653,1.600713127,0.243789939,6.565952375,5.17E-11,7.28E-11
NT5C2,336.0802456,6.840033323,0.204058973,33.51988504,2.47E-246,5.91E-245
INA,14.78525076,2.434177413,0.234688527,10.3719489,3.33E-25,6.06E-25
PCGF6,16.4091864,2.533057935,0.245954682,10.29888073,7.13E-25,1.29E-24
TAF5,15.37768034,2.493467128,0.244704875,10.18969128,2.20E-24,3.96E-24
PDCD11,18.32262128,2.674325889,0.192540996,13.88964399,7.32E-44,1.81E-43
SH3PXD2A,19.12520222,2.644740967,0.22751805,11.62431273,3.10E-31,6.23E-31
SLK,7.273990646,1.145411943,0.235205969,4.869825144,1.12E-06,1.42E-06
SFR1,43.04653587,3.912674678,0.258668354,15.12622096,1.09E-51,3.08E-51
GSTO1,38.1395606,2.752833863,0.161325751,17.06382178,2.76E-65,9.76E-65
ITPRIP,8.259481639,1.500197705,0.234689049,6.392278248,1.63E-10,2.28E-10
SORCS1,7.88380758,1.488211728,0.232908438,6.389685751,1.66E-10,2.32E-10
XPNPEP1,135.2460457,5.626288491,0.206601264,27.23259475,2.67E-163,3.21E-162
ADD3,18.96462996,2.538287294,0.226864509,11.18856053,4.64E-29,8.99E-29
MXI1,179.6039201,6.057660755,0.180717814,33.51999794,2.46E-246,5.90E-245
SMNDC1,28.32651863,3.217406636,0.238264202,13.50352509,1.49E-41,3.53E-41
DUSP5,29.55192729,3.392823633,0.249969829,13.57293259,5.80E-42,1.38E-41
SMC3,394.0823641,7.004415871,0.172007325,40.72161397,0,0
RBM20,123.5725073,5.538562479,0.226822812,24.41801346,1.10E-131,9.41E-131
PDCD4,14.89643264,2.326915913,0.236920221,9.821516704,9.10E-23,1.59E-22
BBIP1,5.95458898,0.912017248,0.211130179,4.319691545,1.56E-05,1.93E-05
GPAM,14.13292925,2.330259795,0.217302938,10.72355404,7.89E-27,1.48E-26
VTI1A,34.47125532,3.409859949,0.270008261,12.62872454,1.47E-36,3.20E-36
TCF7L2,12.28147305,1.93376696,0.245785935,7.867687633,3.61E-15,5.51E-15
CASP7,6.81615616,1.190662123,0.235693326,5.051743058,4.38E-07,5.64E-07
DCLRE1A,52.14201671,4.286817827,0.252418763,16.98296029,1.10E-64,3.84E-64
NHLRC2,19.91872063,2.788537097,0.241006171,11.5703971,5.82E-31,1.17E-30
ABLIM1,77.05787854,4.809741589,0.196650536,24.45831925,4.10E-132,3.52E-131
FAM160B1,2.443329701,-0.539647706,0.172110166,-3.13547839,0.001715741,0.001997715
TRUB1,141.3616958,5.711877445,0.172538399,33.10496379,2.52E-240,5.70E-239
ATRNL1,13.04464726,2.236102449,0.217846113,10.26459648,1.02E-24,1.84E-24
GFRA1,44.83710115,4.013153749,0.250934772,15.99281645,1.43E-57,4.47E-57
HSPA12A,6.222545948,1.105371991,0.221559988,4.989041585,6.07E-07,7.79E-07
SLC18A2,59.52836902,4.467629618,0.255757699,17.46821163,2.50E-68,9.31E-68
PDZD8,11.18630394,1.904507686,0.195025067,9.765450755,1.58E-22,2.75E-22
RAB11FIP2,8.463985129,1.565709168,0.232234309,6.741937371,1.56E-11,2.23E-11
CASC2,117.5511537,5.455200469,0.19863142,27.46393534,4.74E-166,5.85E-165
NANOS1,27.13552485,3.332011628,0.235138857,14.17039987,1.40E-45,3.57E-45
EIF3A,8.503911338,1.164068615,0.229510082,5.071971588,3.94E-07,5.08E-07
PRDX3,21.37265836,2.648729918,0.221689206,11.94794266,6.66E-33,1.37E-32
RGS10,44.56017694,3.82896691,0.255910391,14.96213926,1.30E-50,3.62E-50
TIAL1,8.510208422,1.331637078,0.2415019,5.513981792,3.51E-08,4.64E-08
BAG3,5.898602213,0.904891154,0.21112286,4.286087988,1.82E-05,2.24E-05
INPP5F,5.004390999,0.693747773,0.21535091,3.221475934,0.001275322,0.001491145
MCMBP,401.5743227,7.178556484,0.209839452,34.20975622,1.73E-256,4.48E-255
SEC23IP,9.730537116,1.661190559,0.167752003,9.902657057,4.05E-23,7.13E-23
WDR11,53.37976648,4.244146726,0.22968318,18.47826529,3.09E-76,1.29E-75
FGFR2,19.54368768,2.847738786,0.247929769,11.4860704,1.55E-30,3.08E-30
ATE1,4.445678463,0.47974342,0.202631213,2.367569204,0.017905371,0.020063468
NSMCE4A,112.5682163,5.249827472,0.210742795,24.911065,5.65E-137,5.16E-136
TACC2,20.222703,2.863622685,0.23680515,12.0927382,1.15E-33,2.40E-33
PLEKHA1,42.63296989,3.929410744,0.277565929,14.15667536,1.70E-45,4.33E-45
HTRA1,8.531247123,0.593004523,0.230195102,2.57609531,0.00999231,0.011313306
C10orf88,37.92361827,3.768324934,0.250080549,15.06844473,2.61E-51,7.36E-51
PSTK,19.54713916,2.830314758,0.188300222,15.03086256,4.61E-51,1.29E-50
IKZF5,6.800986714,1.24354654,0.241950925,5.13966433,2.75E-07,3.56E-07
ACADSB,68.90154261,4.680651261,0.258997302,18.07220086,5.28E-73,2.11E-72
BUB3,31.92088736,3.183937822,0.239920142,13.27082333,3.42E-40,7.88E-40
CHST15,691.8223571,7.996213654,0.162661006,49.15876171,0,0
OAT,14.43576176,2.118866628,0.236159504,8.972184463,2.91E-19,4.76E-19
LHPP,173.8523299,5.978745661,0.205646774,29.07288823,7.91E-186,1.15E-184
FAM53B,320.1067719,6.893291314,0.180752972,38.13653098,0,0
ZRANB1,21.58805302,2.962730134,0.254960564,11.62034665,3.25E-31,6.53E-31
CTBP2,142.2803054,5.430670949,0.252013035,21.54916686,5.39E-103,3.30E-102
UROS,12.40764466,1.930618009,0.236129109,8.176111872,2.93E-16,4.54E-16
BCCIP,17.38319989,2.484679534,0.221054251,11.2401346,2.59E-29,5.03E-29
DHX32,21.01573953,2.867744434,0.245144616,11.69817425,1.30E-31,2.63E-31
ADAM12,140.4274047,5.217766505,0.206131161,25.31284682,2.31E-141,2.21E-140
DOCK1,839.444535,8.084198676,0.154492844,52.32733413,0,0
PTPRE,17.32652163,2.661282452,0.242465084,10.97594096,4.99E-28,9.51E-28
MKI67,104.6987369,5.030168599,0.26408467,19.04756003,6.88E-81,3.09E-80
MGMT,2.874101914,-0.584552637,0.176882633,-3.304748612,0.000950616,0.001116535
EBF3,55.89610861,4.271614955,0.242228633,17.63464092,1.34E-69,5.06E-69
PPP2R2D,57.86219821,4.282333979,0.203671639,21.02567642,3.82E-98,2.20E-97
BNIP3,1001.633894,8.235198645,0.141871339,58.04695103,0,0
DPYSL4,243.5998254,6.520517168,0.240973645,27.05904698,2.99E-161,3.51E-160
STK32C,72.35071345,4.65740146,0.232671673,20.01705409,3.91E-89,1.98E-88
LRRC27,32.67333428,3.603202382,0.252816644,14.25223565,4.34E-46,1.12E-45
INPP5A,5.212347234,0.796003191,0.203931009,3.903296492,9.49E-05,0.000115034
TUBGCP2,133.1940033,5.433577631,0.229131593,23.71378631,2.60E-124,2.01E-123
FUOM,46.30834635,3.970140432,0.235782097,16.83817597,1.28E-63,4.40E-63
MTG1,15.60134615,2.365900336,0.241139152,9.811348839,1.01E-22,1.76E-22
LINC01001,2.236792355,-0.624328519,0.171642388,-3.637379597,0.000275426,0.000329589
BET1L,39.94536988,3.823916453,0.295088242,12.95855243,2.10E-38,4.71E-38
RIC8A,14.0853997,2.155564967,0.227353979,9.481096297,2.52E-21,4.28E-21
SIRT3,40.00853334,3.877896951,0.263613008,14.71056752,5.51E-49,1.49E-48
PSMD13,68.09170874,4.288272298,0.22305941,19.22479885,2.30E-82,1.06E-81
IFITM2,19.3287799,2.148888965,0.228142831,9.419051025,4.55E-21,7.71E-21
IFITM1,2.113378404,-0.884412366,0.134252458,-6.587680996,4.47E-11,6.30E-11
IFITM3,5.557643207,-0.616022497,0.201880166,-3.051426545,0.002277568,0.002641123
SIGIRR,20.83601381,2.806518179,0.202348979,13.86969278,9.67E-44,2.39E-43
RNH1,11.30417726,1.018401931,0.202700934,5.024160036,5.06E-07,6.50E-07
HRAS,85.28686047,4.659154015,0.188060273,24.77479134,1.68E-135,1.50E-134
MIR210HG,979.7160465,8.498581146,0.151069602,56.25606364,0,0
PHRF1,11.33239841,1.916453167,0.256621028,7.468028565,8.14E-14,1.21E-13
DEAF1,80.67798538,4.836079988,0.219923156,21.98986259,3.60E-107,2.31E-106
TMEM80,60.54410493,4.492089505,0.244069289,18.40497639,1.20E-75,4.97E-75
TALDO1,21.12097952,1.95218912,0.216875023,9.001447451,2.23E-19,3.66E-19
SLC25A22,52.44553445,4.209361457,0.19822973,21.23476357,4.56E-100,2.69E-99
RPLP2,7.670694317,-2.184899014,0.201918382,-10.82070387,2.75E-27,5.18E-27
CD151,137.8990583,4.595827812,0.146525897,31.36529389,6.02E-216,1.14E-214
POLR2L,34.20100403,1.915344719,0.216540482,8.845203922,9.14E-19,1.48E-18
CHID1,62.45514465,4.252861826,0.166209924,25.58729183,2.11E-144,2.08E-143
AP2A2,18.25694729,2.588123088,0.211589703,12.23180076,2.10E-34,4.43E-34
TOLLIP,53.30870127,4.202122045,0.259371763,16.20115466,4.95E-59,1.58E-58
CTSD,27.41168221,2.829525504,0.255734487,11.06430945,1.87E-28,3.59E-28
MRPL23,56.2790206,4.245617111,0.235090033,18.0595368,6.64E-73,2.65E-72
IGF2,99.04748081,5.217824505,0.260807062,20.0064541,4.84E-89,2.44E-88
CD81,18.80844646,1.686927586,0.262119744,6.435713545,1.23E-10,1.72E-10
TSSC4,115.9443235,5.20292492,0.227983794,22.82146822,2.81E-115,1.96E-114
KCNQ1OT1,84.48622156,4.932741762,0.227527274,21.67978231,3.18E-104,1.97E-103
CDKN1C,175.5359849,6.04659108,0.219119177,27.59498813,1.28E-167,1.61E-166
NAP1L4,38.22452756,3.52745407,0.223849611,15.75814254,6.04E-56,1.83E-55
ZNF195,39.27019197,3.84057181,0.248790563,15.43696741,9.23E-54,2.70E-53
NUP98,81.32198048,4.783958096,0.166941493,28.65649521,1.33E-180,1.88E-179
PGAP2,102.0689115,5.228852182,0.224233332,23.31879979,2.86E-120,2.12E-119
RHOG,232.4857686,6.328398469,0.267310944,23.67429623,6.64E-124,5.11E-123
STIM1,5.000175972,0.720451603,0.217924505,3.305968741,0.000946486,0.001111925
TRIM21,4.126767522,0.439766076,0.204107733,2.154578225,0.031194855,0.034527516
TRIM68,101.036265,5.246354141,0.190879986,27.48509292,2.65E-166,3.29E-165
HBE1,100.9432166,5.245234619,0.214761594,24.42352254,9.62E-132,8.23E-131
TRIM6,100.783608,5.243196248,0.233867038,22.41956069,2.54E-111,1.70E-110
TRIM5,40.63751772,3.837570605,0.265732495,14.44148035,2.84E-47,7.47E-47
TRIM22,7.032967276,1.267593998,0.24040534,5.272736452,1.34E-07,1.75E-07
FAM160A2,5.123839052,0.820319322,0.217362093,3.773975999,0.000160666,0.000193519
APBB1,41.14182158,3.888684281,0.239784277,16.21742814,3.80E-59,1.21E-58
ARFIP2,443.5089363,7.282858179,0.216438227,33.64866864,3.26E-248,7.98E-247
TIMM10B,4.264544329,0.452588231,0.210461917,2.150451914,0.031519486,0.034865524
DNHD1,10.16365759,1.813110501,0.244058422,7.42900198,1.09E-13,1.63E-13
RRP8,43.9703648,4.012313582,0.165808195,24.19852397,2.31E-129,1.92E-128
TAF10,184.534508,5.674167842,0.208065713,27.27103735,9.36E-164,1.13E-162
TPP1,21.01597508,2.881882389,0.245912153,11.719154,1.02E-31,2.06E-31
DCHS1,7.05546868,1.310348071,0.204892702,6.39528915,1.60E-10,2.23E-10
MRPL17,3.339741345,-0.351361625,0.172353661,-2.038608428,0.041489123,0.045624182
OR2D3,4.212158572,0.497132937,0.200946105,2.473961551,0.013362408,0.015025623
ZNF215,7.182180645,1.342329513,0.216581125,6.197813942,5.73E-10,7.87E-10
ZNF214,5.795720715,0.999517769,0.225594178,4.430600912,9.40E-06,1.17E-05
CYB5R2,442.7744879,7.384271437,0.156229311,47.26559574,0,0
EIF3F,11.94091759,1.393597277,0.220224529,6.328074734,2.48E-10,3.44E-10
TUB,14.39815314,2.384916725,0.227413049,10.48715865,9.90E-26,1.82E-25
RIC3,5.820350165,1.0191203,0.209294013,4.8693237,1.12E-06,1.42E-06
STK33,15.60370256,2.515507026,0.246740748,10.19493961,2.09E-24,3.75E-24
RPL27A,6.707284857,-2.13616503,0.186901583,-11.42935762,2.98E-30,5.90E-30
ST5,30.68133885,3.479080648,0.2436945,14.276402,3.07E-46,7.94E-46
AKIP1,11.01585018,1.885334988,0.239028381,7.887494272,3.08E-15,4.71E-15
TMEM9B,4.482753021,0.449643977,0.199788711,2.250597514,0.024411041,0.027193439
NRIP3,8.343867048,1.488902423,0.230423788,6.461582964,1.04E-10,1.45E-10
SCUBE2,30.11677154,3.474388298,0.244761229,14.19501086,9.84E-46,2.52E-45
DENND5A,66.48974969,4.482825091,0.229400179,19.54150654,4.87E-85,2.32E-84
TMEM41B,9.989089263,1.765051537,0.233752765,7.550933299,4.32E-14,6.48E-14
IPO7,3.124650082,-0.390900143,0.178101237,-2.194819929,0.028176517,0.031275905
ZNF143,32.01151167,3.531608056,0.2518257,14.02401765,1.11E-44,2.80E-44
WEE1,27.20188424,3.281754071,0.227865418,14.40215938,5.02E-47,1.32E-46
SWAP70,34.79456535,3.581561376,0.234849139,15.25047696,1.63E-52,4.70E-52
SBF2-AS1,207.836518,6.268773435,0.233116315,26.89118282,2.78E-159,3.22E-158
SBF2,9.240801045,1.392673285,0.223697849,6.225689201,4.79E-10,6.61E-10
MTRNR2L8,32.16010361,3.581251004,0.241336755,14.83922748,8.17E-50,2.24E-49
RNF141,4.318140393,0.502470004,0.21515432,2.335393518,0.019522873,0.021848891
MRVI1,46.11698368,4.106603779,0.245813084,16.70620505,1.18E-62,3.99E-62
CTR9,56.75224181,4.375841562,0.225250922,19.4265201,4.61E-84,2.18E-83
EIF4G2,15.55040343,1.541512528,0.235830636,6.536523655,6.30E-11,8.86E-11
ZBED5,95.96653655,5.13941995,0.232560529,22.09927873,3.21E-108,2.09E-107
ZBED5-AS1,1.869706651,-0.856677978,0.167496659,-5.11459741,3.14E-07,4.07E-07
GALNT18,65.41408323,4.572579556,0.202855765,22.5410382,1.64E-112,1.12E-111
CSNK2A3,8.600192724,1.61399506,0.223136912,7.233205159,4.72E-13,6.94E-13
USP47,54.83154324,4.060975058,0.220852845,18.38769635,1.65E-75,6.81E-75
DKK3,13.55623589,2.158991384,0.238700871,9.044757058,1.50E-19,2.47E-19
PARVA,314.8315134,6.573086683,0.190083753,34.57995006,5.06E-262,1.38E-260
TEAD1,81.07994806,4.561438514,0.208265402,21.90204643,2.48E-106,1.58E-105
LINC00958,336.3461295,6.986800602,0.225922279,30.92568214,5.40E-210,9.69E-209
ARNTL,94.22908784,5.112159666,0.277581965,18.41675727,9.64E-76,4.00E-75
BTBD10,1.967100376,-0.990492719,0.152938333,-6.476418959,9.39E-11,1.32E-10
FAR1,6.095760704,0.85364228,0.202326072,4.219141273,2.45E-05,3.01E-05
SPON1,5.810668329,1.005830728,0.203252017,4.948687568,7.47E-07,9.55E-07
RRAS2,13.90946142,1.963415653,0.208020278,9.438578145,3.78E-21,6.41E-21
COPB1,16.79477997,2.365210008,0.256664728,9.215173517,3.11E-20,5.19E-20
PSMA1,29.81480269,2.80674637,0.239993873,11.69507512,1.35E-31,2.73E-31
PDE3B,6.695417179,1.24580467,0.241358964,5.161625853,2.45E-07,3.17E-07
CYP2R1,6.006317549,1.035385605,0.230172688,4.49829915,6.85E-06,8.53E-06
CALCB,35.30878135,3.71740312,0.241926442,15.36584052,2.77E-53,8.07E-53
SOX6,16.18449278,2.538357668,0.259155479,9.79472895,1.19E-22,2.07E-22
C11orf58,2.935843236,-0.965374108,0.166948602,-5.782462972,7.36E-09,9.90E-09
PLEKHA7,45.07767947,4.010770973,0.258802653,15.49741056,3.61E-54,1.07E-53
RPS13,5.954085872,-2.695615155,0.170391483,-15.82012849,2.26E-56,6.90E-56
PIK3C2A,7.37762041,1.284218916,0.235054778,5.463487807,4.67E-08,6.15E-08
NUCB2,145.7822789,5.529543725,0.206738825,26.74651804,1.36E-157,1.54E-156
NCR3LG1,14.57999938,2.385238747,0.187694321,12.70810287,5.33E-37,1.17E-36
KCNC1,33.51216221,3.641451983,0.25937119,14.03953918,8.93E-45,2.25E-44
SERGEF,10.30501759,1.889419913,0.246510552,7.664661403,1.79E-14,2.70E-14
TPH1,13.65545389,2.32127724,0.251937356,9.213708021,3.15E-20,5.26E-20
SAAL1,67.74052021,4.634524768,0.199686541,23.20899923,3.69E-119,2.69E-118
HPS5,24.88167758,3.181846484,0.222070043,14.3281212,1.46E-46,3.80E-46
GTF2H1,170.0235282,5.78619973,0.160659091,36.01538935,4.80E-284,1.55E-282
LDHA,4.599446242,-0.959335317,0.176957525,-5.421274507,5.92E-08,7.77E-08
TSG101,46.03444045,3.932101577,0.234804369,16.74628797,6.03E-63,2.04E-62
UEVLD,173.1884631,5.942857084,0.193552347,30.70413337,5.01E-207,8.72E-206
SPTY2D1,4.990262825,0.650536275,0.199358509,3.263147775,0.001101821,0.0012912
ZDHHC13,33.79866594,3.642451959,0.228684907,15.92781966,4.06E-57,1.26E-56
E2F8,57.28692681,4.423602919,0.199828894,22.13695341,1.39E-108,9.10E-108
NAV2,185.4971278,5.611073542,0.200256778,28.01939384,9.43E-173,1.23E-171
NAV2-AS5,93.59753306,5.135842421,0.245865914,20.88879393,6.77E-97,3.83E-96
NAV2-AS3,13.31529658,2.28078137,0.261947425,8.707019625,3.12E-18,5.00E-18
HTATIP2,85.5727963,4.912084795,0.227517125,21.58995633,2.23E-103,1.37E-102
PRMT3,2.673901177,-0.448777278,0.159952187,-2.805696414,0.005020797,0.005754089
SLC6A5,49.3715969,4.206898946,0.253774156,16.57733399,1.02E-61,3.39E-61
NELL1,5.104115358,0.814255514,0.197626015,4.120183852,3.79E-05,4.63E-05
ANO5,5.149312492,0.816691615,0.220885538,3.697352135,0.00021786,0.000261365
FANCF,36.49180374,3.754872031,0.245801194,15.27605286,1.10E-52,3.18E-52
GAS2,58.47904065,4.441690693,0.246942463,17.98674332,2.47E-72,9.78E-72
SVIP,816.6928919,8.163811101,0.146537258,55.71150455,0,0
LUZP2,25.71625759,3.253650244,0.2621296,12.41237251,2.24E-35,4.81E-35
ANO3,4.169594984,0.468863961,0.206521732,2.270288733,0.02319007,0.025865115
SLC5A12,128.4193033,5.59361845,0.22273351,25.11350205,3.54E-139,3.32E-138
BBOX1,61.32023706,4.522128945,0.258396909,17.50070839,1.41E-68,5.29E-68
CCDC34,75.9954795,4.72868923,0.214305262,22.06520356,6.83E-108,4.42E-107
LGR4,135.2697402,5.594861179,0.209406456,26.71771107,2.93E-157,3.31E-156
LIN7C,4.532127451,0.44598036,0.20720358,2.152377674,0.031367621,0.034701069
BDNF,10.14533519,1.747480769,0.232281395,7.523119822,5.35E-14,8.00E-14
KIF18A,50.02128003,4.161083913,0.207444636,20.05876839,1.69E-89,8.59E-89
METTL15,36.43248372,3.667295398,0.238434373,15.3807329,2.20E-53,6.42E-53
MPPED2,45.64983496,4.092382349,0.240916899,16.98669694,1.03E-64,3.61E-64
DCDC1,299.680152,6.820129268,0.173983772,39.19980106,0,0
DNAJC24,6.410325979,1.070651141,0.216240602,4.951203109,7.38E-07,9.43E-07
IMMP1L,33.29472293,3.546211805,0.225548528,15.7226112,1.06E-55,3.20E-55
ELP4,8.946311696,1.464813926,0.219422425,6.675771278,2.46E-11,3.49E-11
PAX6,35.68470307,3.732993833,0.22195828,16.81844822,1.79E-63,6.12E-63
RCN1,21.10226085,2.561008561,0.248278511,10.31506333,6.02E-25,1.09E-24
EIF3M,41.47308534,3.465841407,0.210217918,16.4868982,4.56E-61,1.50E-60
QSER1,29.60257071,3.293432038,0.232952715,14.13777059,2.22E-45,5.65E-45
DEPDC7,1.531920912,-1.488904937,0.137204611,-10.85171206,1.96E-27,3.70E-27
TCP11L1,9.547659297,1.715924906,0.241162044,7.115236204,1.12E-12,1.63E-12
CSTF3,5.213639391,0.644191028,0.217103318,2.967209504,0.003005161,0.003471154
HIPK3,5.075298178,0.722767673,0.225916391,3.199270625,0.001377758,0.001609704
KIAA1549L,11.43530877,1.94111689,0.226840173,8.557200729,1.16E-17,1.83E-17
CD59,3.042208373,-2.572006847,0.102101579,-25.19066673,5.07E-140,4.78E-139
FBXO3,33.1346809,3.558599142,0.243261929,14.6286727,1.84E-48,4.94E-48
CAPRIN1,20.64643025,2.603243871,0.220691243,11.79586391,4.10E-32,8.35E-32
NAT10,2.595773776,-0.427813142,0.170704076,-2.50616829,0.012204751,0.013759465
PDHX,35.82156227,3.683731898,0.249044062,14.79148655,1.66E-49,4.55E-49
SLC1A2,21.57506204,2.99488741,0.265794858,11.26766497,1.90E-29,3.69E-29
FJX1,10.84293547,1.86002285,0.225673123,8.242110632,1.69E-16,2.63E-16
TRIM44,2.739917724,-0.511782844,0.176971687,-2.891891079,0.003829307,0.004406237
LDLRAD3,2.466354312,-0.513833175,0.155439598,-3.305677452,0.000947471,0.001112961
COMMD9,63.71361657,4.495369474,0.262057553,17.15413055,5.85E-66,2.09E-65
TRAF6,100.8376785,5.189739465,0.162944182,31.84979913,1.32E-222,2.65E-221
C11orf74,8.448742969,1.500255717,0.229601685,6.534166841,6.40E-11,9.00E-11
TTC17,9.945519259,1.56378534,0.20783666,7.524107361,5.31E-14,7.94E-14
HSD17B12,619.9406383,7.774803564,0.189097803,41.11525065,0,0
ALKBH3,10.73887442,1.882165202,0.230681468,8.159152179,3.37E-16,5.22E-16
EXT2,1.913850939,-1.053320625,0.145870447,-7.220932316,5.16E-13,7.59E-13
CD82,23.72886566,3.101781658,0.221648304,13.99415922,1.69E-44,4.24E-44
TSPAN18,340.2899139,7.003772189,0.213583412,32.79174221,7.72E-236,1.67E-234
TP53I11,9.676546824,1.743295296,0.241695698,7.212769253,5.48E-13,8.05E-13
SLC35C1,4.462961937,0.580669401,0.217764349,2.666503507,0.007664481,0.008718607
MAPK8IP1,176.9188847,6.047481295,0.203631983,29.69809162,8.13E-194,1.25E-192
PHF21A,15.60817852,2.430564881,0.246388438,9.864768407,5.92E-23,1.04E-22
MDK,65.81314636,4.571159405,0.183720187,24.88109482,1.19E-136,1.08E-135
AMBRA1,114.1325869,5.203789861,0.277767856,18.73431263,2.60E-78,1.13E-77
HARBI1,13.13854821,2.257847478,0.222729697,10.13716403,3.78E-24,6.76E-24
ATG13,12.3269783,2.084333029,0.22138776,9.414852154,4.74E-21,8.02E-21
ARHGAP1,6.905790991,1.154734845,0.220934428,5.226595309,1.73E-07,2.25E-07
CKAP5,15.4399152,2.34262215,0.231585998,10.11556042,4.71E-24,8.41E-24
LRP4,18.33321826,2.743628681,0.25150869,10.90868343,1.05E-27,1.99E-27
C11orf49,93.99044585,5.017541155,0.177782145,28.22297572,3.06E-175,4.11E-174
ARFGAP2,141.1096377,5.665702418,0.150929378,37.53876466,0,0
DDB2,4.338335384,0.529409948,0.212930614,2.486302644,0.012907814,0.014527975
PSMC3,59.59735741,4.00483937,0.191087214,20.95817554,1.58E-97,9.06E-97
CELF1,101.8264194,5.014745157,0.234886505,21.34965209,3.93E-101,2.36E-100
NDUFS3,10.91401495,1.692335077,0.226142062,7.483504233,7.24E-14,1.08E-13
PTPMT1,9.182435051,1.570497563,0.231147662,6.794347592,1.09E-11,1.56E-11
KBTBD4,6.950069781,1.278147588,0.218114405,5.859987036,4.63E-09,6.24E-09
MTCH2,5.217705305,0.554870356,0.216060326,2.568126999,0.010224969,0.011574311
FNBP4,26.97477264,2.990634917,0.252974358,11.82188954,3.01E-32,6.14E-32
NUP160,18.49628504,2.658472646,0.24826768,10.70808994,9.33E-27,1.74E-26
TNKS1BP1,287.3822769,6.705173925,0.18051548,37.14459241,5.36E-302,1.90E-300
SSRP1,39.44571642,3.731352239,0.240492614,15.51545465,2.73E-54,8.07E-54
P2RX3,77.42493967,4.861032751,0.244398752,19.88976094,4.99E-88,2.48E-87
SLC43A3,27.78243358,3.355698195,0.239435407,14.01504582,1.26E-44,3.17E-44
TIMM10,5.363288309,0.538628052,0.212081988,2.539716163,0.011094246,0.012540018
UBE2L6,51.58108825,4.185945997,0.180590516,23.17921283,7.38E-119,5.36E-118
SERPING1,16.20456346,2.527002971,0.221480844,11.40957802,3.75E-30,7.39E-30
YPEL4,251.6884933,6.567992692,0.196271253,33.46385474,1.62E-245,3.83E-244
CLP1,11.24114734,1.986219339,0.246216128,8.066974946,7.21E-16,1.11E-15
ZDHHC5,24.59842498,3.134403312,0.266603733,11.75678704,6.52E-32,1.32E-31
MED19,36.17499578,3.656457797,0.210686772,17.35494717,1.81E-67,6.63E-67
TMX2,8.130876243,1.383078474,0.23694641,5.837094019,5.31E-09,7.16E-09
CTNND1,1972.730991,9.39597565,0.17218445,54.56924631,0,0
ZFP91,14.94807252,2.256153757,0.251503941,8.97064973,2.95E-19,4.82E-19
GLYATL1,4.706858357,0.657678455,0.22014012,2.987544734,0.002812281,0.003252168
FAM111B,16.69399619,2.539184312,0.247215619,10.27113225,9.51E-25,1.72E-24
FAM111A,33.49443232,3.511873414,0.240593923,14.5966838,2.95E-48,7.88E-48
DTX4,13.25292792,2.272649724,0.244874678,9.28086865,1.68E-20,2.82E-20
OSBP,24.36419636,3.073643687,0.197793893,15.53962886,1.87E-54,5.55E-54
PATL1,8.679113854,1.55000378,0.249312637,6.217108773,5.06E-10,6.97E-10
STX3,37.50942605,3.762557356,0.254646108,14.77563266,2.10E-49,5.74E-49
MRPL16,68.12994517,4.538701489,0.245988551,18.45086474,5.13E-76,2.14E-75
CCDC86,4.486229263,0.527228495,0.213398633,2.470627337,0.013487629,0.015164862
PRPF19,2.678678298,-0.384973233,0.183858411,-2.09385706,0.036272715,0.040009324
TMEM109,5.773303924,0.932191356,0.209855197,4.442069442,8.91E-06,1.11E-05
VPS37C,8.404700264,1.527889373,0.239166631,6.388388561,1.68E-10,2.34E-10
VWCE,24.2163128,3.166208946,0.253358331,12.49696007,7.76E-36,1.68E-35
DDB1,47.95075199,3.960305523,0.238072266,16.6348882,3.89E-62,1.31E-61
CYB561A3,26.94293885,3.245977636,0.25083691,12.94059011,2.66E-38,5.94E-38
TMEM138,273.6383471,6.634855428,0.177201572,37.44241861,7.98E-307,2.95E-305
TMEM216,83.04424389,4.940138364,0.240814732,20.51426972,1.61E-93,8.57E-93
CPSF7,25.40931341,3.171018132,0.233819418,13.56182542,6.74E-42,1.61E-41
SDHAF2,73.58519066,4.682403433,0.263827379,17.74798144,1.79E-70,6.86E-70
PPP1R32,30.13226237,3.484511165,0.234406325,14.86526087,5.54E-50,1.53E-49
TMEM258,29.10829687,2.689923531,0.266500233,10.09351287,5.90E-24,1.05E-23
FEN1,23.46783053,2.853659882,0.235989029,12.09234128,1.16E-33,2.42E-33
FADS2,28.67208546,3.379329842,0.241040195,14.01977723,1.18E-44,2.97E-44
FADS1,32.07765382,3.46013738,0.225235669,15.3622976,2.93E-53,8.51E-53
FTH1,111.7082624,-0.237353305,0.118296814,-2.006421789,0.044811266,0.049232595
INCENP,14.23176767,2.344929366,0.24467012,9.584044702,9.33E-22,1.60E-21
ASRGL1,29.78105216,3.467975729,0.254265387,13.63919708,2.34E-42,5.64E-42
AHNAK,50.45282116,3.656891129,0.169408302,21.58625685,2.42E-103,1.49E-102
MTA2,28.15111802,3.364080476,0.226446026,14.85599256,6.36E-50,1.75E-49
B3GAT3,14.32462666,2.260620158,0.249156411,9.073096507,1.16E-19,1.91E-19
GANAB,57.18074181,4.283506155,0.237549592,18.03205015,1.09E-72,4.34E-72
INTS5,21.17821624,2.935161003,0.257104086,11.4162363,3.47E-30,6.85E-30
UBXN1,71.94414261,4.377258278,0.262593094,16.66935795,2.19E-62,7.36E-62
LRRN4CL,51.41920091,4.254640146,0.215265314,19.76463399,6.00E-87,2.94E-86
BSCL2,50.87458779,4.124328996,0.189428003,21.77254122,4.23E-105,2.65E-104
GNG3,27.74016077,3.363386908,0.224503255,14.98146169,9.71E-51,2.71E-50
HNRNPUL2,9.927735489,1.615854685,0.236159166,6.842227268,7.80E-12,1.12E-11
TTC9C,19.35647848,2.745234051,0.231031543,11.88250751,1.46E-32,2.99E-32
ZBTB3,5.158309016,0.82722047,0.219534257,3.768070092,0.000164515,0.000198066
POLR2G,18.60844546,2.452716566,0.239984745,10.220302,1.61E-24,2.89E-24
TMEM223,13.54810473,2.264962954,0.250118444,9.055561524,1.36E-19,2.24E-19
TMEM179B,67.79497025,4.492126093,0.18412067,24.39772837,1.81E-131,1.54E-130
NXF1,19.99478114,2.797261714,0.24706517,11.32195894,1.02E-29,2.00E-29
STX5,18.44430587,2.67745561,0.230246578,11.62864452,2.95E-31,5.93E-31
WDR74,26.88382844,3.202109924,0.237036865,13.50891107,1.39E-41,3.28E-41
SNHG1,13.31073969,2.159692673,0.23952494,9.016567007,1.94E-19,3.19E-19
SLC3A2,24.85415272,2.574358753,0.245102902,10.50317534,8.35E-26,1.54E-25
ATL3,12.63456289,1.926909158,0.222571597,8.65748002,4.82E-18,7.71E-18
C11orf95,90.258776,5.07124152,0.253217667,20.02720259,3.19E-89,1.61E-88
MARK2,7.781154465,1.403522733,0.233436181,6.012447297,1.83E-09,2.49E-09
RCOR2,15.53765137,2.504676289,0.243146172,10.3011134,6.97E-25,1.26E-24
NAA40,32.96357271,3.605446379,0.182034372,19.80640436,2.62E-87,1.29E-86
COX8A,43.42564684,2.860690679,0.214818723,13.31676604,1.85E-40,4.28E-40
OTUB1,2.411438077,-0.611188769,0.168410885,-3.629152417,0.000284353,0.00034001
STIP1,5.721885063,0.721877431,0.22582061,3.196685333,0.001390165,0.001624026
TRPT1,44.51215451,4.033622193,0.252113862,15.99920832,1.29E-57,4.03E-57
DNAJC4,15.20230975,2.420173683,0.229188181,10.55976653,4.58E-26,8.46E-26
VEGFB,39.55297496,3.509337581,0.238414474,14.71948208,4.83E-49,1.31E-48
FKBP2,4.857378751,0.695469826,0.224305356,3.100549353,0.00193162,0.002244843
PPP1R14B,16.38361044,0.522213555,0.212745165,2.454643586,0.014102433,0.015847921
PLCB3,7.935661821,1.45171861,0.223945695,6.482458213,9.02E-11,1.27E-10
BAD,36.265344,3.397972058,0.250237311,13.57899844,5.34E-42,1.27E-41
GPR137,17.78560184,2.666612383,0.232334578,11.4774667,1.71E-30,3.40E-30
TRMT112,11.95444135,1.266792088,0.156494985,8.094777506,5.74E-16,8.85E-16
PRDX5,48.92450377,3.0085401,0.199183533,15.10436157,1.52E-51,4.28E-51
SF1,6.532909559,0.983990442,0.227628671,4.322787797,1.54E-05,1.90E-05
MEN1,26.72546825,3.266432538,0.24591844,13.28258482,2.92E-40,6.74E-40
EHD1,226.1361867,6.260116599,0.223358183,28.02725427,7.56E-173,9.89E-172
ATG2A,8.252007839,1.496974182,0.164648986,9.091912572,9.73E-20,1.61E-19
ARL2,69.61063777,4.167128629,0.214466401,19.43021662,4.29E-84,2.03E-83
ZFPL1,14.28438694,2.247029507,0.229753467,9.780176694,1.37E-22,2.39E-22
VPS51,69.51047604,4.561260957,0.276976102,16.46806685,6.22E-61,2.04E-60
TM7SF2,577.5099388,7.767719728,0.197487482,39.33271948,0,0
FAU,310.0077452,4.392324917,0.16691636,26.31452612,1.31E-152,1.40E-151
SYVN1,25.3566656,3.175182445,0.230585609,13.77008069,3.86E-43,9.43E-43
MRPL49,13.82626036,2.210206831,0.249477204,8.859353858,8.05E-19,1.30E-18
CAPN1,20.33810923,2.719543847,0.221615571,12.27144751,1.29E-34,2.73E-34
POLA2,88.26308049,4.974940865,0.233318352,21.32254417,7.01E-101,4.19E-100
CDC42EP2,21.97292636,2.964355209,0.185634363,15.96878485,2.11E-57,6.55E-57
DPF2,1.99009788,-1.021197074,0.144476331,-7.068265559,1.57E-12,2.28E-12
NEAT1,55.79945663,2.331679895,0.237065949,9.835574877,7.91E-23,1.39E-22
MALAT1,24.88227446,-5.736072311,0.166316209,-34.48895545,1.17E-260,3.18E-259
FAM89B,2.701155402,-0.562462928,0.155874847,-3.608426503,0.00030806,0.00036779
MAP3K11,9.083838738,1.695550237,0.243188326,6.972169533,3.12E-12,4.51E-12
RELA,42.45712092,3.853010009,0.240703605,16.00728004,1.14E-57,3.55E-57
KAT5,69.72182648,4.64453738,0.259603077,17.89091805,1.39E-71,5.42E-71
RNASEH2C,18.34713931,2.442546456,0.256065599,9.538752826,1.45E-21,2.47E-21
CFL1,17.9508322,0.511531327,0.218025762,2.346196721,0.018966094,0.021238899
MUS81,22.70459618,2.981247933,0.21824604,13.6600322,1.76E-42,4.25E-42
FIBP,20.11542131,2.475657586,0.240107939,10.31060278,6.31E-25,1.14E-24
DRAP1,4.794510181,-0.922765326,0.192511038,-4.793311253,1.64E-06,2.08E-06
SART1,160.0074875,5.798527669,0.233898406,24.79079601,1.13E-135,1.01E-134
EIF1AD,60.27119336,4.400777856,0.228771668,19.23655098,1.83E-82,8.43E-82
BANF1,56.11956924,3.780462784,0.244253484,15.47762071,4.91E-54,1.45E-53
SF3B2,21.72917518,2.594684694,0.252637904,10.2703698,9.58E-25,1.73E-24
PACS1,56.04165208,4.166718352,0.178701437,23.31664711,3.01E-120,2.23E-119
RAB1B,40.96284817,3.734377578,0.267912841,13.93877785,3.68E-44,9.16E-44
YIF1A,30.06419336,3.242639505,0.170177497,19.05445528,6.03E-81,2.71E-80
BRMS1,110.3319932,5.262006116,0.263532107,19.96722969,1.06E-88,5.33E-88
SLC29A2,45.70002107,4.095349905,0.27316076,14.99245319,8.23E-51,2.30E-50
MRPL11,35.44055253,3.370362402,0.230465573,14.62414692,1.97E-48,5.28E-48
DPP3,37.62756811,3.810652445,0.226037426,16.85850223,9.09E-64,3.12E-63
BBS1,74.31254038,4.757966245,0.231407291,20.56100404,6.14E-94,3.30E-93
CCS,64.4493857,4.472626518,0.257469758,17.37146358,1.36E-67,4.98E-67
RBM14,12.40643503,2.10308177,0.222514233,9.451448307,3.34E-21,5.67E-21
RBM4,19.41487626,2.587690051,0.230280729,11.23711071,2.68E-29,5.21E-29
RBM4B,14.79415369,2.346790714,0.26395681,8.890813307,6.07E-19,9.85E-19
SPTBN2,97.92792192,5.201512716,0.248263423,20.95158703,1.81E-97,1.04E-96
C11orf80,11.56586174,2.014046562,0.244405156,8.240605873,1.71E-16,2.67E-16
RCE1,19.45013837,2.83133178,0.228797731,12.37482454,3.58E-35,7.66E-35
KDM2A,17.02799331,2.446312441,0.250815236,9.753444323,1.78E-22,3.10E-22
ANKRD13D,23.95228439,3.094434471,0.239916067,12.89798768,4.62E-38,1.03E-37
RAD9A,16.97224221,2.593369994,0.230186639,11.26637933,1.92E-29,3.75E-29
POLD4,6.334570657,0.71475884,0.213838993,3.342509389,0.000830245,0.000977903
PPP1CA,25.03420914,2.865499647,0.255965063,11.19488578,4.32E-29,8.38E-29
RPS6KB2,8.797650261,1.469341562,0.247753479,5.930659661,3.02E-09,4.09E-09
CORO1B,76.40886795,4.669230281,0.232470979,20.08521797,9.94E-90,5.05E-89
TMEM134,297.9686371,6.641514457,0.199181499,33.3440329,8.89E-244,2.08E-242
AIP,9.783548444,1.642401093,0.228687336,7.181862906,6.88E-13,1.01E-12
CDK2AP2,49.59498205,4.022205801,0.239271151,16.81024137,2.05E-63,7.01E-63
GSTP1,14.78427242,0.675700329,0.234416528,2.882477333,0.003945615,0.004538147
C11orf72,83.72865442,4.974280838,0.241356525,20.60968038,2.25E-94,1.21E-93
NDUFV1,17.85043814,2.462809067,0.257096688,9.579310742,9.77E-22,1.68E-21
NDUFS8,77.07724904,4.259643183,0.246552468,17.27682233,7.03E-67,2.56E-66
CHKA,102.8877368,5.230510846,0.236529679,22.11354986,2.34E-108,1.52E-107
C11orf24,296.2345253,6.648350253,0.184547211,36.0252003,3.37E-284,1.09E-282
PPP6R3,20.96824165,2.833545289,0.250158154,11.32701551,9.64E-30,1.89E-29
CPT1A,42.89227821,3.926651694,0.232586745,16.88252564,6.05E-64,2.09E-63
MRPL21,99.61000822,4.9356885,0.208903358,23.6266595,2.05E-123,1.56E-122
CCND1,13.55763787,0.526376078,0.243023869,2.165943944,0.030315471,0.033587455
FADD,13.66183081,2.186656309,0.235908666,9.269080029,1.88E-20,3.15E-20
PPFIA1,14.54603488,2.116870466,0.24992859,8.469901223,2.46E-17,3.87E-17
CTTN,50.51188089,3.905952991,0.227980851,17.1328117,8.45E-66,3.01E-65
SHANK2,40.33637844,3.899781118,0.212164691,18.38091487,1.87E-75,7.71E-75
DHCR7,51.79173081,4.256255683,0.23437577,18.15996462,1.07E-73,4.32E-73
NADSYN1,39.02303807,3.832290213,0.263072281,14.56744208,4.53E-48,1.21E-47
FAM86C1,15.62769337,2.498538926,0.24907934,10.03109661,1.11E-23,1.97E-23
RNF121,4.558967504,0.543872427,0.201253862,2.702419824,0.006883678,0.007850138
NUMA1,203.4988156,6.125213472,0.206476738,29.66539243,2.15E-193,3.30E-192
LRTOMT,35.18862185,3.69119269,0.238845856,15.4542882,7.06E-54,2.07E-53
ANAPC15,74.29044796,4.689022274,0.239290074,19.59555698,1.69E-85,8.10E-85
INPPL1,61.31742073,4.437379056,0.266795929,16.6321093,4.08E-62,1.37E-61
ARAP1,24.9839464,3.165697211,0.256466582,12.34350763,5.28E-35,1.13E-34
AP002381.2,5.471655499,0.88416201,0.224297585,3.941914979,8.08E-05,9.82E-05
ATG16L2,535.4920437,7.636958708,0.159282899,47.94587975,0,0
FCHSD2,53.13045686,4.138772447,0.214946287,19.25491485,1.28E-82,5.95E-82
ARHGEF17,25.89950479,3.241756539,0.231004502,14.03330461,9.75E-45,2.46E-44
FAM168A,86.41844658,4.956506309,0.21241776,23.33376603,2.01E-120,1.50E-119
RAB6A,2.381905484,-0.590318074,0.179703907,-3.284948471,0.00102001,0.001196747
MRPL48,95.9903808,5.089501521,0.245915932,20.69610322,3.76E-95,2.06E-94
COA4,32.71225897,3.146526639,0.242254008,12.98854315,1.42E-38,3.20E-38
PAAF1,2.00949027,-0.907882221,0.152768593,-5.942859103,2.80E-09,3.80E-09
UCP2,48.32396906,4.17566887,0.246874642,16.91412628,3.54E-64,1.23E-63
C2CD3,81.31607314,4.889307789,0.248995514,19.63612803,7.60E-86,3.67E-85
PPME1,12.32306224,2.072366451,0.240018342,8.634200357,5.91E-18,9.44E-18
LIPT2,9.143441209,1.709964174,0.235946776,7.247245344,4.25E-13,6.26E-13
POLD3,46.91963858,4.03727208,0.233741853,17.27235422,7.60E-67,2.76E-66
RNF169,7.485019872,1.320753069,0.239304151,5.519139815,3.41E-08,4.51E-08
XRRA1,31.3658631,3.427176415,0.20172564,16.98929501,9.86E-65,3.45E-64
SPCS2,65.59081625,4.266394068,0.19782833,21.56614305,3.74E-103,2.29E-102
RPS3,11.74248294,-1.103536738,0.193966995,-5.689301628,1.28E-08,1.71E-08
KLHL35,62.59255319,4.519860936,0.257852192,17.52888312,8.62E-69,3.24E-68
SERPINH1,17.66117174,2.30826191,0.214387929,10.76675313,4.94E-27,9.28E-27
UVRAG,11.40879706,1.942149903,0.246128654,7.890791553,3.00E-15,4.58E-15
TSKU,11.46367946,2.014476277,0.238503109,8.446331306,3.01E-17,4.73E-17
ACER3,28.97247502,3.330346972,0.234749609,14.1868052,1.11E-45,2.83E-45
CAPN5,38.60086848,3.837844484,0.234602673,16.35891199,3.76E-60,1.22E-59
PAK1,89.66615286,4.978748381,0.216124679,23.03646398,2.01E-117,1.44E-116
CLNS1A,35.47331362,3.456785922,0.226463142,15.26423194,1.32E-52,3.81E-52
RSF1,22.39672038,2.851926632,0.218384503,13.05919876,5.63E-39,1.27E-38
AAMDC,126.1497593,5.367953222,0.193952612,27.67662245,1.33E-168,1.70E-167
INTS4,4.307273449,0.498720513,0.203557778,2.450019434,0.01428485,0.016051257
NDUFC2,15.82994947,1.615312344,0.160408333,10.07000267,7.50E-24,1.33E-23
ALG8,6.084991984,1.003205224,0.206018422,4.869492814,1.12E-06,1.42E-06
KCTD21-AS1,531.5739781,7.648353945,0.168796408,45.31111787,0,0
KCTD21,271.1621563,6.664637906,0.198497719,33.57538788,3.84E-247,9.27E-246
GAB2,74.12393715,4.764620979,0.231277285,20.60133567,2.67E-94,1.44E-93
NARS2,4.629452354,0.657517399,0.219638293,2.993637358,0.002756734,0.00318861
TENM4,13.42963565,2.162149269,0.248901092,8.686780951,3.73E-18,5.97E-18
RAB30,17.88045115,2.717693669,0.235268043,11.55147819,7.26E-31,1.45E-30
PCF11,15.64254246,2.470280514,0.264724891,9.331500724,1.04E-20,1.76E-20
ANKRD42,5.128625606,0.730654729,0.154761745,4.721158495,2.35E-06,2.96E-06
CCDC90B,5.687318282,0.680296663,0.222632822,3.055688989,0.00224544,0.002604701
DLG2,38.97030559,3.73482375,0.226447295,16.49312591,4.11E-61,1.36E-60
TMEM126B,115.0173798,5.244599718,0.22734476,23.06892715,9.50E-118,6.83E-117
TMEM126A,34.15043825,3.456063865,0.252377767,13.69401078,1.10E-42,2.67E-42
SYTL2,19.47299646,2.777485505,0.241744934,11.48932248,1.49E-30,2.97E-30
PICALM,26.58282513,2.861298871,0.241229363,11.86132085,1.88E-32,3.85E-32
EED,6.090032037,0.965030698,0.219150045,4.403515852,1.07E-05,1.32E-05
PRSS23,37.24652667,2.946310117,0.234776814,12.54940837,4.00E-36,8.69E-36
TMEM135,9.134201364,1.676784263,0.228681662,7.332394941,2.26E-13,3.34E-13
RAB38,20.74617835,2.925335451,0.25437007,11.5003131,1.31E-30,2.62E-30
CTSC,50.22396325,4.135380814,0.245187002,16.86623179,7.97E-64,2.74E-63
NAALAD2,148.57212,5.805394677,0.217917948,26.64027783,2.32E-156,2.60E-155
CHORDC1,5.752843197,0.77052861,0.20412064,3.774868682,0.000160092,0.000192891
FAT3,21.29482282,2.930827637,0.240657291,12.1784286,4.05E-34,8.51E-34
SLC36A4,111.4927711,5.283988041,0.222259276,23.77398205,6.21E-125,4.84E-124
SMCO4,23.39495087,3.063367284,0.239980551,12.76506478,2.57E-37,5.66E-37
TAF1D,88.55378236,4.508711854,0.243123056,18.54497856,8.95E-77,3.79E-76
C11orf54,63.8632272,4.526948477,0.183265162,24.70163132,1.03E-134,9.08E-134
MED17,7.488074938,1.372954839,0.234283075,5.860239107,4.62E-09,6.24E-09
PANX1,4.693207961,0.663743871,0.223138012,2.974588979,0.002933814,0.003390545
GPR83,9.747382299,1.802829995,0.248736658,7.247946507,4.23E-13,6.23E-13
ANKRD49,7.907638969,1.455274077,0.212435581,6.8504253,7.36E-12,1.06E-11
AMOTL1,117.755713,5.371880206,0.226764768,23.68921877,4.66E-124,3.60E-123
CWC15,28.6681388,3.059389975,0.251744068,12.15277883,5.54E-34,1.16E-33
KDM4D,21.83042222,3.012261874,0.247310964,12.18005795,3.97E-34,8.34E-34
SRSF8,19.42210068,2.74535857,0.248694036,11.03910094,2.47E-28,4.74E-28
ENDOD1,5.306274742,0.858015308,0.225264583,3.808922369,0.000139574,0.000168468
SESN3,2.507257961,-0.386998809,0.175608582,-2.203757952,0.027541371,0.030589639
FAM76B,377.9286618,7.102178358,0.23679721,29.99266063,1.22E-197,1.96E-196
CEP57,356.5109884,6.904492444,0.179866961,38.38666311,0,0
MTMR2,135.0210165,5.582185524,0.184428616,30.26745876,3.07E-201,5.11E-200
MAML2,13.84710275,1.781704143,0.240389822,7.41172871,1.25E-13,1.85E-13
CCDC82,55.79423944,4.260525694,0.240986498,17.67952033,6.03E-70,2.30E-69
JRKL,71.26461354,4.717712883,0.204668967,23.05045538,1.46E-117,1.05E-116
ARHGAP42,4.614725599,0.564382607,0.221423706,2.548880679,0.010806927,0.012217797
YAP1,2.73074824,-0.610464392,0.168617203,-3.620415831,0.00029413,0.000351391
BIRC2,10.65691781,1.677690469,0.226355769,7.4117416,1.25E-13,1.85E-13
TMEM123,28.691335,3.286813382,0.25262707,13.01053519,1.07E-38,2.40E-38
DYNC2H1,159.2825252,5.719680125,0.20953308,27.2972656,4.57E-164,5.56E-163
GRIA4,4.52273351,0.619298645,0.215264754,2.876916144,0.004015823,0.004616943
MSANTD4,33.52296181,3.580364842,0.253839612,14.10483103,3.55E-45,8.99E-45
KBTBD3,6.908292969,1.28344512,0.232580717,5.518278291,3.42E-08,4.53E-08
AASDHPPT,2.286174817,-0.753425239,0.14822527,-5.082974302,3.72E-07,4.80E-07
GUCY1A2,37.29862799,3.786800429,0.271047223,13.97099882,2.34E-44,5.86E-44
CWF19L2,11.37089883,1.965003935,0.246340654,7.976774859,1.50E-15,2.30E-15
ALKBH8,5.307800266,0.818597369,0.227649431,3.595868284,0.000323311,0.000385914
CUL5,15.40737485,2.26705504,0.22948208,9.879006856,5.13E-23,9.02E-23
NPAT,5.616446427,0.899354607,0.222381324,4.04420026,5.25E-05,6.41E-05
ATM,9.492665574,1.65976745,0.238718329,6.952827871,3.58E-12,5.16E-12
C11orf65,7.123137358,1.316061512,0.229627618,5.731285816,9.97E-09,1.34E-08
EXPH5,35.46620179,3.72517386,0.26827305,13.88575504,7.73E-44,1.91E-43
DDX10,19.90026183,2.660196928,0.224837312,11.83165244,2.68E-32,5.47E-32
RDX,20.682483,2.542561005,0.248907843,10.21486898,1.70E-24,3.06E-24
ZC3H12C,42.88257355,3.947263103,0.198154974,19.92008082,2.73E-88,1.36E-87
FDX1,49.4106061,4.036887797,0.219982713,18.35093192,3.24E-75,1.34E-74
POU2AF1,13.08972554,2.253851475,0.239690249,9.403183828,5.29E-21,8.95E-21
SIK2,19.953406,2.770724975,0.248022354,11.17127116,5.64E-29,1.09E-28
PPP2R1B,13.19057744,2.168028495,0.260042731,8.337200918,7.61E-17,1.19E-16
ALG9,35.95990472,3.722263327,0.251608994,14.7938405,1.61E-49,4.39E-49
C11orf1,33.78268964,3.527660968,0.252959727,13.94554386,3.35E-44,8.34E-44
DIXDC1,8.170671774,1.467527648,0.235235547,6.238545439,4.42E-10,6.09E-10
DLAT,728.3479424,8.038213252,0.160508763,50.07959123,0,0
PIH1D2,49.69803982,4.216154705,0.264984272,15.91096207,5.32E-57,1.64E-56
TIMM8B,39.61827386,3.366475365,0.251667757,13.37666532,8.28E-41,1.93E-40
SDHD,355.2968682,6.894615184,0.182510592,37.7765209,0,0
BCO2,5.737824144,0.99124066,0.218075167,4.545408232,5.48E-06,6.85E-06
PTS,31.10331431,3.211718939,0.229088426,14.01956005,1.18E-44,2.97E-44
NCAM1,14.10093183,2.349845949,0.214153784,10.97270336,5.17E-28,9.85E-28
TTC12,28.44854315,3.367456647,0.246008073,13.68839892,1.19E-42,2.88E-42
ZW10,31.19350772,3.482498243,0.275381882,12.64606888,1.18E-36,2.57E-36
USP28,94.39759288,5.126445838,0.234234089,21.88599384,3.53E-106,2.25E-105
ZBTB16,605.6019804,7.836415417,0.174286268,44.96289655,0,0
RBM7,19.08778677,2.663804802,0.2244966,11.86567992,1.78E-32,3.65E-32
REXO2,36.57367488,3.059843663,0.24276328,12.6042277,2.00E-36,4.36E-36
CADM1,2.493295747,-0.41912611,0.187207826,-2.238827935,0.025167114,0.028015589
AP000462.2,2.19397051,-0.6448807,0.156913773,-4.10977753,3.96E-05,4.84E-05
BUD13,31.8789883,3.54479776,0.192677971,18.39752482,1.38E-75,5.69E-75
SIK3,233.5352071,6.216943936,0.221407367,28.07920987,1.76E-173,2.32E-172
AP000936.1,27.26018878,3.339016703,0.244491979,13.65695806,1.83E-42,4.43E-42
PAFAH1B2,8.929615059,1.489842409,0.243680878,6.113907754,9.72E-10,1.33E-09
SIDT2,38.39099962,3.828775461,0.249686939,15.33430414,4.51E-53,1.31E-52
TAGLN,10.23437077,-1.653312527,0.21978649,-7.522357393,5.38E-14,8.05E-14
PCSK7,8.826959034,1.532929989,0.231346212,6.626129617,3.45E-11,4.87E-11
RNF214,15.24893957,2.428081124,0.215817093,11.25064325,2.30E-29,4.47E-29
BACE1,15.3774711,2.416225414,0.223162481,10.82720269,2.56E-27,4.83E-27
CEP164,7.253397762,1.201288345,0.207835782,5.779988098,7.47E-09,1.00E-08
FXYD6,98.6191166,5.211614829,0.225766578,23.08408482,6.69E-118,4.83E-117
TMPRSS4,14.03706626,2.35459523,0.242794503,9.697893487,3.08E-22,5.32E-22
MPZL2,26.23587569,3.282045642,0.274867258,11.94047506,7.28E-33,1.50E-32
UBE4A,6.499994729,1.086130302,0.220434472,4.927225277,8.34E-07,1.06E-06
KMT2A,53.65736779,4.151716022,0.224097158,18.52641082,1.26E-76,5.33E-76
TMEM25,107.9367452,5.342664134,0.229330504,23.29678799,4.78E-120,3.54E-119
IFT46,14.36069889,2.346951279,0.244252231,9.608719931,7.35E-22,1.26E-21
ARCN1,8.406001603,1.236654584,0.231712791,5.337014759,9.45E-08,1.24E-07
PHLDB1,5.211535837,0.760779008,0.214763291,3.542407099,0.000396493,0.000472229
DDX6,6.279313904,0.978897082,0.229914427,4.257658353,2.07E-05,2.54E-05
CCDC84,18.65413489,2.726080589,0.254117686,10.7276303,7.55E-27,1.41E-26
RPS25,21.68932952,0.660127113,0.224493255,2.940520918,0.003276609,0.003779873
TRAPPC4,97.25149286,4.798785365,0.201125258,23.85968532,8.03E-126,6.39E-125
SLC37A4,12.41259382,2.175317806,0.254640028,8.542717416,1.31E-17,2.08E-17
HYOU1,56.481685,4.349003706,0.259221011,16.77720372,3.58E-63,1.22E-62
VPS11,2.49271746,-0.439219505,0.176919501,-2.482595202,0.013042921,0.014677
HMBS,5.766219199,0.922227955,0.225858882,4.083204284,4.44E-05,5.43E-05
HINFP,12.44096014,2.137840831,0.193300522,11.0596744,1.97E-28,3.78E-28
CBL,48.56464793,4.14000003,0.282313473,14.66454995,1.09E-48,2.93E-48
MCAM,17.29563455,2.646030817,0.24226955,10.92184643,9.06E-28,1.72E-27
RNF26,167.1693401,5.945010651,0.216315301,27.48307968,2.80E-166,3.47E-165
USP2,40.93799801,3.933384053,0.262563925,14.98067208,9.82E-51,2.74E-50
THY1,33.41282707,2.768799817,0.237048716,11.68029874,1.61E-31,3.24E-31
OAF,23.348239,2.936803114,0.254469563,11.54088165,8.21E-31,1.64E-30
ARHGEF12,54.40965341,4.201458946,0.191131407,21.98204367,4.28E-107,2.74E-106
TBCEL,3358.906599,10.27725203,0.159388662,64.4791912,0,0
SC5D,7.714082325,1.42457533,0.203506232,7.000155802,2.56E-12,3.70E-12
SORL1,73.98261847,4.794253226,0.254253984,18.85615773,2.62E-79,1.14E-78
UBASH3B,40.73781472,3.728386544,0.239248533,15.58373834,9.39E-55,2.80E-54
GRAMD1B,4.977218112,0.670778504,0.220497857,3.042108955,0.002349268,0.002722816
ZNF202,16.21108094,2.560940749,0.26295818,9.738965906,2.06E-22,3.57E-22
VWA5A,91.58550531,5.104250935,0.24355521,20.95726444,1.61E-97,9.23E-97
TBRG1,26.02639851,3.143520649,0.237901252,13.21355238,7.33E-40,1.68E-39
SIAE,52.56632836,4.285825812,0.234768058,18.25557465,1.87E-74,7.60E-74
SPA17,51.06704964,4.200634815,0.225632588,18.61714596,2.33E-77,9.94E-77
MSANTD2,15.60145697,2.452047153,0.236454477,10.37006019,3.39E-25,6.18E-25
ROBO3,18.99304173,2.794526151,0.230387576,12.12967383,7.35E-34,1.54E-33
CCDC15,92.78450835,5.08031385,0.172882929,29.38586182,8.33E-190,1.25E-188
TMEM218,208.3504277,6.231016975,0.191439294,32.54826547,2.22E-232,4.73E-231
PKNOX2,6.749666169,1.246437472,0.227396346,5.481343458,4.22E-08,5.57E-08
AP001007.1,67.92977795,4.670706035,0.21454261,21.77052864,4.42E-105,2.76E-104
FEZ1,2.311025797,-0.71636048,0.158386322,-4.522868332,6.10E-06,7.61E-06
AP000708.1,225.8111686,6.41104347,0.198497258,32.2978943,7.49E-229,1.56E-227
EI24,47.98141554,3.981471141,0.249007291,15.98937576,1.52E-57,4.72E-57
STT3A,21.01737613,2.867137645,0.268949418,10.66050881,1.56E-26,2.90E-26
CHEK1,6.352194807,1.033307578,0.215821211,4.787794372,1.69E-06,2.13E-06
ACRV1,30.47397278,3.502253953,0.248310152,14.10435265,3.57E-45,9.05E-45
HYLS1,51.78799382,4.241976761,0.231468683,18.32635284,5.10E-75,2.10E-74
PUS3,35.50552713,3.681962987,0.267788726,13.74950709,5.13E-43,1.25E-42
DDX25,13.58467227,2.309838767,0.240283389,9.612977328,7.05E-22,1.21E-21
CDON,4.611210189,0.645535139,0.225195156,2.866558722,0.004149612,0.004768741
RPUSD4,11.88258158,2.074616949,0.232791006,8.911929138,5.02E-19,8.16E-19
FAM118B,50.3739208,4.182320892,0.219691887,19.03721135,8.39E-81,3.76E-80
FOXRED1,37.34982775,3.778650569,0.219073634,17.2483128,1.15E-66,4.17E-66
KCNJ5,35.56527001,3.72741139,0.261141068,14.27355495,3.20E-46,8.27E-46
ARHGAP32,42.31264427,3.864009738,0.208087768,18.56913442,5.71E-77,2.42E-76
NFRKB,76.4770871,4.799161922,0.229901454,20.87486549,9.06E-97,5.11E-96
APLP2,11.52609653,1.690888233,0.237606141,7.116349038,1.11E-12,1.62E-12
ZBTB44,73.74145188,4.72676838,0.234413299,20.16425008,2.02E-90,1.04E-89
SNX19,5.233975167,0.821302877,0.231868746,3.54210256,0.000396951,0.000472671
NTM,34.45014625,3.417552668,0.258755455,13.20765458,7.93E-40,1.81E-39
IGSF9B,31.40950732,3.547111007,0.265791411,13.34546887,1.26E-40,2.92E-40
JAM3,20.39586303,2.814819644,0.251954653,11.1719296,5.60E-29,1.08E-28
NCAPD3,40.85553228,3.823599583,0.237888923,16.07304595,3.94E-58,1.24E-57
VPS26B,10.75699268,1.829659926,0.233696364,7.82921862,4.91E-15,7.47E-15
ACAD8,19.5420443,2.80617111,0.251029053,11.17867066,5.19E-29,1.00E-28
GLB1L2,26.56495534,3.300510157,0.231269723,14.27125915,3.31E-46,8.55E-46
B3GAT1,26.03394867,3.269810834,0.191570034,17.06848803,2.55E-65,9.02E-65
KDM5A,134.2109059,5.53198585,0.203232501,27.21998608,3.77E-163,4.52E-162
CCDC77,8.657711966,1.592358194,0.2454521,6.487449872,8.73E-11,1.22E-10
WNK1,2.780293848,-0.508312581,0.184285286,-2.758291729,0.005810432,0.006637477
RAD52,7.990253727,1.497467535,0.242994036,6.162569078,7.16E-10,9.82E-10
ERC1,7.519278406,1.010187971,0.217220855,4.650510975,3.31E-06,4.16E-06
WNT5B,17.71754044,2.279638514,0.241718056,9.430981505,4.06E-21,6.89E-21
FBXL14,13.49215949,2.241782065,0.231417608,9.687171534,3.42E-22,5.91E-22
ADIPOR2,51.96744111,4.146271822,0.245313811,16.90190945,4.36E-64,1.50E-63
DCP1B,11.30611043,1.981346507,0.245279369,8.077917485,6.59E-16,1.02E-15
FKBP4,103.6444101,5.105885851,0.244365669,20.89444834,6.01E-97,3.40E-96
ITFG2,8.147970084,1.492161742,0.22974342,6.494905247,8.31E-11,1.17E-10
FOXM1,225.3205721,6.300651373,0.222517213,28.31534368,2.24E-176,3.05E-175
RHNO1,99.42383904,5.201693504,0.236722309,21.97382038,5.13E-107,3.29E-106
TULP3,175.61048,5.923090724,0.239276516,24.75416657,2.80E-135,2.49E-134
PRMT8,29.87350222,3.472010905,0.213378846,16.27157973,1.57E-59,5.05E-59
PARP11,4.744977469,0.664760581,0.223569876,2.973390662,0.002945293,0.003402726
CCND2,20.31445568,2.905189559,0.241468697,12.03132993,2.43E-33,5.05E-33
C12orf4,5.62675217,0.933680186,0.230481416,4.050999877,5.10E-05,6.23E-05
RAD51AP1,25.62767779,3.186294953,0.241521839,13.19257491,9.68E-40,2.21E-39
DYRK4,14.75737821,2.294647325,0.235145193,9.758427543,1.70E-22,2.95E-22
NDUFA9,31.55986055,3.378059054,0.226663304,14.90342282,3.13E-50,8.67E-50
NTF3,6.277157453,1.113774352,0.231084382,4.819773384,1.44E-06,1.82E-06
CD9,16.82768935,2.391012791,0.143400554,16.67366498,2.04E-62,6.85E-62
TNFRSF1A,11.34788548,1.896161919,0.241308897,7.857820164,3.91E-15,5.96E-15
SCNN1A,20.48442387,2.919844671,0.255704628,11.41881826,3.37E-30,6.65E-30
LTBR,39.96069101,3.76248477,0.254493651,14.78419894,1.85E-49,5.06E-49
CD27-AS1,58.47093496,4.398838971,0.233456169,18.84224777,3.40E-79,1.49E-78
VAMP1,358.6201131,7.079771587,0.172670248,41.00168773,0,0
MRPL51,47.02603199,3.199603464,0.220827987,14.48912121,1.42E-47,3.75E-47
NCAPD2,29.68816954,3.441747359,0.279157067,12.32907122,6.32E-35,1.34E-34
NOP2,11.9730823,2.108236189,0.226844236,9.29376132,1.49E-20,2.50E-20
CHD4,10.37520733,1.703256231,0.227711812,7.47987649,7.44E-14,1.11E-13
ING4,7.441908266,1.329653457,0.237929164,5.588442511,2.29E-08,3.04E-08
ZNF384,20.36414953,2.875779769,0.252084873,11.40798231,3.81E-30,7.52E-30
PIANP,20.30798047,2.906042853,0.227033731,12.80004887,1.64E-37,3.62E-37
COPS7A,56.30400526,4.271775441,0.247649661,17.24926827,1.13E-66,4.10E-66
MLF2,132.4578552,5.245113338,0.16717382,31.37520774,4.41E-216,8.36E-215
PTMS,19.2670496,1.691431896,0.231826427,7.296113366,2.96E-13,4.37E-13
GNB3,4.211273833,0.494460793,0.214327417,2.30703472,0.021052885,0.0235418
CDCA3,106.6535127,5.269976182,0.153275902,34.38228795,4.64E-259,1.24E-257
USP5,10.05346592,1.737497682,0.229282582,7.577975044,3.51E-14,5.27E-14
TPI1,22.94119958,1.518967765,0.210703214,7.209039371,5.63E-13,8.27E-13
ENO2,40.68564794,3.870967567,0.262401357,14.75208668,2.98E-49,8.12E-49
ATN1,6955.488234,11.25422816,0.141143615,79.73600643,0,0
C12orf57,2.749301803,-1.048403394,0.165116946,-6.349459706,2.16E-10,3.00E-10
PHB2,9.973653683,1.403016094,0.224481303,6.250035402,4.10E-10,5.67E-10
EMG1,10.46383011,1.766836458,0.249244295,7.088773916,1.35E-12,1.97E-12
LPCAT3,131.8381866,5.621532016,0.199269718,28.21066883,4.33E-175,5.79E-174
C1RL,86.62513279,5.012880474,0.236221468,21.22110457,6.10E-100,3.59E-99
PEX5,14.71075295,2.407986074,0.245584103,9.805138197,1.07E-22,1.87E-22
NANOG,15.23129282,2.477065978,0.229026262,10.81564164,2.90E-27,5.47E-27
SLC2A3,27.50374126,3.307360161,0.232881945,14.2018745,8.92E-46,2.29E-45
FOXJ2,70.38393439,4.722235852,0.234428828,20.14357998,3.06E-90,1.57E-89
NECAP1,106.8060756,5.273682846,0.243585214,21.6502585,6.04E-104,3.73E-103
CLEC4A,31.30446713,3.541743892,0.26807664,13.21168412,7.51E-40,1.72E-39
LINC00937,14.63767237,2.420896912,0.239841116,10.09375269,5.89E-24,1.05E-23
MFAP5,16.39158747,2.274638948,0.217876637,10.44003146,1.63E-25,2.98E-25
RIMKLB,321.1835483,6.887431024,0.193498857,35.59416899,1.72E-277,5.26E-276
PHC1,27.6336055,3.337738567,0.245241043,13.61003252,3.49E-42,8.38E-42
M6PR,18.021216,2.622537144,0.232399338,11.28461539,1.56E-29,3.05E-29
KLRG1,53.6337423,4.327967455,0.227244978,19.04538215,7.18E-81,3.22E-80
A2M,12.22196611,2.153394943,0.257039676,8.377675289,5.40E-17,8.47E-17
PZP,13.59248795,2.306442005,0.212066398,10.87603705,1.50E-27,2.84E-27
CLEC2D,67.90894111,4.670714573,0.26855888,17.39177109,9.52E-68,3.51E-67
KLRD1,4.075357099,0.440508233,0.202220359,2.178357489,0.029379432,0.032574543
MAGOHB,10.51328635,1.717500603,0.223322247,7.690682966,1.46E-14,2.21E-14
YBX3,22.66812269,2.277392269,0.215416294,10.57205204,4.02E-26,7.43E-26
TAS2R10,9.43271836,1.761096275,0.247919114,7.103511485,1.22E-12,1.77E-12
PRR4,8.862256874,1.649507049,0.220459934,7.482117116,7.31E-14,1.09E-13
TAS2R14,42.38299215,3.983184194,0.238760149,16.68278484,1.75E-62,5.89E-62
TAS2R30,13.05469103,2.24648139,0.244553621,9.186048374,4.08E-20,6.78E-20
ETV6,8.732751965,1.505526897,0.18371465,8.194920196,2.51E-16,3.89E-16
LRP6,66.24020737,4.579701536,0.241223591,18.98529709,2.26E-80,1.00E-79
MANSC1,12.25713741,2.155979258,0.233585441,9.229938521,2.71E-20,4.53E-20
LOH12CR2,520.3067346,7.616955672,0.188714783,40.36226273,0,0
DUSP16,4.530078482,0.607383831,0.214792661,2.827768085,0.004687375,0.005378776
CREBL2,15.5907525,2.489776507,0.241718281,10.30032359,7.02E-25,1.27E-24
GPR19,19.79859053,2.868973282,0.264255451,10.85681778,1.85E-27,3.50E-27
CDKN1B,57.47561495,4.404576327,0.219190068,20.09478064,8.20E-90,4.18E-89
APOLD1,25.91478327,3.221304156,0.245875637,13.10135561,3.23E-39,7.34E-39
DDX47,9.412628654,1.756186704,0.242103523,7.253866786,4.05E-13,5.96E-13
HEBP1,15.94401863,2.361084091,0.263869774,8.947914164,3.62E-19,5.91E-19
GSG1,11.90249663,2.112399733,0.246544557,8.56802421,1.05E-17,1.67E-17
GRIN2B,188.1118683,6.125082718,0.179980166,34.03198719,7.50E-254,1.89E-252
ATF7IP,8.155782693,1.49046573,0.226334852,6.58522413,4.54E-11,6.41E-11
H2AFJ,8.933555136,1.211920861,0.224898043,5.388756815,7.09E-08,9.30E-08
WBP11,18.08681224,2.556970419,0.257205736,9.941342899,2.75E-23,4.85E-23
C12orf60,8.997429842,1.676706994,0.239816115,6.991636044,2.72E-12,3.93E-12
RERG,17.89616881,2.719917945,0.241638598,11.25614022,2.16E-29,4.20E-29
PTPRO,31.62211573,3.55539396,0.261083609,13.61783674,3.14E-42,7.54E-42
EPS8,20.09679902,2.398897193,0.232379981,10.32316632,5.54E-25,1.00E-24
STRAP,33.11342305,3.061135745,0.207096257,14.78122194,1.94E-49,5.29E-49
DERA,94.41993307,5.084462457,0.221851687,22.91829522,3.05E-116,2.16E-115
MGST1,86.1222592,4.085632946,0.256386748,15.93542952,3.60E-57,1.11E-56
PLEKHA5,91.92311573,4.970865346,0.222351598,22.35587867,1.06E-110,7.07E-110
AEBP2,2.655546376,-0.458892868,0.174749195,-2.626008484,0.008639266,0.009803893
PDE3A,2.209380838,-0.906601191,0.160034438,-5.665038122,1.47E-08,1.96E-08
SLCO1A2,2.287401161,-0.550644256,0.170891785,-3.222180971,0.001272188,0.001487801
IAPP,31.01449545,3.527502923,0.226642589,15.56416621,1.28E-54,3.79E-54
PYROXD1,4.591632633,0.532004858,0.201222025,2.643869917,0.008196415,0.009309085
RECQL,19.43880061,2.642863101,0.23807315,11.10105486,1.24E-28,2.39E-28
GOLT1B,2.182721952,-1.005562311,0.157071516,-6.401939304,1.53E-10,2.14E-10
LDHB,47.4682445,3.073050333,0.258736645,11.87713606,1.56E-32,3.19E-32
ABCC9,12.6020608,2.187175789,0.238521172,9.169734379,4.74E-20,7.88E-20
CMAS,18.84697095,2.645556533,0.22837972,11.58402564,4.97E-31,9.96E-31
ST8SIA1,10.18566248,1.883399838,0.250152675,7.52900139,5.11E-14,7.66E-14
ETNK1,28.85133877,3.295616085,0.242181324,13.60805217,3.59E-42,8.61E-42
SOX5,147.7630513,5.285721755,0.223336717,23.66705227,7.88E-124,6.06E-123
BCAT1,7.721144867,1.001038811,0.218060051,4.590656596,4.42E-06,5.53E-06
KRAS,47.31033372,3.960622741,0.240584391,16.46250918,6.82E-61,2.24E-60
RASSF8-AS1,37.12826418,3.717556685,0.259760235,14.31149263,1.85E-46,4.82E-46
RASSF8,52.48971714,3.954829229,0.248474787,15.91642062,4.87E-57,1.51E-56
SSPN,18.04851197,2.719399922,0.237081169,11.47033286,1.86E-30,3.69E-30
ITPR2,6.09631873,0.971274723,0.149944962,6.477541571,9.32E-11,1.31E-10
TM7SF3,92.18554687,5.009331105,0.229472002,21.82981391,1.21E-105,7.63E-105
STK38L,22.26750814,2.987275463,0.249571601,11.96961295,5.13E-33,1.06E-32
ARNTL2,10.44746556,1.795886934,0.242631857,7.401694719,1.34E-13,2.00E-13
PPFIBP1,19.03353919,2.369872929,0.249882553,9.483947179,2.45E-21,4.17E-21
MRPS35,8.357744685,1.427729834,0.228782517,6.240554796,4.36E-10,6.02E-10
CCDC91,56.14422807,4.144440143,0.228919847,18.10432862,2.95E-73,1.18E-72
FAR2,31.07007878,3.388511158,0.168457221,20.11496536,5.46E-90,2.79E-89
ERGIC2,71.44501836,4.532823769,0.216479187,20.93884328,2.37E-97,1.35E-96
TMTC1,28.68585319,3.390145627,0.223251212,15.18534031,4.42E-52,1.26E-51
IPO8,51.83596983,4.214341062,0.228915568,18.41002386,1.09E-75,4.53E-75
CAPRIN2,36.87218665,3.714463858,0.249730871,14.87386741,4.87E-50,1.34E-49
TSPAN11,31.08300407,3.531478858,0.259529792,13.60721953,3.63E-42,8.70E-42
DDX11-AS1,15.08305827,2.465770538,0.235918464,10.45179124,1.44E-25,2.63E-25
DDX11,50.18710475,4.176120875,0.217916343,19.16387187,7.41E-82,3.38E-81
DENND5B,42.37895044,3.95066402,0.244480703,16.15941045,9.75E-59,3.10E-58
DENND5B-AS1,119.6358653,5.491958509,0.220779316,24.87533071,1.38E-136,1.25E-135
AMN1,14.33659057,2.365146225,0.224733763,10.52421403,6.68E-26,1.23E-25
BICD1,5.36113291,0.578279181,0.220154865,2.626692717,0.008621915,0.009787234
FGD4,22.66827985,3.035089417,0.206194175,14.71956916,4.83E-49,1.31E-48
PKP2,37.24455596,3.796128802,0.231319448,16.41076373,1.60E-60,5.23E-60
SYT10,27.67481591,3.359380817,0.239980262,13.99857131,1.59E-44,3.99E-44
ALG10,10.53803119,1.907314105,0.244473581,7.80171867,6.11E-15,9.28E-15
CPNE8,44.3119421,3.973907343,0.218420287,18.19385644,5.77E-74,2.33E-73
KIF21A,5.847139234,0.949033393,0.205999265,4.606974652,4.09E-06,5.12E-06
SLC2A13,13.30501356,2.234546825,0.252287061,8.857159834,8.21E-19,1.33E-18
CNTN1,31.92076222,3.570876888,0.239451505,14.91273522,2.72E-50,7.55E-50
GXYLT1,7.531446569,1.34209101,0.237543056,5.649885259,1.61E-08,2.14E-08
YAF2,249.859376,6.328495776,0.215924452,29.30884265,8.00E-189,1.19E-187
PPHLN1,6.892041172,1.005539712,0.228934871,4.392252292,1.12E-05,1.39E-05
ZCRB1,235.0573088,6.203821879,0.165341811,37.52119221,0,0
ADAMTS20,7.711452412,1.451955157,0.239363644,6.065896782,1.31E-09,1.79E-09
PUS7L,46.46216368,3.981848491,0.23474693,16.96230275,1.56E-64,5.44E-64
IRAK4,7.632356471,1.39085482,0.228014621,6.099849281,1.06E-09,1.45E-09
TWF1,5.753867965,0.845710971,0.214878474,3.935764037,8.29E-05,0.000100682
NELL2,48.27906535,4.174163411,0.25731885,16.22175527,3.54E-59,1.13E-58
DBX2,6.165933257,1.106017613,0.227905979,4.852955664,1.22E-06,1.55E-06
ANO6,4.592077656,0.47295838,0.218364281,2.165914576,0.030317715,0.033587455
ARID2,42.57925598,3.884088722,0.275316594,14.10771744,3.40E-45,8.64E-45
SCAF11,63.35253556,4.238986707,0.186873249,22.68375346,6.48E-114,4.47E-113
SLC38A1,5.674508537,0.900527101,0.226649628,3.973212349,7.09E-05,8.63E-05
SLC38A2,7.736788808,1.161201284,0.201441366,5.764462905,8.19E-09,1.10E-08
SLC38A4,36.66303959,3.761665085,0.242314318,15.52390761,2.39E-54,7.09E-54
RPAP3,43.00469635,3.899163761,0.228250244,17.08284598,1.99E-65,7.06E-65
SLC48A1,131.7107893,5.566499242,0.18595328,29.93493439,6.91E-197,1.10E-195
HDAC7,38.42571104,3.755689028,0.230108441,16.32138751,6.95E-60,2.25E-59
TMEM106C,23.33677901,2.953149716,0.254745576,11.59254564,4.50E-31,9.02E-31
COL2A1,5.430327674,0.907419432,0.23087136,3.93041143,8.48E-05,0.000102928
SENP1,20.23109593,2.845704382,0.264195684,10.77119937,4.71E-27,8.85E-27
PFKM,26.66730082,3.198180372,0.230991232,13.84546222,1.36E-43,3.34E-43
ASB8,4.559761321,0.576384228,0.208884455,2.759344769,0.00579174,0.006617391
ZNF641,5.913790171,1.051018342,0.220817098,4.759678268,1.94E-06,2.45E-06
KANSL2,25.84933883,3.2084406,0.239549129,13.39366422,6.59E-41,1.54E-40
CCNT1,113.4161682,5.381438009,0.246395676,21.84063494,9.54E-106,6.04E-105
ADCY6,5.717500886,0.96419683,0.209858949,4.594499471,4.34E-06,5.43E-06
CACNB3,10.27503062,1.887245294,0.243981049,7.735212628,1.03E-14,1.56E-14
DDX23,187.7955736,6.040284015,0.195972268,30.82213662,1.32E-208,2.34E-207
RND1,91.84359947,5.108318495,0.249566012,20.46880688,4.08E-93,2.17E-92
CCDC65,6.617081971,1.168315447,0.208584455,5.601162587,2.13E-08,2.83E-08
FKBP11,23.96743546,2.719300775,0.252232511,10.78092894,4.24E-27,7.97E-27
ARF3,9.309044301,1.464410733,0.235155674,6.227409735,4.74E-10,6.54E-10
PRKAG1,43.75952318,3.925261351,0.251361805,15.61598171,5.67E-55,1.70E-54
KMT2D,8.17324648,1.472486662,0.231096756,6.371732276,1.87E-10,2.60E-10
RHEBL1,12.27140866,2.160779908,0.25489528,8.47712798,2.31E-17,3.64E-17
LMBR1L,26.14539102,3.245110478,0.238934899,13.58156758,5.15E-42,1.23E-41
TUBA1B,65.38912224,2.487219039,0.202969202,12.25416966,1.60E-34,3.37E-34
TUBA1C,3.124691691,-2.111645308,0.146871564,-14.37749594,7.16E-47,1.88E-46
TROAP,28.70326143,3.360412042,0.253622083,13.24968237,4.53E-40,1.04E-39
SPATS2,5.789793427,0.799777105,0.185110746,4.320533108,1.56E-05,1.92E-05
MCRS1,103.5768417,5.188669654,0.201440666,25.75780625,2.64E-146,2.64E-145
FMNL3,8.979368241,1.675054014,0.222029302,7.544292576,4.55E-14,6.81E-14
TMBIM6,2.019259968,-2.10780498,0.111607357,-18.88589637,1.49E-79,6.54E-79
NCKAP5L,38.87112159,3.858002297,0.245159796,15.73668425,8.48E-56,2.57E-55
BCDIN3D,109.6353209,5.364815576,0.202407278,26.50505279,8.48E-155,9.29E-154
AQP6,29.13024018,3.435528938,0.251881644,13.63945734,2.33E-42,5.62E-42
RACGAP1,26.94345966,3.21256799,0.228740047,14.04462416,8.31E-45,2.10E-44
ASIC1,13.49843401,2.29959123,0.21591365,10.65051342,1.73E-26,3.23E-26
SMARCD1,47.97556936,4.07013896,0.206735012,19.68770995,2.75E-86,1.34E-85
COX14,2.447479015,-0.783996738,0.170251494,-4.604933086,4.13E-06,5.17E-06
CERS5,13.41705505,2.201183875,0.252926832,8.702848405,3.24E-18,5.19E-18
LIMA1,102.9014359,4.81346838,0.198632918,24.23298434,1.00E-129,8.35E-129
LARP4,76.46481964,4.659035945,0.231666574,20.11095457,5.92E-90,3.02E-89
DIP2B,59.58183871,4.353675079,0.228986713,19.01278476,1.34E-80,5.97E-80
ATF1,107.3389312,5.271412737,0.203008041,25.96652185,1.18E-148,1.22E-147
METTL7A,423.9992543,7.310344927,0.174549515,41.88121023,0,0
SLC11A2,23.40015913,3.068798731,0.235626018,13.02402323,8.93E-39,2.01E-38
LETMD1,18.63141448,2.734024919,0.243293403,11.23756292,2.67E-29,5.18E-29
CSRNP2,11.57680196,2.009217719,0.245280869,8.191497877,2.58E-16,4.00E-16
TFCP2,15.35415949,2.359918576,0.251271931,9.391890941,5.89E-21,9.95E-21
POU6F1,7.957225434,1.499240422,0.241597954,6.205517881,5.45E-10,7.50E-10
DAZAP2,21.79653633,2.812206016,0.232980706,12.07055326,1.51E-33,3.14E-33
SLC4A8,13.02779311,2.232157147,0.220601363,10.11851021,4.57E-24,8.17E-24
SCN8A,2.266767587,-0.650082943,0.172383076,-3.771152934,0.000162495,0.000195657
ACVR1B,168.1878902,5.985168545,0.201043705,29.77048472,9.42E-195,1.47E-193
KRT18,37.76768466,3.79395627,0.244619675,15.5096121,2.99E-54,8.83E-54
EIF4B,11.88712941,1.775960975,0.22121348,8.028267438,9.89E-16,1.52E-15
SPRYD3,19.80743305,2.765202326,0.241198256,11.46443748,1.99E-30,3.95E-30
CSAD,11.31154069,2.021977689,0.234636999,8.617471663,6.84E-18,1.09E-17
ZNF740,32.64440267,3.571421596,0.260927811,13.68739341,1.21E-42,2.92E-42
MFSD5,5.252619671,0.81366956,0.186741232,4.357203568,1.32E-05,1.63E-05
ESPL1,29.63306717,3.405997476,0.249057474,13.67554815,1.42E-42,3.44E-42
C12orf10,79.26429238,4.600552148,0.187722875,24.50714731,1.24E-132,1.07E-131
AAAS,409.9629191,7.2189362,0.198380473,36.38934872,6.27E-290,2.09E-288
SP1,15.1896845,2.419312986,0.258381736,9.36332817,7.73E-21,1.30E-20
PRR13,38.09259831,3.500768168,0.24407556,14.34296891,1.18E-46,3.07E-46
PCBP2,21.11056518,2.519501164,0.239773368,10.50784408,7.95E-26,1.46E-25
TARBP2,41.21137728,3.899779145,0.248330807,15.70396842,1.42E-55,4.29E-55
ATF7,28.73588551,3.287295683,0.242275609,13.56841366,6.16E-42,1.47E-41
CALCOCO1,16.38217445,2.553967587,0.231556791,11.02955163,2.75E-28,5.27E-28
HOXC10,43.88178373,3.971010575,0.247685025,16.03250166,7.58E-58,2.37E-57
HOXC6,67.52805344,4.618474179,0.221796344,20.82304016,2.68E-96,1.50E-95
HOXC9,51.08275974,4.19281987,0.218833926,19.15982569,8.01E-82,3.65E-81
HOXC8,82.97198893,4.877854257,0.198497727,24.57385444,2.40E-133,2.10E-132
SMUG1,51.2363247,4.106820623,0.225005125,18.25212035,1.99E-74,8.10E-74
CBX5,41.07358355,3.70359242,0.254291595,14.56435247,4.73E-48,1.26E-47
COPZ1,50.89758368,3.853216524,0.170395304,22.61339627,3.20E-113,2.19E-112
ZNF385A,16.55938557,2.591417865,0.248517308,10.42751463,1.86E-25,3.39E-25
ITGA5,34.25630069,3.312372844,0.238783016,13.87189463,9.38E-44,2.32E-43
NEUROD4,7.327209813,1.367371376,0.219935603,6.217144273,5.06E-10,6.97E-10
ITGA7,12.45465247,2.179810285,0.252195611,8.643331578,5.46E-18,8.72E-18
BLOC1S1,11.35116454,1.63415274,0.218481342,7.4795986,7.45E-14,1.11E-13
GDF11,27.00626289,3.283311815,0.245601356,13.36845962,9.24E-41,2.15E-40
SARNP,8.928788864,1.246493847,0.243919013,5.110277521,3.22E-07,4.16E-07
ORMDL2,13.2022034,2.063915308,0.252074277,8.187726783,2.66E-16,4.13E-16
DNAJC14,7.144125125,1.297226003,0.199956359,6.487545632,8.72E-11,1.22E-10
PMEL,6.484108245,1.189775815,0.23501225,5.062611915,4.14E-07,5.33E-07
CDK2,16.82455555,2.597012198,0.263482611,9.856484216,6.43E-23,1.13E-22
RAB5B,34.7730539,3.682822887,0.244373172,15.07048775,2.53E-51,7.14E-51
SUOX,23.00818124,3.089354727,0.232492666,13.28796637,2.72E-40,6.28E-40
IKZF4,19.33562919,2.828267048,0.205250498,13.77958676,3.38E-43,8.28E-43
RPS26,118.1621034,3.576004208,0.180747808,19.78449555,4.05E-87,1.99E-86
PA2G4,6.315311972,0.424617743,0.19332264,2.196420157,0.028061884,0.031151845
RPL41,17.74259757,-1.371611495,0.238500251,-5.75098555,8.87E-09,1.19E-08
ESYT1,4.895543425,0.730516186,0.217029855,3.365970937,0.000762747,0.00089957
MYL6B,44.76029941,3.648901733,0.255129376,14.30216224,2.12E-46,5.51E-46
MYL6,14.57858824,-0.837139627,0.194266079,-4.309242414,1.64E-05,2.02E-05
SMARCC2,27.78240238,3.332666013,0.229371822,14.52953542,7.88E-48,2.09E-47
ANKRD52,38.45860232,3.79871087,0.27998712,13.56744864,6.25E-42,1.49E-41
COQ10A,4.113038653,0.433772128,0.209478229,2.070726534,0.038384359,0.04228271
CS,8.211789262,1.452025625,0.228014468,6.368129342,1.91E-10,2.66E-10
CNPY2,11.00906019,1.488401529,0.181246482,8.212029889,2.17E-16,3.38E-16
PAN2,177.0480057,6.059172813,0.225409151,26.88077562,3.69E-159,4.25E-158
STAT2,34.96646486,3.649165057,0.261136951,13.97414285,2.24E-44,5.61E-44
TIMELESS,6.164133718,1.020421139,0.2117163,4.819757093,1.44E-06,1.82E-06
GLS2,30.86812898,3.518801012,0.194595852,18.08261061,4.37E-73,1.75E-72
RBMS2,15.57174062,2.425566938,0.229625848,10.56312677,4.42E-26,8.17E-26
BAZ2A,8.979570037,1.597277701,0.21523509,7.421084084,1.16E-13,1.73E-13
PTGES3,39.27380094,2.957398225,0.219226758,13.49013348,1.79E-41,4.22E-41
NACA,70.3585204,2.040928095,0.207587911,9.831632691,8.23E-23,1.44E-22
PRIM1,33.39737869,3.603549311,0.249281687,14.45573222,2.31E-47,6.08E-47
ZBTB39,18.94062024,2.801693943,0.202422295,13.84083677,1.45E-43,3.55E-43
SHMT2,9.217742711,1.529620586,0.219990917,6.953107915,3.57E-12,5.15E-12
R3HDM2,2.071771644,-0.976908352,0.145853503,-6.697873755,2.11E-11,3.01E-11
MARS,7.030391873,1.218143762,0.220657253,5.520524447,3.38E-08,4.47E-08
MBD6,51.67072833,4.26106501,0.234543306,18.16749784,9.34E-74,3.77E-73
DCTN2,14.04008579,2.054558001,0.223701094,9.184389604,4.14E-20,6.89E-20
KIF5A,6.465867666,1.184318081,0.202713615,5.842321352,5.15E-09,6.94E-09
PIP4K2C,45.12216109,4.075612299,0.22567036,18.06002482,6.58E-73,2.62E-72
DTX3,30.44575225,3.454646376,0.246309283,14.02564426,1.09E-44,2.73E-44
B4GALNT1,68.79348502,4.6464058,0.225155738,20.6364086,1.29E-94,7.01E-94
TSPAN31,45.25280759,4.005458375,0.26894425,14.89326644,3.65E-50,1.01E-49
CDK4,5.62339732,0.603888946,0.196378343,3.075130064,0.002104108,0.002442842
9-Mar,126.2996156,5.570253251,0.221724609,25.12239522,2.83E-139,2.66E-138
TSFM,2.115603611,-0.803598593,0.165931692,-4.842948232,1.28E-06,1.63E-06
USP15,7.589957704,1.288352347,0.223662141,5.760261174,8.40E-09,1.13E-08
PPM1H,3.989857234,0.430958499,0.203589417,2.116802066,0.03427665,0.037853738
SRGAP1,213.2482426,5.727929874,0.186464194,30.71865832,3.21E-207,5.59E-206
C12orf66,21.60563623,2.98647381,0.220075044,13.57025199,6.01E-42,1.43E-41
XPOT,4.705384956,0.50060698,0.21407438,2.338472164,0.019362768,0.021671943
TBK1,16.3862852,2.44790785,0.234181372,10.45304256,1.42E-25,2.60E-25
RASSF3,2.525872387,-0.443414099,0.176161532,-2.517088121,0.011832923,0.01336106
GNS,1.966238129,-0.897134857,0.162397229,-5.524323682,3.31E-08,4.38E-08
TBC1D30,49.92774476,4.222823471,0.231886666,18.21072138,4.24E-74,1.72E-73
LEMD3,11.14693608,1.942975986,0.208042519,9.339321591,9.70E-21,1.63E-20
MSRB3,71.68355953,4.421965946,0.223282753,19.8043328,2.73E-87,1.34E-86
HMGA2,52.38056747,3.05371626,0.230030083,13.27529089,3.22E-40,7.43E-40
LLPH,7.637663569,1.059394018,0.21464768,4.935501822,7.99E-07,1.02E-06
TMBIM4,22.6249449,2.753639897,0.25460876,10.81518129,2.92E-27,5.50E-27
IRAK3,308.6727262,6.830098122,0.199178823,34.29128675,1.06E-257,2.79E-256
HELB,12.92028885,2.212122647,0.242954426,9.105093013,8.62E-20,1.43E-19
DYRK2,18.49977437,2.744991528,0.236640242,11.59985093,4.13E-31,8.28E-31
MDM1,177.6142071,6.01097414,0.177796261,33.80821456,1.49E-250,3.68E-249
RAP1B,11.73465291,1.478728282,0.231479145,6.388170662,1.68E-10,2.34E-10
NUP107,6.993636772,1.147942768,0.210079519,5.464324994,4.65E-08,6.12E-08
SLC35E3,11.22776779,1.959272657,0.200003745,9.796179853,1.17E-22,2.04E-22
MDM2,22.34544349,2.777345269,0.256544244,10.82598939,2.59E-27,4.89E-27
CPSF6,2.863392288,-0.373426281,0.177511686,-2.103671537,0.035407109,0.039074377
LYZ,16.88200448,2.631676774,0.219473601,11.99085796,3.97E-33,8.21E-33
YEATS4,72.61628265,4.602240459,0.257521952,17.87125498,1.98E-71,7.69E-71
FRS2,68.12449059,4.57951086,0.233020955,19.65278559,5.47E-86,2.65E-85
RAB3IP,5.693198925,0.99451953,0.224786606,4.424282864,9.68E-06,1.20E-05
CNOT2,17.86384043,2.497411772,0.231599431,10.78332428,4.13E-27,7.76E-27
KCNMB4,2.037870131,-0.753579836,0.155620887,-4.842408041,1.28E-06,1.63E-06
PTPRB,65.97767183,4.628641557,0.218663204,21.16790327,1.89E-99,1.10E-98
LGR5,3.902731313,0.36311397,0.169106891,2.147245252,0.031773762,0.035136065
ZFC3H1,2.26913944,-0.704179415,0.168946114,-4.168071104,3.07E-05,3.77E-05
THAP2,4.231756983,0.465902762,0.214141119,2.175680997,0.029579122,0.032789259
TMEM19,79.52893359,4.86718184,0.279434987,17.41793999,6.03E-68,2.23E-67
TBC1D15,59.67504413,4.335900247,0.237115076,18.28605894,1.07E-74,4.36E-74
CAPS2,6.0337948,1.060613898,0.212388727,4.993739125,5.92E-07,7.60E-07
GLIPR1L2,325.1846264,6.938511098,0.174224198,39.82518608,0,0
GLIPR1,10.86915911,1.570043818,0.219199721,7.162617763,7.92E-13,1.16E-12
KRR1,6.374467888,0.882632209,0.217607429,4.056075728,4.99E-05,6.09E-05
PHLDA1,27.25410201,2.768390185,0.243264392,11.38017021,5.25E-30,1.03E-29
NAP1L1,79.71986831,4.135385522,0.18305857,22.59050485,5.37E-113,3.67E-112
OSBPL8,35.7407483,3.360638136,0.255409046,13.1578665,1.53E-39,3.50E-39
ZDHHC17,98.58015996,5.126164631,0.196603981,26.07355459,7.28E-150,7.62E-149
CSRP2,9.528928357,1.724424853,0.235910632,7.309652962,2.68E-13,3.95E-13
E2F7,20.06791906,2.700501119,0.249921417,10.80540095,3.25E-27,6.11E-27
NAV3,3.629599829,-0.782623795,0.146583778,-5.339088723,9.34E-08,1.22E-07
SYT1,21.00209962,2.886657295,0.240464202,12.00451988,3.36E-33,6.96E-33
PAWR,2.515880807,-0.662822916,0.174259259,-3.803659674,0.000142574,0.000171996
PPP1R12A,10.32344578,1.453178115,0.24259391,5.990167329,2.10E-09,2.85E-09
LIN7A,20.49780369,2.907336661,0.254914252,11.40515541,3.94E-30,7.77E-30
ACSS3,41.75434238,3.962215423,0.216314479,18.31692189,6.06E-75,2.49E-74
PPFIA2,14.63007121,2.406917646,0.240549695,10.00590602,1.44E-23,2.54E-23
CCDC59,21.06555937,2.717389879,0.237263301,11.45305603,2.27E-30,4.50E-30
METTL25,267.4739388,6.612651327,0.185640914,35.62065698,6.71E-278,2.05E-276
TMTC2,25.43611543,3.204669833,0.25815872,12.41356415,2.21E-35,4.74E-35
SLC6A15,13.65739289,2.286965458,0.15674356,14.59049075,3.23E-48,8.63E-48
LRRIQ1,18.94148957,2.804791947,0.210143163,13.34705303,1.23E-40,2.86E-40
C12orf50,12.91845116,2.237850763,0.257643121,8.685854884,3.76E-18,6.02E-18
C12orf29,2.008208354,-0.980935286,0.145536354,-6.740139226,1.58E-11,2.26E-11
CEP290,7.63874244,1.252033794,0.22786161,5.494711447,3.91E-08,5.17E-08
TMTC3,498.3615658,7.469870438,0.177395436,42.10858298,0,0
KITLG,5.017109079,0.680016703,0.196196299,3.466001686,0.00052826,0.000626556
DUSP6,9.437019079,1.510234134,0.226945337,6.654616267,2.84E-11,4.03E-11
POC1B,4.086481593,0.395945742,0.195777728,2.022424851,0.04313248,0.047407341
ATP2B1,13.43361374,1.881163422,0.232113926,8.104483237,5.30E-16,8.18E-16
LUM,32.84035185,3.117049394,0.24604293,12.66872163,8.81E-37,1.93E-36
BTG1,66.92344687,4.185115317,0.213531145,19.59955454,1.56E-85,7.49E-85
EEA1,52.69126767,4.144427523,0.234519919,17.67196385,6.90E-70,2.63E-69
NUDT4,12.25020737,2.078205726,0.21769507,9.546406957,1.34E-21,2.30E-21
UBE2N,2.884750756,-0.621710562,0.159865035,-3.888971478,0.00010067,0.000121971
MRPL42,2.795118128,-0.415558255,0.181793539,-2.285880223,0.022261267,0.024854679
SOCS2,76.79917382,4.838128825,0.203152606,23.81524369,2.32E-125,1.82E-124
CRADD,57.34218735,4.326477456,0.153893466,28.11345773,6.71E-174,8.89E-173
PLXNC1,46.81246917,4.107518462,0.215436798,19.06600214,4.84E-81,2.18E-80
NDUFA12,27.77934646,2.894905491,0.204738281,14.13954181,2.17E-45,5.52E-45
NR2C1,4.159853792,0.441755479,0.19986531,2.210265905,0.027086713,0.030100041
VEZT,42.28436336,3.884703722,0.24522236,15.84155589,1.61E-56,4.92E-56
METAP2,84.73753821,4.54121057,0.216995928,20.92763034,3.00E-97,1.71E-96
USP44,2.532777451,-0.375362916,0.17639716,-2.127941953,0.033341897,0.036851392
NTN4,116.4165456,5.08311269,0.240567568,21.12966734,4.25E-99,2.47E-98
SNRPF,3.267827765,-0.648606904,0.181658759,-3.570468651,0.000356343,0.000424829
LTA4H,18.91488182,2.768032892,0.268712093,10.30111025,6.97E-25,1.26E-24
ELK3,18.33815162,2.474733001,0.221597018,11.16771795,5.87E-29,1.13E-28
NEDD1,12.87448233,2.16246488,0.218546488,9.894759223,4.39E-23,7.71E-23
RMST,13.69282719,2.31603549,0.252445703,9.174390614,4.54E-20,7.55E-20
TMPO,30.1001765,3.215959471,0.220470445,14.58680535,3.41E-48,9.10E-48
SLC25A3,28.37534664,2.085726479,0.20839776,10.00839203,1.40E-23,2.48E-23
IKBIP,50.43748016,3.933343451,0.223934612,17.5646963,4.59E-69,1.73E-68
APAF1,2.467134479,-0.516801504,0.169142298,-3.055424394,0.002247423,0.002606722
ANKS1B,290.7400885,6.671323323,0.152673554,43.69665303,0,0
UHRF1BP1L,121.5643553,5.440403538,0.218482759,24.90083684,7.29E-137,6.64E-136
DEPDC4,2.096951511,-0.727690943,0.1605133,-4.533524278,5.80E-06,7.24E-06
SCYL2,30.88363437,3.437230963,0.247084016,13.91118301,5.42E-44,1.35E-43
GAS2L3,4.319852681,0.525865966,0.204985415,2.565382359,0.010306216,0.011663851
UTP20,76.43405601,4.819354261,0.289120023,16.66904354,2.20E-62,7.39E-62
ARL1,86.24491606,4.760183413,0.234224134,20.32319787,8.02E-92,4.19E-91
CHPT1,10.91440441,1.869621923,0.191202911,9.778208466,1.40E-22,2.43E-22
GNPTAB,8.316234922,1.516853787,0.24561766,6.175670707,6.59E-10,9.04E-10
DRAM1,71.50837255,4.661659891,0.24089881,19.35111216,1.99E-83,9.34E-83
NUP37,77.96876713,4.69793055,0.2438251,19.26762479,1.00E-82,4.66E-82
PARPBP,72.42495431,4.710776423,0.231568402,20.34291544,5.36E-92,2.82E-91
ASCL1,12.45522886,2.180329372,0.246655672,8.839567136,9.61E-19,1.55E-18
NT5DC3,22.77019912,3.041163639,0.247634048,12.28087842,1.15E-34,2.43E-34
HSP90B1,138.2868012,4.736445436,0.25218076,18.78194604,1.06E-78,4.62E-78
C12orf73,36.49404652,3.690567443,0.261070787,14.13627121,2.27E-45,5.77E-45
TDG,35.59255824,3.586666701,0.263589256,13.6070292,3.64E-42,8.72E-42
HCFC2,22.12855461,2.98748819,0.228300208,13.08578831,3.97E-39,9.00E-39
NFYB,11.01418611,1.894304921,0.180727431,10.48155727,1.05E-25,1.93E-25
TXNRD1,89.95503724,4.220887734,0.242805591,17.38381604,1.09E-67,4.02E-67
CHST11,87.33095332,4.803383946,0.226802455,21.17871231,1.50E-99,8.78E-99
SLC41A2,25.47097538,3.227697946,0.27704299,11.65053102,2.28E-31,4.60E-31
C12orf45,14.76007309,2.263493649,0.222847392,10.15714668,3.08E-24,5.52E-24
ALDH1L2,51.25091008,4.115940682,0.244668112,16.82254647,1.67E-63,5.72E-63
APPL2,499.4374598,7.363977964,0.161139106,45.69950869,0,0
NUAK1,28.23909202,3.355770266,0.228858327,14.66309007,1.11E-48,2.99E-48
CKAP4,11.7543302,1.598804511,0.221033236,7.233321725,4.71E-13,6.93E-13
RFX4,4.879948037,0.737120504,0.213798201,3.447739508,0.000565299,0.000669756
RIC8B,16.76579936,2.581322203,0.264265755,9.767902769,1.55E-22,2.69E-22
CRY1,12.41012362,2.093381672,0.265414636,7.88721263,3.09E-15,4.72E-15
BTBD11,18.84647161,2.772660954,0.249409408,11.11690605,1.04E-28,2.00E-28
PWP1,59.42753646,4.263569209,0.228490261,18.65974148,1.05E-77,4.51E-77
PRDM4,26.39846923,3.213685101,0.22849049,14.06485276,6.25E-45,1.58E-44
FICD,136.0034837,5.624808172,0.234780277,23.95775419,7.67E-127,6.18E-126
SART3,281.1743298,6.623016563,0.176424906,37.54014516,0,0
ISCU,10.59277074,1.46360387,0.220418071,6.640126478,3.13E-11,4.44E-11
CORO1C,33.50670595,3.221749926,0.244334881,13.18579612,1.06E-39,2.42E-39
SSH1,22.73413336,2.942634462,0.240009856,12.26047345,1.48E-34,3.12E-34
USP30,6.408551717,1.147454454,0.231893204,4.94820217,7.49E-07,9.57E-07
ALKBH2,25.77902652,3.170755616,0.264613806,11.98257819,4.38E-33,9.06E-33
UNG,2.195614663,-0.777768831,0.171516468,-4.534659777,5.77E-06,7.20E-06
ACACB,34.78129338,3.693509075,0.223948923,16.49264052,4.14E-61,1.37E-60
KCTD10,8.444485273,1.43149774,0.161019355,8.89022154,6.10E-19,9.90E-19
UBE3B,118.2832785,5.463818188,0.218406686,25.01671666,4.02E-138,3.73E-137
MMAB,11.2649263,1.972560214,0.220648431,8.939833394,3.90E-19,6.36E-19
MVK,11.46879191,2.040051636,0.230982148,8.832074902,1.03E-18,1.66E-18
GLTP,20.94358635,2.71821387,0.231288377,11.75248796,6.86E-32,1.39E-31
TCHP,17.34662204,2.556280998,0.263429287,9.703860277,2.90E-22,5.02E-22
GIT2,114.7388491,5.346844132,0.224376855,23.829749,1.64E-125,1.30E-124
ANKRD13A,295.0298753,6.652039986,0.21324769,31.1939603,1.29E-213,2.39E-212
C12orf76,93.75207318,5.062294473,0.230251999,21.98588717,3.93E-107,2.52E-106
IFT81,94.63454117,5.118819576,0.210980034,24.26210421,4.93E-130,4.13E-129
ATP2A2,34.68520473,3.426509755,0.25907195,13.22609317,6.20E-40,1.42E-39
ANAPC7,2.011665179,-1.017369632,0.133744842,-7.606795252,2.81E-14,4.23E-14
ARPC3,35.38915244,2.406040059,0.230322856,10.44637994,1.52E-25,2.79E-25
GPN3,128.9424222,5.438916389,0.234816339,23.16242738,1.09E-118,7.91E-118
FAM216A,68.99074202,4.628223408,0.231047075,20.03151695,2.93E-89,1.48E-88
VPS29,132.2345728,5.164693488,0.217901116,23.70200571,3.44E-124,2.66E-123
PPTC7,8.479054826,1.592594933,0.242548074,6.566100105,5.17E-11,7.28E-11
TCTN1,96.5739278,5.149571807,0.247763014,20.78426366,6.01E-96,3.34E-95
HVCN1,20.61329628,2.916556323,0.22485811,12.9706521,1.79E-38,4.03E-38
CUX2,7.413810193,1.389666934,0.216129165,6.429798292,1.28E-10,1.79E-10
ATXN2,323.1231528,6.743563454,0.186678589,36.12392547,9.55E-286,3.15E-284
BRAP,12.87561815,2.164038551,0.246039875,8.795478992,1.42E-18,2.30E-18
ACAD10,4.495885747,0.573324294,0.217783245,2.632545462,0.008474768,0.009622208
ALDH2,17.54600428,2.611935002,0.245523788,10.63821563,1.98E-26,3.68E-26
MAPKAPK5-AS1,32.85442926,3.612274358,0.271297713,13.31479843,1.90E-40,4.40E-40
MAPKAPK5,12.96363817,2.17155841,0.239585293,9.063821846,1.26E-19,2.08E-19
TMEM116,16.70073066,2.570472207,0.254455461,10.10185514,5.42E-24,9.66E-24
ERP29,17.06027918,2.232257176,0.237839797,9.385549469,6.26E-21,1.06E-20
TRAFD1,2.51927671,-0.486908778,0.141075918,-3.45139543,0.000557696,0.000660892
HECTD4,62.82748864,4.461250417,0.257179441,17.34683925,2.08E-67,7.63E-67
PTPN11,81.88295462,4.581960228,0.245191267,18.68728962,6.28E-78,2.70E-77
DDX54,13.80022336,2.245965506,0.250884116,8.952202897,3.48E-19,5.69E-19
PLBD2,8.117092704,1.453499044,0.234981772,6.185582105,6.19E-10,8.50E-10
LHX5,24.65997329,3.191366686,0.232627364,13.71879315,7.84E-43,1.90E-42
RBM19,26.52882225,3.210583123,0.22675475,14.15883516,1.65E-45,4.20E-45
MED13L,89.82699679,4.650266713,0.248009939,18.75032401,1.92E-78,8.34E-78
LINC00173,18.14851893,2.734141552,0.175663497,15.564654,1.27E-54,3.77E-54
MAP1LC3B2,43.63531051,4.014141924,0.19166248,20.94380668,2.14E-97,1.22E-96
C12orf49,37.74016312,3.711142716,0.239140817,15.51865031,2.59E-54,7.68E-54
RNFT2,42.76607696,3.986941113,0.234268769,17.01866251,5.97E-65,2.10E-64
HRK,13.36363348,2.28379237,0.273395799,8.353428895,6.63E-17,1.04E-16
FBXW8,14.96273605,2.365276627,0.245088069,9.650721221,4.88E-22,8.42E-22
FBXO21,44.64624192,3.953492902,0.268328102,14.73380114,3.91E-49,1.06E-48
RFC5,7.703862572,1.413256925,0.242948461,5.817105904,5.99E-09,8.06E-09
WSB2,59.45934978,4.277504551,0.240660946,17.77398714,1.12E-70,4.33E-70
VSIG10,39.26387839,3.84097484,0.21947108,17.50105224,1.41E-68,5.26E-68
PEBP1,36.11378918,2.846706377,0.210719489,13.50945935,1.38E-41,3.26E-41
SRRM4,164.8442234,5.95552384,0.153975864,38.67829476,0,0
PRKAB1,43.58594865,3.980836054,0.268244724,14.84031447,8.04E-50,2.21E-49
CIT,2.053068631,-0.9327934,0.158156812,-5.897902149,3.68E-09,4.98E-09
RPLP0,28.97213389,0.439066951,0.200669046,2.188015344,0.028668485,0.031805746
PXN-AS1,56.53225027,4.39252403,0.230287291,19.07410524,4.14E-81,1.87E-80
PXN,7.276152802,1.112365029,0.215529099,5.16108978,2.46E-07,3.18E-07
MSI1,2.416864516,-0.455524646,0.182127963,-2.501124145,0.012379977,0.01394833
COX6A1,2.852939337,-1.727973139,0.159955428,-10.80284152,3.34E-27,6.28E-27
GATC,81.20285926,4.855489144,0.227682949,21.32565995,6.56E-101,3.92E-100
SRSF9,125.0824255,4.891391768,0.20506534,23.85284504,9.46E-126,7.52E-125
DYNLL1,34.94782175,1.772284049,0.212013588,8.359294652,6.31E-17,9.88E-17
COQ5,35.67502075,3.678686002,0.236975901,15.52346037,2.41E-54,7.13E-54
RNF10,21.25554704,2.83530327,0.236105215,12.00864315,3.20E-33,6.63E-33
POP5,10.21024171,1.637697028,0.219155845,7.472750864,7.85E-14,1.17E-13
MLEC,2.998991715,-0.41587292,0.187244337,-2.221017342,0.026349787,0.029296111
UNC119B,9.810354752,1.771062257,0.211971605,8.355186326,6.53E-17,1.02E-16
SPPL3,36.98482372,3.728959941,0.183652416,20.3044426,1.17E-91,6.13E-91
C12orf43,31.5020013,3.494853194,0.231436913,15.10067324,1.60E-51,4.53E-51
P2RX4,56.48140079,4.34958414,0.250213409,17.38349737,1.10E-67,4.04E-67
CAMKK2,21.13682856,2.886364908,0.220142022,13.11137638,2.83E-39,6.44E-39
ANAPC5,44.51762208,3.742864678,0.220010204,17.01223219,6.66E-65,2.34E-64
RNF34,6.883561625,1.09745722,0.190788409,5.752221655,8.81E-09,1.18E-08
KDM2B,22.64982473,3.034853407,0.257904683,11.76734508,5.75E-32,1.17E-31
ORAI1,8.144329356,1.481577706,0.219609266,6.746426201,1.52E-11,2.16E-11
TMEM120B,28.29891155,3.360929876,0.246290959,13.64617643,2.13E-42,5.13E-42
SETD1B,10.43180729,1.868899937,0.231817855,8.061932673,7.51E-16,1.16E-15
PSMD9,105.2336591,4.804850343,0.19384863,24.78660973,1.25E-135,1.12E-134
WDR66,5.455912513,0.900435234,0.202655595,4.443179736,8.86E-06,1.10E-05
BCL7A,29.86116981,3.416610149,0.256481482,13.32107927,1.75E-40,4.05E-40
MLXIP,51.96374307,4.165243461,0.260928259,15.96317497,2.31E-57,7.16E-57
B3GNT4,29.33092722,3.445711846,0.264266971,13.03875333,7.37E-39,1.66E-38
DIABLO,20.97385762,2.952582176,0.256405813,11.51527003,1.11E-30,2.20E-30
VPS33A,37.26718647,3.765378643,0.220020551,17.1137588,1.17E-65,4.16E-65
CLIP1,124.4929505,5.335730059,0.224304992,23.78783462,4.46E-125,3.49E-124
ZCCHC8,44.45053209,4.041412355,0.262760463,15.38059537,2.21E-53,6.43E-53
DENR,16.84166093,2.30493889,0.24895715,9.258375932,2.08E-20,3.48E-20
HIP1R,59.17466916,4.459101298,0.245686664,18.14954554,1.29E-73,5.22E-73
VPS37B,1.87788669,-1.042601531,0.156577332,-6.65870032,2.76E-11,3.92E-11
ARL6IP4,11.0628627,1.217343815,0.137123964,8.877688328,6.83E-19,1.11E-18
MPHOSPH9,35.19162753,3.573284558,0.240432769,14.86188665,5.83E-50,1.60E-49
C12orf65,10.17789538,1.77076516,0.251747106,7.033904728,2.01E-12,2.91E-12
CDK2AP1,12.02096101,1.378870554,0.235034305,5.866677857,4.45E-09,6.00E-09
SBNO1,95.39648866,5.037800493,0.163755072,30.76424089,7.89E-208,1.38E-206
SNRNP35,147.4082523,5.70831172,0.213977426,26.67716785,8.66E-157,9.74E-156
DDX55,24.00712886,3.065964662,0.227195488,13.49483074,1.68E-41,3.97E-41
GTF2H3,38.87351865,3.762824234,0.26538751,14.17860334,1.24E-45,3.18E-45
TCTN2,75.87634785,4.830872808,0.21500658,22.46848817,8.44E-112,5.68E-111
ATP6V0A2,194.0505205,6.169992954,0.220217237,28.01775668,9.87E-173,1.29E-171
DNAH10,40.08767011,3.90152319,0.250369252,15.58307642,9.49E-55,2.83E-54
CCDC92,35.93304008,3.607429472,0.262233596,13.7565496,4.65E-43,1.13E-42
DNAH10OS,20.69558177,2.92983936,0.21558654,13.59008482,4.59E-42,1.10E-41
ZNF664,73.46101542,4.677606703,0.179577233,26.04788278,1.42E-149,1.48E-148
NCOR2,2.769346328,-0.420582953,0.169588732,-2.480017081,0.013137609,0.01478049
UBC,199.2000311,4.415896168,0.147553921,29.92733865,8.68E-197,1.38E-195
BRI3BP,174.5582696,5.995640065,0.188197121,31.85829862,1.01E-222,2.03E-221
TMEM132B,28.98902603,3.341189767,0.265511679,12.58396534,2.59E-36,5.62E-36
LINC00939,164.0166404,5.948940908,0.185165421,32.12770985,1.81E-226,3.69E-225
TMEM132C,80.25952909,4.913014644,0.218363106,22.49928903,4.22E-112,2.85E-111
SLC15A4,13.27902179,2.216672982,0.217123418,10.20927637,1.80E-24,3.24E-24
FZD10-AS1,4.509297673,0.628061578,0.223739168,2.807115009,0.004998739,0.005729413
FZD10,17.17703683,2.65810165,0.253294509,10.49411478,9.19E-26,1.69E-25
RAN,106.6616373,3.613687921,0.200964128,17.98175601,2.71E-72,1.07E-71
SFSWAP,15.01097872,2.310180121,0.245563878,9.407654499,5.07E-21,8.59E-21
ULK1,14.19429531,2.308549477,0.254401902,9.074419108,1.14E-19,1.89E-19
EP400,73.85700039,4.695141121,0.235863219,19.90620305,3.60E-88,1.79E-87
DDX51,40.69272214,3.912165573,0.209048919,18.71411531,3.80E-78,1.64E-77
NOC4L,25.08065248,3.161697894,0.245016989,12.90399456,4.27E-38,9.53E-38
FBRSL1,30.02274387,3.446577504,0.243420502,14.158945,1.64E-45,4.19E-45
POLE,5.474095803,0.868779393,0.223443841,3.888133101,0.000101018,0.000122379
PGAM5,26.06325374,3.261643376,0.265754427,12.27314787,1.26E-34,2.67E-34
ANKLE2,11.93840951,1.892936708,0.205779455,9.198861507,3.62E-20,6.03E-20
GOLGA3,56.1626012,4.173234179,0.251191811,16.61373497,5.54E-62,1.86E-61
CHFR,67.53861636,4.608410197,0.233411132,19.74374636,9.08E-87,4.44E-86
ZNF605,150.605925,5.792563677,0.186918695,30.98975031,7.41E-211,1.34E-209
ZNF26,29.68981835,3.453089347,0.257018766,13.43516431,3.76E-41,8.84E-41
ZNF84,51.79708497,4.253957891,0.218964865,19.42758207,4.51E-84,2.13E-83
ZNF140,22.09918291,2.975076254,0.219720026,13.54030539,9.04E-42,2.15E-41
ZNF891,23.62712134,3.128194626,0.248746377,12.57583995,2.87E-36,6.23E-36
ZNF10,39.44662684,3.812973931,0.278300628,13.70091745,1.00E-42,2.43E-42
ZNF268,1.678670651,-1.259805073,0.142412973,-8.846139817,9.06E-19,1.47E-18
MPHOSPH8,51.80339528,4.083788911,0.245230436,16.65286324,2.88E-62,9.69E-62
PSPC1,25.20885846,3.105568224,0.241308484,12.86970179,6.67E-38,1.48E-37
ZMYM5,97.86206759,5.156930702,0.217319413,23.72972869,1.78E-124,1.38E-123
ZMYM2,10.17203103,1.708896957,0.168716452,10.12881044,4.12E-24,7.36E-24
CRYL1,12.7411051,2.164554768,0.189517721,11.42138453,3.27E-30,6.46E-30
IFT88,12.27219725,2.057744311,0.229361619,8.971615726,2.92E-19,4.78E-19
XPO4,60.53842971,4.459500437,0.204578657,21.79846373,2.40E-105,1.51E-104
LATS2,32.61174837,3.446369712,0.281487138,12.24343582,1.82E-34,3.84E-34
LATS2-AS1,7.112965359,1.319758932,0.22821199,5.783039421,7.34E-09,9.87E-09
SAP18,53.94599858,3.451634059,0.241136778,14.31400922,1.79E-46,4.65E-46
SKA3,5.447162978,0.862290857,0.227323507,3.793232245,0.000148699,0.000179283
LINC00539,108.2871172,5.347923116,0.207250111,25.80419905,7.96E-147,8.02E-146
ZDHHC20,8.792334447,1.537079283,0.2348554,6.544790055,5.96E-11,8.39E-11
MICU2,73.63987439,4.575673778,0.21487593,21.29449206,1.28E-100,7.59E-100
FGF9,36.9336248,3.783579919,0.263238389,14.37320727,7.62E-47,1.99E-46
LINC00621,34.14722672,3.667693446,0.251852183,14.56288128,4.84E-48,1.29E-47
SACS,310.8584075,6.64059849,0.144517971,45.94998417,0,0
TNFRSF19,53.06933658,4.278028083,0.23085367,18.531341,1.15E-76,4.87E-76
MIPEP,44.4517435,3.96964861,0.22048123,18.00447416,1.80E-72,7.13E-72
SPATA13,4.525262093,0.583618314,0.216575447,2.694757519,0.007043987,0.008029584
PARP4,64.06250443,4.500315181,0.238372913,18.87930605,1.69E-79,7.41E-79
CENPJ,1.800492944,-1.24572847,0.134255633,-9.278779887,1.71E-20,2.88E-20
PABPC3,6.507556876,1.182233193,0.235778053,5.014178282,5.33E-07,6.84E-07
AMER2,2.394657743,-0.504976109,0.172052021,-2.935019921,0.003335263,0.003846719
MTMR6,132.4549952,5.51340187,0.182274144,30.24785502,5.57E-201,9.22E-200
ATP8A2,4.803548056,0.67808055,0.214704361,3.158205765,0.001587435,0.001850106
SHISA2,62.91771087,4.537064077,0.237066789,19.13833689,1.21E-81,5.50E-81
RNF6,12.82670671,2.087411152,0.224471785,9.299213951,1.41E-20,2.38E-20
CDK8,88.33270597,4.946539031,0.25204271,19.62579691,9.31E-86,4.49E-85
WASF3,43.14523213,3.946237567,0.252881372,15.60509397,6.72E-55,2.01E-54
WASF3-AS1,6.885866761,1.275798022,0.232210391,5.494146983,3.93E-08,5.18E-08
USP12,42.6270282,3.949641428,0.232499076,16.98777255,1.01E-64,3.54E-64
RPL21,38.78314794,0.69855523,0.186635765,3.742879773,0.000181923,0.000218759
GTF3A,15.6481958,2.012133059,0.244920138,8.215465972,2.11E-16,3.28E-16
MTIF3,7.450657735,1.209302285,0.230009798,5.257612055,1.46E-07,1.90E-07
LNX2,25.11073698,3.173319967,0.231803525,13.68969679,1.17E-42,2.83E-42
POLR1D,8.83021641,1.238153649,0.18715558,6.615638427,3.70E-11,5.23E-11
CDX2,60.58500131,4.504152098,0.223082841,20.19049102,1.19E-90,6.10E-90
PAN3,54.35860505,4.260110753,0.229378071,18.57244131,5.37E-77,2.28E-76
POMP,59.78031672,3.052579858,0.173903146,17.5533332,5.61E-69,2.11E-68
SLC7A1,26.66989422,3.128697351,0.257871057,12.13279765,7.08E-34,1.48E-33
UBL3,27.92923428,3.142998154,0.252243696,12.46016531,1.23E-35,2.65E-35
KATNAL1,9.354613531,1.629507143,0.242958355,6.706940134,1.99E-11,2.83E-11
HMGB1,25.97723909,1.525951156,0.201080312,7.58876462,3.23E-14,4.85E-14
HSPH1,64.57225144,4.34089233,0.236843653,18.32809228,4.94E-75,2.03E-74
FRY,21.189902,2.903568312,0.242670038,11.96508779,5.41E-33,1.12E-32
BRCA2,25.0127606,3.113653499,0.252517447,12.33044897,6.21E-35,1.32E-34
PDS5B,31.56283667,3.444387429,0.235936597,14.59878403,2.86E-48,7.65E-48
STARD13,8.151348953,1.225947429,0.228110784,5.374351047,7.69E-08,1.01E-07
RFC3,68.78211093,4.491983715,0.201239918,22.3215342,2.28E-110,1.52E-109
NBEA,9.721004246,1.754267836,0.239362837,7.328906439,2.32E-13,3.43E-13
DCLK1,29.48643091,3.44201924,0.25351658,13.57709716,5.48E-42,1.31E-41
RFXAP,42.09798521,3.930700299,0.214733867,18.3049854,7.55E-75,3.09E-74
SMAD9,38.7446831,3.737613648,0.259207235,14.41940327,3.91E-47,1.03E-46
ALG5,49.98807556,4.098385266,0.229108423,17.88840937,1.45E-71,5.66E-71
EXOSC8,32.80830675,3.377623012,0.229940842,14.6890956,7.57E-49,2.04E-48
SUPT20H,28.11525824,3.309000379,0.245471766,13.48016691,2.05E-41,4.83E-41
POSTN,57.85258538,3.776430542,0.191865885,19.68265776,3.04E-86,1.48E-85
TRPC4,7.237122055,1.341148384,0.219310823,6.11528591,9.64E-10,1.32E-09
UFM1,15.07299251,2.029968325,0.228538762,8.882380872,6.54E-19,1.06E-18
FREM2,56.27470134,4.387214763,0.221360888,19.81928608,2.03E-87,1.00E-86
PROSER1,11.38809397,2.023171089,0.229092504,8.831240884,1.04E-18,1.67E-18
NHLRC3,16.5017431,2.575761377,0.251954661,10.22311461,1.56E-24,2.81E-24
COG6,101.7061434,5.202412978,0.205532214,25.3119103,2.36E-141,2.26E-140
FOXO1,100.0878774,5.222579251,0.2040541,25.59409125,1.78E-144,1.75E-143
MRPS31,6.34571042,0.96039094,0.221185955,4.342006893,1.41E-05,1.75E-05
SLC25A15,5.350682486,0.854782546,0.230728371,3.704713659,0.00021163,0.000254002
ELF1,17.43038802,2.571870238,0.232449266,11.06422179,1.87E-28,3.59E-28
WBP4,57.43145777,4.223607373,0.242133278,17.44331637,3.87E-68,1.43E-67
KBTBD6,124.9757649,5.544042877,0.22242868,24.92503613,3.98E-137,3.65E-136
KBTBD7,168.8220416,5.968880547,0.246501228,24.21440488,1.57E-129,1.31E-128
MTRF1,14.61772657,2.385509128,0.231024085,10.32580271,5.39E-25,9.77E-25
NAA16,9.018836928,1.666872581,0.245806378,6.781242186,1.19E-11,1.70E-11
VWA8,5.224433586,0.668378346,0.211990124,3.152874929,0.001616711,0.001884024
DGKH,8.046511459,1.400507326,0.235456094,5.948061483,2.71E-09,3.68E-09
AKAP11,40.65650873,3.817883153,0.270882056,14.09426381,4.12E-45,1.04E-44
DNAJC15,40.64449388,3.528071713,0.212744952,16.58357427,9.16E-62,3.06E-61
CCDC122,124.7436946,5.540772653,0.233145492,23.76530041,7.63E-125,5.95E-124
TSC22D1,48.67152915,3.562306681,0.210186372,16.94832375,1.98E-64,6.89E-64
NUFIP1,1941.704903,9.464632223,0.170899194,55.38137416,0,0
GPALPP1,8.4669336,1.536289283,0.236888745,6.485277654,8.86E-11,1.24E-10
GTF2F2,30.73442427,3.271557362,0.214391335,15.25974619,1.42E-52,4.08E-52
TPT1-AS1,11.96591265,2.087001212,0.237134859,8.800904364,1.36E-18,2.19E-18
SLC25A30,39.2843613,3.851252897,0.271860871,14.16626411,1.48E-45,3.78E-45
COG3,23.56954991,3.035300547,0.239573098,12.66962181,8.71E-37,1.91E-36
ZC3H13,8.898729869,1.459397342,0.235418666,6.199157307,5.68E-10,7.81E-10
CPB2-AS1,6.007417229,1.071401152,0.228817476,4.682339712,2.84E-06,3.57E-06
LRCH1,26.94297656,3.236426194,0.251766699,12.85486209,8.08E-38,1.79E-37
ESD,10.21361852,1.383043334,0.238583525,5.7968937,6.76E-09,9.09E-09
SUCLA2,21.57317227,2.799766517,0.266901089,10.48990294,9.61E-26,1.77E-25
LINC00562,24.63605388,3.189760796,0.23901198,13.34561054,1.26E-40,2.92E-40
NUDT15,112.7030498,5.273145075,0.21473638,24.55636573,3.70E-133,3.22E-132
MED4,43.12782388,3.749985647,0.22701094,16.51896442,2.68E-61,8.87E-61
ITM2B,30.91898817,2.786164649,0.239684101,11.62431983,3.10E-31,6.23E-31
RB1,74.77646779,4.665574401,0.273637535,17.05019892,3.48E-65,1.23E-64
LPAR6,203.4952403,6.226942893,0.238373164,26.12266746,2.02E-150,2.12E-149
RCBTB2,7.304471992,1.337758578,0.228744758,5.84825895,4.97E-09,6.70E-09
FNDC3A,14.649419,2.087555899,0.242151473,8.620868072,6.64E-18,1.06E-17
CDADC1,13.57745516,2.266835761,0.239620804,9.460095805,3.08E-21,5.23E-21
CAB39L,38.7195824,3.797437779,0.237059373,16.01893119,9.43E-58,2.94E-57
SETDB2,146.0068902,5.780191886,0.19538599,29.58345116,2.44E-192,3.71E-191
PHF11,2.504696223,-0.596623093,0.182266697,-3.273352198,0.0010628,0.001246009
EBPL,556.1688813,7.609373498,0.178419817,42.64870149,0,0
KPNA3,5.219314807,0.686353749,0.201436904,3.407289004,0.000656116,0.000775747
SPRYD7,13.36826298,2.124924601,0.231361416,9.184438101,4.14E-20,6.88E-20
DLEU2,259.3767348,6.370536194,0.211257148,30.155364,9.12E-200,1.49E-198
TRIM13,79.34817078,4.810567188,0.187414362,25.66808192,2.66E-145,2.64E-144
KCNRG,19.58151951,2.839683783,0.237559919,11.95354754,6.22E-33,1.28E-32
DLEU1,13.73876305,2.137120121,0.247852927,8.622533326,6.55E-18,1.04E-17
RNASEH2B-AS1,36.97118061,3.773390263,0.239199904,15.77504925,4.62E-56,1.40E-55
RNASEH2B,4.685723446,0.508456839,0.217779518,2.334732129,0.019557419,0.021885299
FAM124A,283.0755556,6.726886256,0.204092682,32.95995809,3.05E-238,6.76E-237
INTS6,41.50929225,3.827330324,0.251009909,15.24772601,1.70E-52,4.89E-52
INTS6-AS1,11.25161305,2.017684916,0.240323332,8.395709628,4.63E-17,7.27E-17
WDFY2,9.927344926,1.596508619,0.217850901,7.328446267,2.33E-13,3.44E-13
DHRS12,146.777002,5.756729531,0.209896502,27.4265149,1.32E-165,1.63E-164
ALG11,43.00408288,3.994398929,0.252124113,15.84298654,1.57E-56,4.81E-56
UTP14C,13.77181436,2.325413749,0.1798732,12.92807237,3.13E-38,6.99E-38
NEK5,39.95006024,3.898114541,0.251434182,15.50351866,3.28E-54,9.70E-54
NEK3,12.62173979,2.155639616,0.248036103,8.690830057,3.60E-18,5.76E-18
THSD1,19.1142084,2.814935937,0.235782421,11.93870147,7.44E-33,1.53E-32
VPS36,9.878992461,1.688240902,0.252693908,6.680971921,2.37E-11,3.37E-11
CKAP2,38.20751743,3.747299209,0.248694382,15.06788844,2.63E-51,7.41E-51
HNRNPA1L2,17.53888672,2.685634641,0.198765096,13.51160088,1.34E-41,3.17E-41
SUGT1,11.0587167,1.61614729,0.238046024,6.789221943,1.13E-11,1.61E-11
PCDH8,134.6611417,5.662726124,0.20815042,27.20497095,5.67E-163,6.79E-162
PCDH17,7.717042438,1.455323851,0.241390143,6.028928242,1.65E-09,2.25E-09
DIAPH3,58.27733074,4.071338316,0.254056486,16.0253272,8.50E-58,2.66E-57
TDRD3,112.9367674,5.342639958,0.248694766,21.48271971,2.26E-102,1.38E-101
LINC00355,32.55780078,3.576261126,0.204230396,17.51091513,1.18E-68,4.43E-68
PCDH9,19.77707491,2.77861623,0.237665684,11.69128072,1.41E-31,2.85E-31
DACH1,28.58050191,3.406924925,0.231972907,14.68673632,7.84E-49,2.11E-48
MZT1,78.8272097,4.674008367,0.237862246,19.65006406,5.77E-86,2.80E-85
BORA,23.36453445,3.089981894,0.243912919,12.66838141,8.85E-37,1.94E-36
DIS3,42.38260474,3.888677876,0.225837805,17.21889689,1.92E-66,6.91E-66
PIBF1,47.54668256,3.952755657,0.183136753,21.58362864,2.56E-103,1.57E-102
KLF12,48.17077673,3.823902525,0.265752791,14.38894586,6.07E-47,1.59E-46
TBC1D4,11.00591869,1.839069627,0.235137248,7.821260306,5.23E-15,7.95E-15
COMMD6,101.923423,4.598799104,0.209027178,22.00096247,2.82E-107,1.81E-106
UCHL3,64.0917528,4.243520879,0.230708598,18.39342324,1.48E-75,6.13E-75
LMO7,2.201617128,-1.348506495,0.151174871,-8.920176258,4.66E-19,7.58E-19
KCTD12,76.48290032,4.788790298,0.228902973,20.92061208,3.48E-97,1.98E-96
CLN5,7.375352222,1.286536659,0.208346805,6.174976677,6.62E-10,9.08E-10
FBXL3,8.954718686,1.640303693,0.230652095,7.111592436,1.15E-12,1.67E-12
MYCBP2,4.591878179,0.489210008,0.215245963,2.272795276,0.02303852,0.025706636
SLAIN1,118.4260059,5.476673137,0.227068304,24.119056,1.58E-128,1.30E-127
EDNRB,63.82408027,4.580206503,0.279253573,16.40160392,1.86E-60,6.07E-60
POU4F1,10.62697988,1.935251141,0.227919267,8.490950198,2.05E-17,3.24E-17
RBM26,56.12259658,4.114787345,0.213271605,19.29364837,6.07E-83,2.83E-82
RBM26-AS1,24.55999663,3.175638193,0.244638625,12.98093543,1.57E-38,3.53E-38
NDFIP2,2.138565502,-0.845742404,0.15631164,-5.410616918,6.28E-08,8.24E-08
SPRY2,34.39482525,3.407672493,0.188721177,18.0566513,6.99E-73,2.78E-72
SLITRK5,21.1883495,2.966132449,0.242190559,12.24710188,1.74E-34,3.67E-34
MIR17HG,26.7831356,3.31302085,0.249415143,13.2831584,2.90E-40,6.69E-40
GPC6,17.25320947,1.952983636,0.153505949,12.72252735,4.43E-37,9.75E-37
GPR180,81.90332666,4.855172993,0.164023357,29.60049771,1.47E-192,2.25E-191
SOX21,26.53704436,3.298670846,0.244710563,13.47988742,2.05E-41,4.85E-41
ABCC4,8.577664111,1.540205178,0.240894952,6.393679762,1.62E-10,2.26E-10
CLDN10,21.46803708,2.984354483,0.232432172,12.83967905,9.83E-38,2.18E-37
DZIP1,23.29995136,3.064428681,0.255958232,11.9723779,4.96E-33,1.02E-32
DNAJC3,7.951971751,1.349434205,0.23517153,5.73808489,9.58E-09,1.28E-08
UGGT2,113.5729763,5.219914721,0.197370926,26.44723222,3.93E-154,4.25E-153
MBNL2,4.715334285,0.579537258,0.224471777,2.581782291,0.009829157,0.011130903
RAP2A,12.01541827,2.060322525,0.24145551,8.532928182,1.43E-17,2.26E-17
IPO5,7.57579062,1.191607589,0.21615602,5.512719885,3.53E-08,4.67E-08
FARP1,4.915707396,0.472120806,0.209926523,2.248981215,0.024513691,0.027304991
STK24,15.94307149,2.340520617,0.253190528,9.244108137,2.37E-20,3.97E-20
UBAC2,16.07086749,2.384235958,0.24450189,9.751400951,1.82E-22,3.16E-22
GPR18,183.3788653,6.109731692,0.170089434,35.92070093,1.45E-282,4.63E-281
GPR183,9.1993254,1.715440223,0.238562503,7.190737021,6.44E-13,9.45E-13
TM9SF2,6.889274479,1.141531355,0.227536277,5.016920237,5.25E-07,6.75E-07
LINC00449,534.8201388,7.657011357,0.150910854,50.73863925,0,0
CLYBL,22.99097938,3.065238026,0.248801814,12.31999873,7.07E-35,1.50E-34
ZIC5,46.02646117,4.104489124,0.236829693,17.3309735,2.75E-67,1.01E-66
ZIC2,10.8864073,1.975742981,0.223915148,8.823623584,1.11E-18,1.79E-18
PCCA,94.20566871,4.999091678,0.205812884,24.28949826,2.53E-130,2.13E-129
TMTC4,28.33011254,3.394173025,0.228510232,14.85348375,6.60E-50,1.82E-49
FGF14,110.5613583,5.322847602,0.278447537,19.11615977,1.85E-81,8.40E-81
FGF14-IT1,22.08146314,3.027112819,0.228115499,13.27008829,3.45E-40,7.95E-40
TPP2,5.073673303,0.70914267,0.220091115,3.222041343,0.001272808,0.001488366
TEX30,30.10062813,3.35120337,0.228596266,14.65992175,1.16E-48,3.13E-48
BIVM,23.83686367,3.098977779,0.256953846,12.06044521,1.71E-33,3.55E-33
ERCC5,52.43783136,4.19736285,0.233499889,17.9758666,3.01E-72,1.19E-71
EFNB2,49.92086111,4.211400658,0.259429404,16.23332046,2.93E-59,9.39E-59
ARGLU1,67.9114662,4.422164363,0.245682227,17.99952896,1.96E-72,7.79E-72
FAM155A,67.44107685,4.117778041,0.167705801,24.55358141,3.96E-133,3.45E-132
MYO16,30.23090519,3.491007258,0.262454272,13.3013924,2.27E-40,5.25E-40
IRS2,66.28513203,4.551599692,0.222877949,20.42193817,1.07E-92,5.63E-92
COL4A1,5.871595345,0.758432808,0.228512364,3.31900119,0.0009034,0.001062226
COL4A2,11.92133173,1.775653931,0.240790212,7.374277857,1.65E-13,2.45E-13
CARS2,5.764523649,0.736847855,0.227732836,3.235580198,0.001213958,0.001421385
ING1,110.0761564,5.349695106,0.239431684,22.34330488,1.40E-110,9.36E-110
ANKRD10,460.2542244,7.285837171,0.181591338,40.12216242,0,0
SOX1,10.7933254,1.969195468,0.238369527,8.261104065,1.44E-16,2.25E-16
TUBGCP3,6.715184068,1.112034089,0.229328926,4.849079051,1.24E-06,1.58E-06
ATP11A,23.00638794,3.012780419,0.232501988,12.95808455,2.11E-38,4.74E-38
ATP11A-AS1,22.93416504,3.084727315,0.235419985,13.1030818,3.16E-39,7.18E-39
MCF2L,4.371243014,0.561067772,0.214844702,2.611503875,0.009014497,0.010222198
PCID2,41.98114698,3.799136271,0.236126481,16.08941213,3.03E-58,9.54E-58
CUL4A,112.6568144,5.210347649,0.219398386,23.74834086,1.14E-124,8.89E-124
DCUN1D2,74.96236201,4.802472093,0.19801131,24.25352421,6.07E-130,5.09E-129
TMCO3,139.5119009,5.529607043,0.202550765,27.29985759,4.26E-164,5.18E-163
TFDP1,51.17358352,4.044045291,0.169102048,23.91482155,2.15E-126,1.73E-125
RASA3,50.46127685,4.029233779,0.153726028,26.21048514,2.02E-151,2.14E-150
CDC16,1184.081341,8.659122332,0.151674145,57.09029922,0,0
UPF3A,22.62262358,2.898358819,0.264414783,10.96140989,5.86E-28,1.12E-27
CHAMP1,11.67991596,1.924555997,0.246593966,7.804554297,5.97E-15,9.07E-15
POTEM,30.6035258,3.508188767,0.255677917,13.72112543,7.59E-43,1.84E-42
AL589743.1,155.1855,5.868569662,0.202290551,29.01059706,4.84E-185,7.02E-184
POTEG,172.4411573,6.020795848,0.260563732,23.1068069,3.96E-118,2.86E-117
TTC5,19.9722608,2.837813073,0.229647259,12.3572695,4.45E-35,9.51E-35
CCNB1IP1,9.690349028,1.663047494,0.239109554,6.955169566,3.52E-12,5.08E-12
PARP2,12.47290644,2.075936379,0.252392243,8.225040327,1.95E-16,3.03E-16
TEP1,26.08753628,3.228861279,0.221813547,14.55664599,5.30E-48,1.41E-47
OSGEP,10.11187046,1.812643852,0.229096604,7.912137578,2.53E-15,3.87E-15
PNP,37.28328331,3.440727535,0.221175631,15.55653994,1.44E-54,4.27E-54
ANG,13.57999003,2.306407043,0.233908516,9.860295312,6.19E-23,1.09E-22
RNASE1,194.0404101,6.19185959,0.185123356,33.447209,2.83E-245,6.66E-244
METTL17,19.49520498,2.755881017,0.241066465,11.43203813,2.89E-30,5.72E-30
ARHGEF40,5.851138305,0.991338154,0.214944708,4.612061227,3.99E-06,5.00E-06
ZNF219,124.5946555,5.528676195,0.250209062,22.09622682,3.44E-108,2.23E-107
LINC00641,8.47725459,1.596439129,0.246496277,6.476524297,9.39E-11,1.32E-10
HNRNPC,6.885469793,0.516468411,0.21290102,2.425861616,0.015272092,0.017153483
SUPT16H,29.37918437,3.226709734,0.204618672,15.76938069,5.05E-56,1.54E-55
CHD8,14.21063835,2.275758396,0.236100788,9.638927581,5.48E-22,9.43E-22
RAB2B,6.832388865,1.223120568,0.23323047,5.244257195,1.57E-07,2.04E-07
TOX4,1.926250957,-1.077316146,0.152498248,-7.064449324,1.61E-12,2.34E-12
METTL3,5.55216659,0.867183102,0.217897109,3.9797825,6.90E-05,8.40E-05
SALL2,19.11940334,2.815499417,0.245619672,11.4628417,2.03E-30,4.02E-30
TRAV8-5,31.71422891,3.557697428,0.173661769,20.48635944,2.85E-93,1.51E-92
DAD1,11.8753861,1.025581247,0.213570614,4.802070983,1.57E-06,1.99E-06
ABHD4,14.09233617,2.350789578,0.246247648,9.54644479,1.34E-21,2.30E-21
OXA1L,167.4047715,5.814224214,0.175297558,33.16774222,3.14E-241,7.18E-240
SLC7A7,2.388725498,-0.478478884,0.180710963,-2.647757926,0.008102752,0.009208482
MRPL52,22.27015267,2.324393917,0.241479758,9.625626344,6.23E-22,1.07E-21
LRP10,24.33814178,2.976194502,0.267800985,11.11345613,1.08E-28,2.08E-28
RBM23,30.85306766,3.454703437,0.25369271,13.61766936,3.14E-42,7.55E-42
PRMT5-AS1,15.80785775,2.533818579,0.251398576,10.07888993,6.85E-24,1.22E-23
PRMT5,77.56995728,4.771148325,0.23836872,20.01583231,4.01E-89,2.02E-88
HAUS4,5.193002723,0.793121107,0.224349127,3.535209233,0.000407452,0.000484909
AJUBA,39.25447563,3.829035756,0.253070289,15.13032512,1.02E-51,2.90E-51
C14orf93,28.97223306,3.417524876,0.271428752,12.59087276,2.37E-36,5.16E-36
PSMB5,105.950347,4.515828815,0.18952396,23.82721859,1.74E-125,1.38E-124
ACIN1,63.58257101,4.372215472,0.238688104,18.31769322,5.98E-75,2.45E-74
SLC7A8,17.34411657,2.671241943,0.2537503,10.52704938,6.48E-26,1.20E-25
HOMEZ,11.77161806,2.098762058,0.251354826,8.349798132,6.84E-17,1.07E-16
PPP1R3E,14.91078556,2.438389402,0.251702358,9.687590616,3.40E-22,5.89E-22
BCL2L2,22.23629494,2.992121216,0.178559593,16.75698945,5.03E-63,1.71E-62
PABPN1,11.41574743,1.912447254,0.243963772,7.839062494,4.54E-15,6.91E-15
SLC22A17,26.34454947,3.264766687,0.232250124,14.05711491,6.97E-45,1.76E-44
EFS,48.21203155,4.117971242,0.214712204,19.17902743,5.54E-82,2.53E-81
NGDN,8.269753623,1.487811489,0.240024321,6.198586399,5.70E-10,7.84E-10
ZFHX2,35.98532917,3.73455424,0.202523867,18.44006983,6.27E-76,2.61E-75
AP1G2,24.41005393,3.163763491,0.246624906,12.82824003,1.14E-37,2.52E-37
JPH4,6.522798944,1.191267549,0.224832126,5.298475673,1.17E-07,1.52E-07
DHRS4-AS1,39.96911342,3.868317928,0.231074205,16.7405874,6.63E-63,2.25E-62
DHRS4L2,41.11301944,3.80490571,0.251002005,15.15886582,6.62E-52,1.88E-51
PCK2,97.02570324,5.188118496,0.237973699,21.80122647,2.26E-105,1.42E-104
DCAF11,30.7938233,3.462869519,0.25455933,13.60338871,3.82E-42,9.16E-42
PSME1,17.63760296,2.393049108,0.240872729,9.934910922,2.93E-23,5.17E-23
EMC9,13.17392039,2.203958963,0.245809797,8.966115229,3.07E-19,5.03E-19
PSME2,20.95603319,2.581090344,0.238056246,10.84235504,2.17E-27,4.10E-27
RNF31,37.40925142,3.758133016,0.220066323,17.07727457,2.19E-65,7.76E-65
REC8,14.36596139,2.383157789,0.253478774,9.401804133,5.36E-21,9.07E-21
IPO4,151.4297911,5.758930127,0.222463713,25.88705388,9.32E-148,9.45E-147
TM9SF1,512.8864551,7.502598553,0.196369826,38.20647351,0,0
CHMP4A,34.89543637,3.528658373,0.24024096,14.68799644,7.70E-49,2.08E-48
MDP1,127.3605979,5.488680796,0.243340186,22.55558722,1.18E-112,8.05E-112
NEDD8,91.01512515,3.951393717,0.239458911,16.50134337,3.59E-61,1.18E-60
GMPR2,139.9440855,5.718550596,0.230905921,24.76571661,2.10E-135,1.87E-134
TINF2,2.601410512,-0.433008738,0.176239914,-2.456927769,0.014013086,0.015750772
RABGGTA,4.510034638,0.525295116,0.213439923,2.461091202,0.013851515,0.015570776
DHRS1,100.0539618,5.211961621,0.216642507,24.05789014,6.90E-128,5.63E-127
NOP9,48.90440291,4.160600367,0.246145173,16.90303457,4.27E-64,1.48E-63
LTB4R,16.69205266,2.601653451,0.231626985,11.23208271,2.84E-29,5.51E-29
NFATC4,69.47167818,4.670901545,0.225357524,20.7266279,1.99E-95,1.10E-94
NYNRIN,16.08116126,2.5490162,0.250746683,10.16570258,2.82E-24,5.05E-24
KHNYN,44.24445874,3.99327943,0.235213295,16.97726919,1.21E-64,4.23E-64
SDR39U1,118.9798857,5.377956217,0.16376347,32.83977935,1.59E-236,3.49E-235
STXBP6,19.47402714,2.823373255,0.250589429,11.26692878,1.91E-29,3.72E-29
NOVA1,50.83906342,4.195410894,0.240390818,17.45245901,3.30E-68,1.22E-67
LINC00645,14.40897207,2.394677534,0.233236752,10.2671535,9.91E-25,1.79E-24
PRKD1,9.257471044,1.608407517,0.231890458,6.936065985,4.03E-12,5.81E-12
G2E3,85.06317788,4.821418486,0.1852276,26.02969803,2.28E-149,2.38E-148
SCFD1,45.97391863,3.870948852,0.255610154,15.1439557,8.31E-52,2.36E-51
COCH,29.49290367,3.453631474,0.182278,18.94705596,4.67E-80,2.07E-79
STRN3,20.6091096,2.767602671,0.238808645,11.58920637,4.67E-31,9.38E-31
AP4S1,5.046511809,0.702860976,0.224748576,3.12732116,0.001764071,0.002052229
HECTD1,32.68495784,3.398366668,0.277825285,12.232028,2.10E-34,4.42E-34
HEATR5A,97.31031545,5.171114787,0.255122137,20.26917321,2.41E-91,1.25E-90
DTD2,85.78426912,4.976464103,0.221551944,22.46183899,9.80E-112,6.59E-111
NUBPL,12.84355911,2.157690097,0.227989989,9.463968596,2.96E-21,5.04E-21
ARHGAP5,6.714823239,1.195247262,0.208018565,5.745868212,9.15E-09,1.23E-08
AKAP6,16.56626425,2.59319391,0.233311042,11.11475004,1.06E-28,2.05E-28
NPAS3,8.476683279,1.579413853,0.209254314,7.547819798,4.43E-14,6.63E-14
EGLN3,77.00388576,4.85247212,0.196875901,24.6473647,3.93E-134,3.45E-133
SPTSSA,35.12357982,3.527193951,0.269715013,13.07748467,4.43E-39,1.00E-38
EAPP,68.6903729,4.574076134,0.202196918,22.62188855,2.64E-113,1.81E-112
SNX6,11.06523488,1.446071535,0.20037723,7.216745822,5.32E-13,7.82E-13
CFL2,93.76956013,4.899574498,0.234553467,20.88894509,6.75E-97,3.82E-96
BAZ1A,6.530471521,1.022917239,0.227296205,4.500370953,6.78E-06,8.45E-06
SRP54,65.5093512,4.312915109,0.191647757,22.50438604,3.76E-112,2.54E-111
FAM177A1,74.60140022,4.424021056,0.230437594,19.19834773,3.82E-82,1.75E-81
PPP2R3C,384.1658029,7.016761983,0.168665369,41.60167581,0,0
PSMA6,26.01513296,2.596122755,0.238474979,10.88635279,1.34E-27,2.54E-27
NFKBIA,234.551315,6.392045371,0.185611778,34.43771423,6.88E-260,1.85E-258
RALGAPA1,2.167345735,-0.826504117,0.160435878,-5.151616507,2.58E-07,3.35E-07
BRMS1L,20.29959934,2.873247972,0.238391865,12.05262594,1.88E-33,3.90E-33
MBIP,114.4199536,5.374974244,0.247835127,21.68770143,2.68E-104,1.66E-103
SLC25A21,12.36890458,2.137234256,0.231338437,9.238560978,2.50E-20,4.18E-20
SLC25A21-AS1,20.65398305,2.909868888,0.263278169,11.05245034,2.13E-28,4.09E-28
MIPOL1,237.876637,6.465362669,0.22305048,28.98609616,9.85E-185,1.43E-183
SEC23A,104.0357251,5.086758742,0.211322743,24.07104253,5.03E-128,4.13E-127
GEMIN2,2.461771554,-0.542512094,0.163248845,-3.323221633,0.000889842,0.00104651
TRAPPC6B,71.36679037,4.668264353,0.203197075,22.97407254,8.47E-117,6.02E-116
PNN,65.46024911,4.294890073,0.218803155,19.62901346,8.74E-86,4.22E-85
FBXO33,22.37606152,3.025650337,0.232027763,13.0400358,7.24E-39,1.63E-38
KLHL28,123.0000915,5.403944776,0.149956639,36.03671573,2.23E-284,7.25E-283
PRPF39,14.62842845,2.365229474,0.252229715,9.377283229,6.77E-21,1.14E-20
FKBP3,88.13893348,4.698190446,0.226030159,20.7856795,5.83E-96,3.25E-95
FANCM,231.9338479,6.427630832,0.228159667,28.17163484,1.30E-174,1.74E-173
MIS18BP1,28.26167216,3.245171561,0.243119537,13.3480493,1.22E-40,2.83E-40
MDGA2,5.839995672,1.03204395,0.226346583,4.559573804,5.13E-06,6.41E-06
LINC00648,5.173879335,0.829996591,0.227258559,3.652212678,0.00025999,0.000311324
RPS29,45.68214382,1.687592115,0.233903413,7.214910167,5.40E-13,7.93E-13
LRR1,5.980281713,0.96718588,0.229536762,4.213642596,2.51E-05,3.09E-05
RPL36AL,12.39678504,0.599768061,0.209119582,2.868062643,0.004129938,0.004746633
DNAAF2,4.749887631,0.671839211,0.209675234,3.204189636,0.001354432,0.001582622
KLHDC2,32.39427001,3.486670213,0.199968434,17.43610301,4.39E-68,1.63E-67
NEMF,81.62125234,4.704484734,0.220001153,21.38390947,1.89E-101,1.14E-100
ARF6,11.19495994,1.697198625,0.246874899,6.874731418,6.21E-12,8.93E-12
VCPKMT,7.338610789,1.326892976,0.215843316,6.147482341,7.87E-10,1.08E-09
SOS2,12.89317702,2.084060177,0.242361376,8.59897815,8.04E-18,1.28E-17
L2HGDH,14.0045245,2.337663371,0.272675465,8.573060902,1.01E-17,1.60E-17
CDKL1,14.08946685,2.315094949,0.262242747,8.828060926,1.07E-18,1.72E-18
MAP4K5,10.57337904,1.668097989,0.237567581,7.021572466,2.19E-12,3.18E-12
ATL1,32.38342909,3.580214384,0.264048848,13.55890932,7.02E-42,1.67E-41
SAV1,45.60096995,4.006475796,0.232699626,17.21737104,1.97E-66,7.09E-66
PYGL,108.5316422,5.308088174,0.20838341,25.47270041,3.96E-143,3.84E-142
ABHD12B,50.93018576,4.241671326,0.262851912,16.13711422,1.40E-58,4.43E-58
TRIM9,81.82668688,4.941093736,0.250970149,19.68797387,2.73E-86,1.33E-85
TMX1,8.505711501,1.448785129,0.24374099,5.94395358,2.78E-09,3.77E-09
FRMD6,179.177797,5.736599506,0.190121085,30.17339983,5.29E-200,8.69E-199
GNG2,34.35617197,3.644438729,0.220243228,16.54733613,1.67E-61,5.57E-61
NID2,156.6026673,5.859447438,0.215765209,27.15659053,2.12E-162,2.52E-161
TXNDC16,13.3528726,2.281026137,0.244737447,9.320298807,1.16E-20,1.95E-20
GPR137C,87.08808033,5.009166178,0.244972833,20.44784365,6.28E-93,3.33E-92
PSMC6,12.53862862,1.798517746,0.217613959,8.264716818,1.40E-16,2.18E-16
GNPNAT1,38.35487205,3.536251031,0.232617831,15.20197749,3.43E-52,9.81E-52
FERMT2,36.56892502,3.41244186,0.163012787,20.93358389,2.65E-97,1.51E-96
DDHD1,7.267312662,1.220237993,0.234901163,5.194686901,2.05E-07,2.66E-07
BMP4,14.20636034,2.365470364,0.245363585,9.640674133,5.38E-22,9.28E-22
CDKN3,5.826495478,0.923352704,0.213364859,4.327576289,1.51E-05,1.86E-05
CNIH1,40.09765709,3.524245941,0.19463472,18.10697468,2.81E-73,1.13E-72
GMFB,563.6493383,7.568504075,0.175328924,43.16745869,0,0
CGRRF1,35.83073176,3.70629326,0.265374201,13.96629082,2.50E-44,6.25E-44
SAMD4A,8.518090168,1.368878632,0.230697325,5.933656286,2.96E-09,4.01E-09
WDHD1,111.7484725,5.348941504,0.239879667,22.29843646,3.83E-110,2.54E-109
SOCS4,19.84822615,2.742297041,0.207421672,13.22088002,6.65E-40,1.52E-39
DLGAP5,183.7937114,6.039542205,0.20462953,29.51451921,1.87E-191,2.84E-190
FBXO34,8.179580213,1.545069624,0.243340942,6.349402662,2.16E-10,3.00E-10
ATG14,424.1521762,7.300304058,0.211293925,34.55046837,1.40E-261,3.81E-260
KTN1-AS1,8.639726818,1.596857818,0.225755323,7.07340052,1.51E-12,2.20E-12
KTN1,123.094342,5.176951975,0.215140776,24.06309058,6.09E-128,4.98E-127
AL163952.1,41.10626116,3.939502812,0.257956875,15.27194348,1.18E-52,3.38E-52
PELI2,372.8175471,7.124622941,0.224932556,31.67448533,3.49E-220,6.88E-219
TMEM260,30.90022661,3.468166321,0.255229787,13.58840739,4.69E-42,1.12E-41
EXOC5,151.65185,5.660522685,0.170820012,33.1373509,8.62E-241,1.96E-239
AP5M1,12.74471703,2.15807199,0.208767811,10.33718741,4.78E-25,8.69E-25
NAA30,34.25342532,3.630815208,0.252869706,14.35844279,9.43E-47,2.46E-46
ACTR10,16.12416978,2.27897536,0.255185055,8.930677231,4.23E-19,6.90E-19
PSMA3,53.36189765,3.760417477,0.208738163,18.01499748,1.49E-72,5.90E-72
AL132989.1,10.34821835,1.902226265,0.250844131,7.583299876,3.37E-14,5.06E-14
ARID4A,11.57800149,2.00741692,0.220130692,9.119205041,7.57E-20,1.25E-19
TIMM9,24.07226581,2.945135175,0.23246161,12.66934,8.74E-37,1.92E-36
KIAA0586,24.504312,3.128901643,0.253416845,12.34685739,5.07E-35,1.08E-34
DAAM1,67.24493609,4.645895889,0.204685987,22.69767439,4.72E-114,3.27E-113
GPR135,37.92161872,3.810811696,0.258172442,14.76072219,2.62E-49,7.15E-49
L3HYPDH,63.54318155,4.428037328,0.202806854,21.83376569,1.11E-105,7.01E-105
JKAMP,6.830783114,1.152598652,0.224545875,5.133020832,2.85E-07,3.69E-07
LRRC9,6.695158658,1.230967429,0.228165474,5.395064422,6.85E-08,8.98E-08
DHRS7,52.41609989,4.159253023,0.255742384,16.26344825,1.79E-59,5.76E-59
PPM1A,4.699948618,0.577651704,0.18834297,3.067020262,0.002162042,0.002509567
C14orf39,64.63588818,4.598952363,0.220912892,20.81794466,2.98E-96,1.67E-95
SIX4,24.2055848,3.153000386,0.258329592,12.20533953,2.91E-34,6.13E-34
MNAT1,6.647906807,0.914521477,0.194497237,4.701976715,2.58E-06,3.25E-06
TRMT5,13.24598167,2.235748091,0.212735989,10.50949632,7.81E-26,1.44E-25
SLC38A6,48.9590761,4.108922075,0.243125228,16.90043483,4.47E-64,1.54E-63
HIF1A,15.42334657,1.762036562,0.19687397,8.950073789,3.55E-19,5.80E-19
SNAPC1,116.9860534,5.263375283,0.150034224,35.0811644,1.31E-269,3.73E-268
WDR89,35.34514234,3.706657231,0.247462997,14.97863229,1.01E-50,2.83E-50
SGPP1,148.7783541,5.764511776,0.242392371,23.78173767,5.16E-125,4.03E-124
SYNE2,44.73516574,4.039098092,0.188862062,21.38649792,1.78E-101,1.08E-100
ESR2,9.030197015,1.677415606,0.220873157,7.594474703,3.09E-14,4.64E-14
MTHFD1,2.298920439,-0.71677618,0.162455443,-4.412140126,1.02E-05,1.27E-05
ZBTB25,135.1564794,5.647982665,0.238681683,23.66324301,8.62E-124,6.62E-123
AKAP5,28.27534753,3.380916178,0.258320787,13.08805309,3.85E-39,8.74E-39
ZBTB1,4.836988115,0.645824754,0.212454153,3.039831157,0.002367108,0.002742615
PLEKHG3,7.371108825,1.356568806,0.225649823,6.01183192,1.83E-09,2.50E-09
SPTB,139.9080432,5.718107629,0.156277204,36.58951832,4.20E-293,1.43E-291
CHURC1,14.49212004,1.955964348,0.226690385,8.628351609,6.22E-18,9.93E-18
RAB15,1561.451663,9.182223816,0.197578539,46.47379149,0,0
FNTB,51.42725589,4.244559019,0.216984595,19.56156854,3.29E-85,1.57E-84
MAX,10.69630823,1.800377458,0.224795326,8.008963043,1.16E-15,1.78E-15
FUT8,67.79940874,4.442983864,0.253169429,17.54944854,6.01E-69,2.26E-68
FAM71D,162.9469245,5.939125496,0.196835312,30.17306922,5.34E-200,8.76E-199
MPP5,54.85212913,4.29666977,0.224332167,19.15315949,9.11E-82,4.14E-81
ATP6V1D,31.10347338,3.033342733,0.246575802,12.30186703,8.85E-35,1.88E-34
EIF2S1,59.31877219,4.110625657,0.236643234,17.37056068,1.38E-67,5.06E-67
PLEKHH1,69.23141952,4.699091417,0.228995353,20.52046625,1.41E-93,7.56E-93
ARG2,306.7918961,6.843752593,0.198568732,34.46540916,2.65E-260,7.14E-259
VTI1B,7.417996574,0.865810242,0.239206044,3.619516577,0.000295154,0.000352576
RDH11,128.9813164,5.423808067,0.243966637,22.23176146,1.69E-109,1.12E-108
ZFYVE26,9.033618556,1.686296443,0.235277337,7.16727104,7.65E-13,1.12E-12
RAD51B,119.5782498,5.258440485,0.195280395,26.92764162,1.04E-159,1.21E-158
ZFP36L1,6.085497036,0.87148464,0.225753961,3.860329352,0.000113234,0.000137057
ACTN1,24.12899593,2.612967283,0.233773241,11.17735831,5.26E-29,1.02E-28
DCAF5,12.51645671,2.139214143,0.199628211,10.71599116,8.56E-27,1.60E-26
EXD2,13.32087871,2.258031503,0.24353099,9.272049933,1.83E-20,3.06E-20
GALNT16,5.343881608,0.880443688,0.218107437,4.036743092,5.42E-05,6.61E-05
ERH,40.21335627,3.113863708,0.199241702,15.62857416,4.65E-55,1.39E-54
SLC39A9,333.2382336,6.857686385,0.170240689,40.28229928,0,0
PLEKHD1,92.49949585,5.118741994,0.247630857,20.67085685,6.34E-95,3.46E-94
SLC10A1,6.200221684,1.11489005,0.199083321,5.600117805,2.14E-08,2.85E-08
SMOC1,30.51266491,3.471643702,0.250982056,13.83223868,1.63E-43,4.00E-43
COX16,5.5487664,0.457588049,0.192881792,2.372375563,0.017674115,0.019810467
SYNJ2BP,17.63260068,2.620329733,0.246294526,10.63900922,1.96E-26,3.65E-26
MED6,28.81632568,3.135807385,0.257579711,12.17412416,4.27E-34,8.96E-34
SIPA1L1,158.0776133,5.543199639,0.194392529,28.51549733,7.53E-179,1.05E-177
DCAF4,15.97175498,2.529452065,0.247217295,10.23169544,1.43E-24,2.58E-24
ZFYVE1,109.8011856,5.356728911,0.233974013,22.89454645,5.27E-116,3.71E-115
RBM25,78.18958021,4.51120176,0.230273803,19.59059908,1.86E-85,8.91E-85
PSEN1,7.271262491,1.275154994,0.23623817,5.397751746,6.75E-08,8.85E-08
PAPLN,4.306046069,0.533135326,0.21211518,2.51342373,0.011956563,0.013496461
NUMB,10.62623125,1.580752894,0.237284781,6.661838532,2.70E-11,3.84E-11
DNAL1,17.61175801,2.650575563,0.209799277,12.63386416,1.37E-36,3.00E-36
PNMA1,2.534146807,-0.538854636,0.175661935,-3.067566316,0.002158096,0.002505254
ELMSAN1,13.71998756,2.293241744,0.16982527,13.50353656,1.49E-41,3.53E-41
PTGR2,43.26719922,4.015004658,0.25984782,15.45136939,7.39E-54,2.16E-53
ZNF410,26.67635212,3.159108731,0.274188481,11.52166831,1.03E-30,2.05E-30
COQ6,106.4070075,5.300288232,0.195488174,27.11308885,6.90E-162,8.16E-161
ENTPD5,14.39199021,2.394367625,0.228597891,10.47414571,1.14E-25,2.09E-25
ALDH6A1,34.84670784,3.68632407,0.233085854,15.81530585,2.44E-56,7.45E-56
LIN52,4.45131147,0.523516241,0.202122728,2.590090916,0.009595059,0.010871466
ABCD4,5.778373309,0.935069492,0.232237116,4.026356807,5.66E-05,6.91E-05
NPC2,101.2297805,4.859728311,0.227630481,21.34919844,3.97E-101,2.38E-100
ISCA2,57.5675932,4.338480539,0.261510946,16.59005331,8.22E-62,2.75E-61
AREL1,57.21327573,4.387120116,0.248603855,17.64703169,1.07E-69,4.07E-69
FCF1,44.56437682,4.004189204,0.255948861,15.64448922,3.62E-55,1.09E-54
YLPM1,31.09396126,3.487596721,0.234114041,14.89699938,3.45E-50,9.54E-50
DLST,40.08750124,3.726587713,0.26432312,14.09860672,3.87E-45,9.81E-45
PGF,16.55786964,2.276122193,0.253009169,8.996204379,2.34E-19,3.83E-19
EIF2B2,31.13495839,3.42038121,0.255157433,13.4049836,5.65E-41,1.32E-40
MLH3,6.430578453,1.074870046,0.223681101,4.805368189,1.54E-06,1.96E-06
ACYP1,7.807367983,1.354214681,0.23970291,5.649554622,1.61E-08,2.15E-08
NEK9,22.39453729,2.964301954,0.226388742,13.09385759,3.57E-39,8.10E-39
TMED10,9.923274019,1.303059491,0.235033125,5.544152507,2.95E-08,3.91E-08
FOS,6.648305403,1.150615148,0.228272863,5.040525325,4.64E-07,5.98E-07
JDP2,255.3086787,6.556726727,0.185391574,35.36690797,5.51E-274,1.64E-272
TTLL5,24.10460843,3.113262145,0.264319694,11.77839646,5.04E-32,1.03E-31
IFT43,11.95679088,1.918568252,0.257518184,7.450224371,9.32E-14,1.39E-13
GPATCH2L,66.05242259,4.454351744,0.232210934,19.18235147,5.20E-82,2.38E-81
VASH1,26.55000363,3.289391948,0.22932671,14.34369307,1.17E-46,3.04E-46
ANGEL1,4.352365312,0.545978503,0.209020579,2.61208014,0.008999316,0.010206048
IRF2BPL,74.91429403,4.718675561,0.249488697,18.91338411,8.85E-80,3.90E-79
POMT2,89.02718722,5.052190637,0.262471147,19.24855628,1.45E-82,6.71E-82
GSTZ1,16.67010121,2.488967394,0.253610013,9.814152691,9.79E-23,1.71E-22
TMED8,115.9499197,5.382387438,0.236318347,22.77600329,7.93E-115,5.53E-114
SAMD15,73.83587067,4.791615336,0.239405489,20.01464273,4.11E-89,2.07E-88
VIPAS39,4.382124662,0.508894309,0.20380358,2.496984147,0.012525456,0.014106389
AHSA1,15.68816081,2.109965747,0.233700489,9.028503767,1.74E-19,2.86E-19
SPTLC2,29.61962344,3.354130102,0.199976837,16.77259301,3.87E-63,1.32E-62
ALKBH1,242.462519,6.481293532,0.220125186,29.4436709,1.52E-190,2.29E-189
ADCK1,5.888243206,1.018366869,0.224050626,4.54525339,5.49E-06,6.85E-06
NRXN3,65.81860707,4.613959761,0.247775722,18.62151674,2.15E-77,9.17E-77
CEP128,26.05641613,3.1614884,0.201021437,15.72712065,9.86E-56,2.98E-55
GTF2A1,163.0319939,5.897279312,0.170538274,34.58038582,4.98E-262,1.36E-260
STON2,7.346796306,1.379040983,0.230379259,5.985959787,2.15E-09,2.92E-09
SEL1L,8.14803438,1.37275618,0.216309178,6.346268779,2.21E-10,3.06E-10
FLRT2,17.81343567,2.389004867,0.23744295,10.0613847,8.18E-24,1.45E-23
GALC,20.63407607,2.932485802,0.237803476,12.33155146,6.13E-35,1.30E-34
SPATA7,11.62856066,2.031446843,0.218861418,9.281886516,1.67E-20,2.79E-20
PTPN21,6.775612809,1.135428533,0.191992667,5.913916154,3.34E-09,4.52E-09
TTC8,7.276342245,1.320302771,0.216737942,6.091701157,1.12E-09,1.53E-09
FOXN3,12.72341564,2.090527243,0.239290897,8.736342523,2.41E-18,3.87E-18
EFCAB11,34.80973755,3.664350884,0.236325153,15.5055475,3.18E-54,9.40E-54
TDP1,127.4856052,5.562545553,0.226432719,24.56599722,2.92E-133,2.55E-132
PSMC1,46.83869919,3.657465603,0.226499265,16.14780343,1.18E-58,3.73E-58
CALM1,4.776209578,-0.932716222,0.180610455,-5.164242703,2.41E-07,3.13E-07
TTC7B,40.0193579,3.845432743,0.235908448,16.30053005,9.78E-60,3.16E-59
RPS6KA5,2.345551567,-0.522344977,0.182052858,-2.86919405,0.004115192,0.004730186
CCDC88C,252.8157022,6.573969972,0.234364346,28.05021364,3.97E-173,5.21E-172
TRIP11,8.672057943,1.510836166,0.23261192,6.495093476,8.30E-11,1.17E-10
ATXN3,14.86838406,2.334522434,0.229799364,10.15895951,3.02E-24,5.41E-24
NDUFB1,25.85886286,2.582899331,0.224960017,11.48159288,1.63E-30,3.25E-30
CPSF2,7.381133537,1.256899409,0.229819173,5.469079848,4.52E-08,5.96E-08
LGMN,41.8678036,3.850540831,0.220366861,17.47332071,2.29E-68,8.51E-68
GOLGA5,42.099715,3.900185933,0.255763697,15.24917719,1.67E-52,4.79E-52
ITPK1,57.89049837,4.417364624,0.231493727,19.08200574,3.56E-81,1.61E-80
MOAP1,6.42990982,1.135333628,0.228835633,4.961349828,7.00E-07,8.96E-07
TMEM251,253.1277321,6.462078137,0.193832201,33.33851702,1.07E-243,2.50E-242
UBR7,10.92443839,1.904040615,0.254983646,7.467304831,8.19E-14,1.22E-13
FAM181A,103.3649803,5.279836637,0.259562293,20.34130837,5.54E-92,2.91E-91
OTUB2,88.39699676,5.031439338,0.265844486,18.92625053,6.93E-80,3.06E-79
IFI27L1,32.00560331,3.327525068,0.270623025,12.29579436,9.54E-35,2.02E-34
IFI27L2,2.75500075,-0.905677418,0.166899579,-5.426481155,5.75E-08,7.55E-08
PPP4R4,9.661023146,1.794076746,0.210541221,8.521261256,1.58E-17,2.50E-17
DICER1,2.088676399,-0.790994806,0.16920124,-4.674875952,2.94E-06,3.70E-06
DICER1-AS1,8.603303964,1.627718583,0.244754081,6.650424699,2.92E-11,4.14E-11
CLMN,140.9221187,5.729275832,0.203685745,28.12801574,4.45E-174,5.91E-173
SNHG10,37.96895719,3.780699438,0.216232749,17.48439795,1.88E-68,7.03E-68
GLRX5,13.31148471,1.972916597,0.182036394,10.83803383,2.27E-27,4.29E-27
TCL6,15.30110986,2.481557691,0.175029508,14.17793899,1.25E-45,3.21E-45
C14orf132,15.67791507,2.37512245,0.22788698,10.4223701,1.96E-25,3.58E-25
GSKIP,64.34405324,4.508066294,0.198977989,22.65610539,1.21E-113,8.36E-113
AK7,123.1295523,5.522450989,0.188145895,29.35196115,2.26E-189,3.38E-188
PAPOLA,5.467912507,0.613204848,0.202648135,3.025958506,0.002478463,0.002870717
VRK1,182.5864735,5.959727104,0.173871216,34.27667468,1.75E-257,4.59E-256
AL162151.3,14.78307511,2.434944238,0.264361865,9.210648582,3.24E-20,5.41E-20
SETD3,5.028984243,0.672951673,0.21293999,3.160287891,0.001576133,0.001837132
CCNK,8.463809879,1.437895722,0.210015181,6.846627551,7.56E-12,1.09E-11
CYP46A1,7441.502324,11.44635086,0.158180351,72.3626594,0,0
EML1,663.7103665,7.852753849,0.1452357,54.069033,0,0
EVL,11.57472791,2.015241801,0.248567098,8.107435858,5.17E-16,7.99E-16
YY1,4.926920536,0.442028305,0.215290268,2.053173648,0.040055739,0.044074696
SLC25A29,13.32277914,2.272566567,0.253751807,8.955863597,3.37E-19,5.51E-19
WARS,7.649818428,1.271623598,0.230294727,5.521722598,3.36E-08,4.44E-08
WDR25,2.472556732,-0.492072399,0.176234277,-2.792149215,0.00523592,0.005993047
PPP2R5C,204.9456313,6.088335304,0.226527107,26.87685107,4.10E-159,4.72E-158
DYNC1H1,6.595680584,0.93779689,0.149731649,6.263184131,3.77E-10,5.21E-10
HSP90AA1,21.10839666,0.63660377,0.199772494,3.186643748,0.001439339,0.001680208
MOK,2.065026141,-1.673386457,0.127378417,-13.13712709,2.02E-39,4.59E-39
ZNF839,16.87095662,2.626862855,0.18246486,14.39654112,5.44E-47,1.43E-46
TECPR2,293.0099582,6.743634131,0.228815851,29.47188365,6.60E-191,9.98E-190
RCOR1,5.610970238,0.894984876,0.226774849,3.946579078,7.93E-05,9.63E-05
TRAF3,4.782569295,0.574290753,0.213950166,2.684226725,0.007269779,0.008281756
CDC42BPB,6.027704201,0.852250507,0.207318955,4.11081807,3.94E-05,4.82E-05
TNFAIP2,12.84918945,2.211647245,0.25762284,8.584825969,9.10E-18,1.45E-17
EIF5,55.37021524,3.595192131,0.152241875,23.61500164,2.70E-123,2.06E-122
MARK3,13.97982713,2.172027069,0.221969858,9.785234291,1.30E-22,2.27E-22
BAG5,7.623894267,1.333310975,0.150077654,8.884140597,6.44E-19,1.05E-18
KLC1,3.224541217,-0.438313488,0.184242735,-2.379000121,0.01735967,0.019464036
ZFYVE21,62.71844514,4.451836015,0.220772766,20.164788,2.00E-90,1.03E-89
SIVA1,101.1983758,4.871256778,0.198083905,24.59188588,1.54E-133,1.35E-132
AKT1,1.789663396,-1.322837084,0.145586593,-9.086256175,1.03E-19,1.69E-19
CDCA4,6.689900684,1.07143762,0.159917439,6.699942324,2.09E-11,2.96E-11
BRF1,20.61241906,2.871001751,0.221339177,12.97105096,1.79E-38,4.01E-38
BTBD6,52.07371182,4.08002402,0.220485426,18.50473337,1.89E-76,7.94E-76
CRIP2,13.89300638,2.059489823,0.232961091,8.840488397,9.53E-19,1.54E-18
NIPA1,87.90800044,5.023534186,0.239278849,20.99447653,7.37E-98,4.24E-97
NIPA2,4.221904939,0.384803718,0.153697122,2.503649461,0.012291975,0.013853488
CYFIP1,94.20742617,4.973260895,0.258607303,19.23093754,2.04E-82,9.38E-82
TUBGCP5,65.16002676,4.524769116,0.193186234,23.42179885,2.56E-121,1.92E-120
NDN,9.03329056,1.589838954,0.225426265,7.052589694,1.76E-12,2.55E-12
NPAP1,18.76909226,2.790793885,0.264141551,10.56552396,4.31E-26,7.96E-26
SNRPN,29.37152565,3.121484533,0.233188071,13.38612443,7.29E-41,1.70E-40
SNURF,6.370031717,1.166128846,0.214339922,5.440558331,5.31E-08,6.99E-08
SNHG14,433.5963041,7.083324174,0.145103801,48.81556585,0,0
UBE3A,29.24756281,3.256454855,0.252510048,12.89633773,4.72E-38,1.05E-37
GABRB3,84.36123216,4.985359338,0.265871734,18.75099416,1.90E-78,8.24E-78
HERC2,2.110366365,-0.794217516,0.157972512,-5.027567798,4.97E-07,6.39E-07
APBA2,28.57374867,3.407975576,0.251616645,13.54431692,8.56E-42,2.03E-41
TJP1,2.406875243,-0.851816535,0.157943099,-5.393186149,6.92E-08,9.07E-08
CHRFAM7A,21.91757971,3.019687712,0.242175216,12.4690204,1.10E-35,2.38E-35
ARHGAP11B,32.22140769,3.539302993,0.231222744,15.30689815,6.88E-53,1.98E-52
FAN1,15.24901483,2.446694307,0.243894389,10.03177777,1.11E-23,1.96E-23
MTMR10,10.54502288,1.913505827,0.238296842,8.029925255,9.75E-16,1.50E-15
ARHGAP11A,142.8047461,5.661911493,0.170331826,33.24047911,2.80E-242,6.44E-241
SCG5,19.06062159,2.29381579,0.199288101,11.51004893,1.17E-30,2.34E-30
GREM1,112.2886476,4.626194924,0.176308364,26.23922547,9.49E-152,1.01E-150
RYR3,6.830021601,1.257648198,0.206626322,6.086582701,1.15E-09,1.58E-09
EMC7,7.325833199,1.001305019,0.182869344,5.47552147,4.36E-08,5.75E-08
KATNBL1,14.42030004,2.205988205,0.209256594,10.5420248,5.53E-26,1.02E-25
EMC4,94.90038233,4.899668569,0.173080794,28.30856304,2.71E-176,3.68E-175
SLC12A6,18.81988697,2.728004389,0.233377242,11.68924771,1.45E-31,2.92E-31
NOP10,4.73322434,-0.598065367,0.187878081,-3.183263119,0.001456252,0.001699221
LPCAT4,38.52908361,3.81062052,0.184639075,20.6382128,1.25E-94,6.76E-94
GOLGA8A,549.3263828,7.631195861,0.154229248,49.47956337,0,0
GOLGA8B,143.5222652,5.628503769,0.173982514,32.35097381,1.34E-229,2.81E-228
AQR,5.203824265,0.755755124,0.205389424,3.679620447,0.000233581,0.000280071
ZNF770,1.715213158,-1.2924957,0.135362305,-9.548416782,1.32E-21,2.25E-21
DPH6,51.60879622,4.175037293,0.212833995,19.61640237,1.12E-85,5.39E-85
C15orf41,11.33957706,1.998236104,0.252005402,7.929338386,2.20E-15,3.37E-15
MEIS2,66.32661134,4.50833251,0.23829871,18.91882888,7.98E-80,3.52E-79
SPRED1,168.371668,5.782727242,0.191022098,30.27255637,2.63E-201,4.38E-200
FAM98B,1151.289746,8.710753649,0.16350107,53.27643208,0,0
RASGRP1,4.974131567,0.73428969,0.191093002,3.842577614,0.000121749,0.000147149
THBS1,4.740421057,0.443090321,0.208443933,2.125705051,0.033527826,0.037041823
FSIP1,66.2715369,4.634501563,0.228474042,20.28458693,1.76E-91,9.15E-91
EIF2AK4,12.65981935,1.996053013,0.223984172,8.911580642,5.03E-19,8.18E-19
SRP14,167.8555935,4.037315871,0.17704309,22.80414267,4.17E-115,2.92E-114
SRP14-AS1,30.75353318,3.515346257,0.260866658,13.47564415,2.18E-41,5.13E-41
BMF,9.679483966,1.797870607,0.219756499,8.181194246,2.81E-16,4.35E-16
BUB1B,75.16907292,4.784814097,0.209920938,22.7934104,5.33E-115,3.72E-114
KNSTRN,1029.941496,8.499296996,0.167294349,50.80444775,0,0
BAHD1,202.9606391,6.245518949,0.209459437,29.8173194,2.33E-195,3.66E-194
CHST14,14.77727655,2.407277327,0.224308875,10.73197539,7.20E-27,1.35E-26
RPUSD2,12.28666781,2.082041348,0.235956013,8.823853736,1.11E-18,1.79E-18
RAD51-AS1,190.4143353,6.164033388,0.215522797,28.60037767,6.65E-180,9.37E-179
RAD51,112.7477376,5.340993654,0.27075246,19.72648248,1.28E-86,6.23E-86
RMDN3,51.25149804,4.144700987,0.254114097,16.31039377,8.33E-60,2.69E-59
GCHFR,27.04146436,3.326728396,0.190386107,17.47358802,2.28E-68,8.48E-68
DNAJC17,52.73055804,4.249641445,0.236183488,17.99296588,2.21E-72,8.75E-72
ZFYVE19,54.16558296,4.329943495,0.196613296,22.02263821,1.75E-107,1.13E-106
VPS18,123.7468724,5.487389575,0.239721982,22.89063992,5.76E-116,4.05E-115
CHAC1,38.66191353,3.849234092,0.228680346,16.8323783,1.41E-63,4.85E-63
INO80,7.862616786,1.32731857,0.202191272,6.564668001,5.21E-11,7.35E-11
EXD1,17.4238509,2.675778871,0.216570107,12.35525486,4.56E-35,9.75E-35
CHP1,68.33735991,4.524306754,0.248803095,18.1842865,6.87E-74,2.78E-73
OIP5-AS1,36.33603506,3.605180964,0.2629369,13.71120203,8.70E-43,2.11E-42
OIP5,11.12025166,1.966534932,0.241290934,8.150057282,3.64E-16,5.63E-16
NUSAP1,114.2457275,5.222235094,0.191666032,27.2465342,1.83E-163,2.20E-162
NDUFAF1,132.6501302,5.587842136,0.210748025,26.51432738,6.63E-155,7.27E-154
RTF1,8.209332564,1.219150116,0.233037215,5.23156834,1.68E-07,2.19E-07
RPAP1,17.48478241,2.661877164,0.218229963,12.19757877,3.20E-34,6.73E-34
TYRO3,34.74783638,3.693076828,0.223638628,16.51359093,2.93E-61,9.69E-61
MGA,57.09240788,4.333100165,0.259718553,16.68382991,1.72E-62,5.79E-62
EHD4,23.84373448,3.025329516,0.224463185,13.4780655,2.11E-41,4.97E-41
VPS39,4.846635792,0.680913323,0.223440038,3.047409633,0.002308229,0.002675537
TMEM87A,9.620665929,1.605263907,0.228763219,7.017141644,2.26E-12,3.28E-12
ZNF106,351.8573955,6.897157272,0.181375287,38.02699582,0,0
SNAP23,14.51709552,2.332593682,0.24633749,9.469097364,2.82E-21,4.80E-21
LRRC57,7.56239203,1.410536074,0.240651228,5.861329229,4.59E-09,6.20E-09
HAUS2,20.38153076,2.765421101,0.217762319,12.69926367,5.97E-37,1.31E-36
STARD9,9.162904064,1.691550919,0.210795164,8.024619188,1.02E-15,1.56E-15
CDAN1,7.214553288,1.333666,0.21802349,6.117074817,9.53E-10,1.31E-09
TTBK2,47.58767525,4.120868047,0.245714752,16.7709428,3.98E-63,1.35E-62
UBR1,8.951534186,1.530343695,0.229667423,6.663303279,2.68E-11,3.80E-11
TMEM62,23.0374326,3.047109001,0.223494294,13.6339454,2.52E-42,6.05E-42
CCNDBP1,55.84358814,4.254843836,0.206596186,20.59497762,3.04E-94,1.64E-93
EPB42,30.42505441,3.500347311,0.260623611,13.43066076,4.00E-41,9.39E-41
ADAL,4.319517738,0.474773609,0.2130526,2.228433773,0.025851603,0.028759875
ZSCAN29,4.59756106,0.621510508,0.189703848,3.276214556,0.001052086,0.001233582
TUBGCP4,18.51284336,2.768690079,0.251752146,10.99768212,3.92E-28,7.48E-28
TP53BP1,138.8944565,5.655908964,0.235877498,23.97816245,4.70E-127,3.79E-126
PPIP5K1,60.8099493,4.50948246,0.242740858,18.57735242,4.90E-77,2.08E-76
CKMT1B,2.019146309,-0.822099233,0.15645762,-5.254453129,1.48E-07,1.93E-07
CATSPER2,28.20335862,3.344159195,0.240553801,13.90191791,6.17E-44,1.53E-43
PDIA3,7.2688244,0.552292558,0.211539441,2.61082546,0.009032398,0.010241429
HYPK,12.75934518,2.202983504,0.238068357,9.253575435,2.17E-20,3.64E-20
MFAP1,6.467655048,1.067474663,0.209598182,5.092957647,3.53E-07,4.55E-07
WDR76,12.03784521,2.042586017,0.230082055,8.877641575,6.83E-19,1.11E-18
FRMD5,16.65266051,2.343428825,0.240157627,9.757877983,1.71E-22,2.96E-22
CASC4,68.24842771,4.571790564,0.253540429,18.03180098,1.10E-72,4.36E-72
CTDSPL2,9.710890064,1.738947655,0.220296323,7.89367536,2.93E-15,4.48E-15
EIF3J,90.80399956,4.762282741,0.172382103,27.62631776,5.37E-168,6.79E-167
SPG11,28.86124526,3.366965274,0.250831895,13.42319433,4.42E-41,1.04E-40
TRIM69,121.3166051,5.489754739,0.163411745,33.59461541,2.01E-247,4.87E-246
SORD,13.78973037,2.267323724,0.259190237,8.747720419,2.18E-18,3.50E-18
DUOX2,31.45909721,3.549643539,0.282830808,12.55041332,3.95E-36,8.58E-36
DUOX1,6.271868183,1.122970198,0.218781268,5.132844371,2.85E-07,3.69E-07
SHF,37.7509944,3.815275512,0.228299532,16.71170976,1.08E-62,3.64E-62
SLC28A2,96.91256918,5.18635504,0.22198875,23.36314358,1.01E-120,7.56E-120
GATM,65.57941719,4.608371833,0.189885041,24.2692727,4.14E-130,3.47E-129
SPATA5L1,9.036793773,1.664961767,0.222751391,7.474529169,7.75E-14,1.16E-13
SLC30A4,5.708720363,0.946965526,0.205947043,4.598102082,4.26E-06,5.34E-06
BLOC1S6,5.054898632,0.60795733,0.209475908,2.902278044,0.003704596,0.004265446
SEMA6D,16.93275925,2.626600967,0.232830599,11.28116743,1.63E-29,3.17E-29
SLC24A5,104.9350791,5.301372717,0.25344315,20.91740387,3.72E-97,2.12E-96
MYEF2,213.3927352,6.328788668,0.225416112,28.07602621,1.92E-173,2.53E-172
DUT,12.32059292,1.732581907,0.201902354,8.581286324,9.38E-18,1.49E-17
FBN1,7.281494276,0.748204789,0.224138795,3.338131582,0.000843438,0.000993011
CEP152,49.01616954,4.164527738,0.257343143,16.18278104,6.67E-59,2.12E-58
EID1,42.09878541,3.217432112,0.262321124,12.26524219,1.39E-34,2.94E-34
SECISBP2L,4.239633939,0.46549027,0.203443829,2.288053032,0.022134433,0.024720688
COPS2,26.08002046,3.03205603,0.236590327,12.81563817,1.34E-37,2.96E-37
GALK2,10.07881397,1.741607575,0.24663217,7.061558821,1.65E-12,2.39E-12
FAM227B,56.10769404,4.348271847,0.235137107,18.49249529,2.37E-76,9.95E-76
DTWD1,36.28971079,3.661639833,0.254386788,14.3939859,5.64E-47,1.48E-46
GABPB1,9.189646608,1.635287845,0.232029212,7.047767102,1.82E-12,2.64E-12
GABPB1-AS1,13.158718,2.211779364,0.23858041,9.270582442,1.85E-20,3.10E-20
USP8,4.867666848,0.553212295,0.217940587,2.538362879,0.011137244,0.012587191
TRPM7,36.27445553,3.629543198,0.243714332,14.89261285,3.68E-50,1.02E-49
SPPL2A,61.94595381,4.341826409,0.23017316,18.86330448,2.28E-79,1.00E-78
AP4E1,1.940468606,-0.969318467,0.154344978,-6.280207349,3.38E-10,4.68E-10
CYP19A1,20.75022412,2.937218427,0.25285843,11.61605895,3.42E-31,6.86E-31
GLDN,43.64405295,4.026983494,0.236915495,16.99755222,8.56E-65,3.00E-64
DMXL2,185.6942946,6.07463815,0.207514463,29.27332419,2.27E-188,3.38E-187
SCG3,5.147521514,0.838497435,0.222129552,3.774812606,0.000160128,0.000192913
TMOD2,29.60827301,3.426787502,0.20004885,17.12975356,8.90E-66,3.17E-65
LEO1,24.23101412,3.025661194,0.212827498,14.21649562,7.24E-46,1.86E-45
MAPK6,152.3546431,5.629278001,0.212046122,26.5474225,2.75E-155,3.04E-154
GNB5,6.687772944,1.141858431,0.227160157,5.02666685,4.99E-07,6.42E-07
MYO5C,68.42545987,4.681275862,0.219384094,21.33826469,5.01E-101,3.00E-100
MYO5A,26.56406331,3.132382907,0.241042285,12.99515939,1.30E-38,2.93E-38
ARPP19,88.582761,4.83646876,0.228622596,21.1548152,2.49E-99,1.45E-98
FAM214A,12.20836905,2.115436313,0.234383863,9.025520297,1.79E-19,2.94E-19
ONECUT1,6.859306016,1.277268799,0.238105411,5.364299766,8.13E-08,1.06E-07
WDR72,31.19438283,3.535290663,0.240667992,14.68949247,7.53E-49,2.03E-48
RSL24D1,10.38259092,1.526745418,0.229412833,6.655013138,2.83E-11,4.02E-11
RAB27A,62.95070929,4.51576606,0.251504061,17.95504232,4.38E-72,1.73E-71
PIGB,18.69170529,2.759145538,0.226344612,12.19002086,3.51E-34,7.38E-34
CCPG1,21.26352413,2.711361303,0.218557262,12.40572506,2.43E-35,5.22E-35
C15orf65,6.985818604,1.265582477,0.228203862,5.545841621,2.93E-08,3.88E-08
PYGO1,1236.043846,8.834198371,0.16543032,53.40132565,0,0
PRTG,9.256886778,1.723408606,0.225764622,7.633652213,2.28E-14,3.43E-14
NEDD4,24.82173912,2.946779677,0.239919115,12.28238807,1.13E-34,2.39E-34
RFX7,54.09650505,4.263099471,0.226383399,18.83132547,4.18E-79,1.83E-78
TEX9,4.937625378,0.74797776,0.2182745,3.426775728,0.000610793,0.000723026
MNS1,9.758247197,1.757138134,0.240033683,7.3203815,2.47E-13,3.65E-13
TCF12,20.92009443,2.63830705,0.246942699,10.68388358,1.21E-26,2.26E-26
POLR2M,96.92107956,5.124032875,0.192364086,26.63715966,2.52E-156,2.82E-155
ADAM10,7.67559896,1.332769849,0.238286329,5.59314442,2.23E-08,2.96E-08
SLTM,35.31901908,3.337611109,0.244344495,13.65944877,1.77E-42,4.28E-42
CCNB2,54.02022087,4.264912392,0.234516922,18.18594733,6.67E-74,2.70E-73
MYO1E,6.850851651,1.044872832,0.219204167,4.766665008,1.87E-06,2.37E-06
GTF2A2,22.03771785,2.395316234,0.258253773,9.27504836,1.78E-20,2.98E-20
ANXA2,271.6890095,3.875606637,0.146356729,26.48054962,1.62E-154,1.77E-153
RORA,73.8699277,4.521555718,0.24286038,18.61792244,2.30E-77,9.80E-77
VPS13C,12.33802701,2.032764419,0.243658675,8.342672056,7.26E-17,1.14E-16
TLN2,32.77758596,3.410431648,0.233736583,14.59091942,3.21E-48,8.57E-48
TPM1,61.97202847,2.321671455,0.236394456,9.821175559,9.13E-23,1.60E-22
LACTB,19.33505472,2.648747847,0.253928997,10.43105704,1.79E-25,3.27E-25
RPS27L,20.62748993,1.282771495,0.198754627,6.454045948,1.09E-10,1.52E-10
RAB8B,17.3263002,2.59396025,0.250436336,10.35776316,3.86E-25,7.02E-25
APH1B,64.0451696,4.532068258,0.193556707,23.41467949,3.03E-121,2.27E-120
CA12,16.71035988,2.481028632,0.243189589,10.20203474,1.94E-24,3.49E-24
USP3-AS1,6.345716112,0.988061635,0.22531341,4.385276644,1.16E-05,1.43E-05
HERC1,12.85686426,2.117389846,0.219306378,9.654939672,4.68E-22,8.08E-22
SNX1,2.578777834,-0.466852342,0.165693961,-2.817557972,0.004839038,0.00554988
SNX22,7.168185768,1.336915381,0.218865845,6.108378324,1.01E-09,1.38E-09
PPIB,26.71984028,1.928928724,0.188293908,10.24424395,1.26E-24,2.26E-24
CSNK1G1,12.20077484,1.946230594,0.213055911,9.134835004,6.55E-20,1.09E-19
TRIP4,38.65841323,3.783977302,0.191410615,19.76889994,5.52E-87,2.71E-86
ZNF609,2.433266004,-0.614968328,0.169131676,-3.636032835,0.000276869,0.000331243
RBPMS2,47.63110751,4.143197233,0.23460674,17.66017992,8.50E-70,3.23E-69
PIF1,5.370089826,0.888151867,0.23183612,3.830946907,0.000127651,0.00015418
ANKDD1A,5.744784199,0.968555684,0.22041968,4.394143413,1.11E-05,1.38E-05
SPG21,24.49703263,3.042581589,0.226898163,13.40945888,5.32E-41,1.25E-40
MTFMT,20.57494382,2.840562532,0.250932545,11.32002441,1.04E-29,2.04E-29
PDCD7,5.328826962,0.724772604,0.220726366,3.283579649,0.001024977,0.001202315
CLPX,23.10930304,2.978539912,0.230917173,12.89873713,4.58E-38,1.02E-37
PARP16,8.503684416,1.599389818,0.219555974,7.284656329,3.22E-13,4.75E-13
IGDCC3,8.664033942,1.632210557,0.234385753,6.963778871,3.31E-12,4.78E-12
IGDCC4,137.8858271,5.697211415,0.232889537,24.46314886,3.65E-132,3.13E-131
DPP8,13.74863587,2.185760636,0.230644818,9.476738546,2.62E-21,4.46E-21
SLC24A1,88.61666534,5.045418911,0.196899963,25.62427553,8.18E-145,8.11E-144
DENND4A,21.4862012,2.912011931,0.247523198,11.76460208,5.94E-32,1.21E-31
MEGF11,32.95387014,3.607063937,0.246030218,14.66106062,1.14E-48,3.08E-48
DIS3L,38.02758539,3.804436258,0.253124851,15.02988046,4.68E-51,1.31E-50
TIPIN,26.95742866,3.268724507,0.246862328,13.2410827,5.08E-40,1.17E-39
MAP2K1,4.730171676,0.537496817,0.20757689,2.589386602,0.009614708,0.010892594
SNAPC5,104.7482807,5.266935897,0.233654811,22.54152557,1.63E-112,1.11E-111
ZWILCH,4.899431305,0.589767305,0.218910245,2.694105546,0.007057781,0.008044464
LCTL,32.13216383,3.568513431,0.243085788,14.68005787,8.65E-49,2.33E-48
SMAD3,197.019046,6.097943142,0.213529084,28.55790428,2.24E-179,3.15E-178
AAGAB,121.5838537,5.4312035,0.209280337,25.95180982,1.73E-148,1.78E-147
IQCH,164.5003445,5.909171246,0.153844416,38.41004708,0,0
PIAS1,8.861379484,1.578381415,0.197273713,8.000971824,1.23E-15,1.89E-15
CALML4,132.7937557,5.631798441,0.244425684,23.0409438,1.81E-117,1.30E-116
CLN6,95.47879652,5.132217783,0.253884657,20.21476144,7.26E-91,3.74E-90
FEM1B,13.24586284,2.203989689,0.22143996,9.952989932,2.45E-23,4.32E-23
ANP32A,7.279455772,1.041750606,0.169485634,6.146542228,7.92E-10,1.09E-09
GLCE,33.70509308,3.56119335,0.18911341,18.83099326,4.21E-79,1.84E-78
KIF23,15.48322818,2.428126244,0.229874413,10.56283827,4.43E-26,8.19E-26
TLE3,97.1232751,5.135090456,0.246509134,20.83123802,2.26E-96,1.27E-95
UACA,2.704326592,-0.405481062,0.179263885,-2.261922766,0.023702176,0.026422735
SENP8,610.7453786,7.83789576,0.169923294,46.12608183,0,0
PARP6,16.18296923,2.509675581,0.241428665,10.39510192,2.61E-25,4.76E-25
HEXA,9.344566605,1.581042453,0.224551373,7.040894166,1.91E-12,2.77E-12
ARIH1,17.54051795,2.531893768,0.247111847,10.24594249,1.23E-24,2.23E-24
BBS4,22.11505883,2.967283546,0.249353719,11.89989691,1.18E-32,2.43E-32
ADPGK,23.12665293,3.052483724,0.25989703,11.74497347,7.49E-32,1.52E-31
NEO1,36.30271664,3.747682633,0.231450514,16.19215515,5.73E-59,1.83E-58
NPTN,14.63605775,2.230582926,0.247737172,9.003828176,2.18E-19,3.58E-19
CD276,6.467003756,1.075916624,0.226229393,4.755865763,1.98E-06,2.50E-06
LOXL1-AS1,68.9259535,4.659612376,0.24696003,18.86788066,2.10E-79,9.17E-79
PML,207.6677527,6.226676335,0.213019692,29.23051986,7.94E-188,1.18E-186
ISLR,6.215091867,0.618991323,0.218458769,2.833446902,0.004604896,0.005285247
STRA6,11.15947495,1.981776193,0.245341816,8.077612797,6.60E-16,1.02E-15
UBL7,10.31578428,1.851281005,0.253903483,7.291278497,3.07E-13,4.53E-13
UBL7-AS1,81.10032575,4.916416463,0.234064846,21.00450603,5.97E-98,3.44E-97
ARID3B,5.639043205,0.898452121,0.216888768,4.142455727,3.44E-05,4.21E-05
CLK3,80.01068881,4.856457242,0.24125833,20.12969769,4.05E-90,2.07E-89
EDC3,107.6363129,5.25285051,0.193077794,27.20587591,5.53E-163,6.63E-162
CSK,6.069124035,0.93842871,0.219225427,4.280656318,1.86E-05,2.30E-05
ULK3,310.4923563,6.817898294,0.196078071,34.77134527,6.60E-265,1.83E-263
SCAMP2,141.9554441,5.616505028,0.242717069,23.14013209,1.83E-118,1.32E-117
MPI,13.49498716,2.276748062,0.229511324,9.919981385,3.41E-23,6.00E-23
FAM219B,33.16641414,3.552408704,0.232478722,15.28057565,1.03E-52,2.97E-52
COX5A,16.98719091,1.956841578,0.241573037,8.100413863,5.48E-16,8.45E-16
SCAMP5,2.207064178,-0.613609556,0.169211984,-3.626277184,0.000287537,0.000343703
PPCDC,4.350117438,0.464115582,0.214836777,2.160317194,0.030748123,0.034057338
C15orf39,73.68742922,4.777906965,0.237865411,20.08659832,9.67E-90,4.92E-89
COMMD4,2.726232424,-0.803539596,0.17082385,-4.703907532,2.55E-06,3.22E-06
MAN2C1,94.37677904,5.07323601,0.182581691,27.78611576,6.38E-170,8.24E-169
SIN3A,24.95426237,3.122534649,0.259595433,12.02846528,2.52E-33,5.22E-33
PTPN9,5.025336581,0.733420489,0.215663315,3.400766097,0.000671973,0.000793805
SNUPN,12.06611782,2.074283184,0.225488686,9.199056606,3.61E-20,6.02E-20
IMP3,5.441303475,0.716845035,0.210558333,3.404496161,0.000662862,0.000783468
UBE2Q2,6.577716972,0.989066865,0.223195905,4.431384459,9.36E-06,1.16E-05
FBXO22,118.2630566,5.352436404,0.214500989,24.95296836,1.98E-137,1.83E-136
NRG4,176.2058697,6.052190653,0.196636123,30.77863098,5.06E-208,8.89E-207
ETFA,7.007834024,1.058763518,0.222012612,4.768934106,1.85E-06,2.34E-06
SCAPER,8.064384317,1.453916199,0.169722144,8.566449644,1.07E-17,1.69E-17
RCN2,32.83836902,3.325404212,0.246182415,13.50788688,1.40E-41,3.33E-41
TSPAN3,13.61113777,2.173859366,0.231318743,9.397679326,5.58E-21,9.43E-21
HMG20A,4.28438004,0.457525866,0.219377052,2.085568486,0.037017728,0.040814515
TBC1D2B,17.15704065,2.557955251,0.252178447,10.14343327,3.54E-24,6.34E-24
CIB2,14.68923191,2.402028012,0.236058536,10.17556093,2.55E-24,4.57E-24
IDH3A,283.8741601,6.648095795,0.178508244,37.24251409,1.40E-303,5.04E-302
WDR61,41.05088017,3.852628873,0.255923832,15.05381054,3.26E-51,9.16E-51
CRABP1,42.59579506,3.991342238,0.263501671,15.14731282,7.89E-52,2.24E-51
IREB2,5.041890661,0.68309718,0.212125169,3.2202552,0.001280765,0.001497188
PSMA4,16.98781068,2.003783184,0.229224295,8.741582927,2.30E-18,3.70E-18
CHRNA5,9.255656178,1.734340381,0.241863852,7.170730007,7.46E-13,1.09E-12
CHRNA3,27.29362659,3.341732638,0.258092698,12.94780003,2.42E-38,5.41E-38
MORF4L1,22.40762599,2.112951356,0.2480803,8.517207359,1.63E-17,2.59E-17
TMED3,38.59727792,3.547472454,0.238761434,14.85781182,6.19E-50,1.70E-49
MTHFS,168.1733097,5.921691,0.196877131,30.07810486,9.37E-199,1.52E-197
ZFAND6,68.33613363,4.42054989,0.221554002,19.9524714,1.43E-88,7.15E-88
FAH,5.9506506,0.964615433,0.231085868,4.174272713,2.99E-05,3.67E-05
ARNT2,53.1296105,4.302298477,0.218959932,19.64879342,5.92E-86,2.86E-85
MEX3B,31.95715551,3.572249891,0.250399558,14.26619889,3.55E-46,9.18E-46
GOLGA6L9,9.36685835,1.747854403,0.246721417,7.084323795,1.40E-12,2.04E-12
AP3B2,68.62387392,4.675406914,0.237803651,19.66078691,4.67E-86,2.27E-85
FSD2,43.1486137,3.99633936,0.168407497,23.73017486,1.76E-124,1.37E-123
WHAMM,8.514040593,1.536071446,0.20100398,7.641995171,2.14E-14,3.22E-14
HOMER2,202.6216287,6.210924639,0.239266503,25.95818705,1.47E-148,1.51E-147
C15orf40,732.948577,7.969555855,0.159383023,50.00253915,0,0
BTBD1,35.21960156,3.560184851,0.234213846,15.20057379,3.51E-52,1.00E-51
TM6SF1,13.8400631,2.339022836,0.254582855,9.187668353,4.01E-20,6.68E-20
ADAMTSL3,14.05182112,2.359923588,0.257451057,9.166494085,4.89E-20,8.11E-20
GOLGA6L4,148.1758302,5.790541517,0.209130903,27.68859813,9.58E-169,1.22E-167
ZSCAN2,13.4869761,2.275050943,0.2481306,9.168764104,4.78E-20,7.95E-20
WDR73,36.68421897,3.676701584,0.248754798,14.78042481,1.96E-49,5.35E-49
SEC11A,14.09328358,1.549266784,0.1494963,10.363245,3.64E-25,6.63E-25
ZNF592,12.94222916,2.157764147,0.254002933,8.495036336,1.98E-17,3.13E-17
PDE8A,6.692465056,1.117003459,0.222655526,5.016733596,5.26E-07,6.75E-07
AKAP13,31.65636222,3.300009317,0.16634351,19.83852157,1.38E-87,6.85E-87
NTRK3,8.986676288,1.684545597,0.236873985,7.111568622,1.15E-12,1.67E-12
MRPL46,7.37732082,1.18236898,0.218291388,5.416471034,6.08E-08,7.98E-08
MRPS11,41.41538555,3.650529268,0.222350672,16.41789176,1.42E-60,4.66E-60
DET1,9.116847428,1.703548422,0.227168155,7.49906351,6.43E-14,9.60E-14
AEN,109.5686223,5.332356046,0.236524715,22.54460404,1.52E-112,1.03E-111
MFGE8,63.40288619,4.306020116,0.250413221,17.19565801,2.86E-66,1.03E-65
ABHD2,2.99246917,-0.36839772,0.181916993,-2.025086898,0.042858442,0.047115673
FANCI,63.14978423,4.438584002,0.242472902,18.30548472,7.48E-75,3.06E-74
POLG,9.390235378,1.664580997,0.236738063,7.031319673,2.05E-12,2.97E-12
TICRR,17.10030399,2.593184219,0.232323113,11.16197257,6.26E-29,1.21E-28
AP3S2,134.6855985,5.548035857,0.186492879,29.74931737,1.77E-194,2.76E-193
ZNF710,647.0003432,7.910119014,0.191082128,41.39643569,0,0
SEMA4B,728.64114,8.092117035,0.20568795,39.34171663,0,0
CIB1,16.24536231,1.970050396,0.173703717,11.34144067,8.18E-30,1.60E-29
IQGAP1,258.6543775,6.250841053,0.168121624,37.18047026,1.41E-302,5.03E-301
CRTC3,25.21355061,3.116269891,0.240549919,12.95477424,2.21E-38,4.95E-38
BLM,18.91884907,2.746996321,0.25396407,10.81647621,2.88E-27,5.42E-27
MAN2A2,6.228643536,1.096747847,0.222131504,4.937380901,7.92E-07,1.01E-06
HDDC3,50.53108448,4.146482513,0.231019197,17.94864916,4.92E-72,1.93E-71
UNC45A,55.18895369,4.2625524,0.211724947,20.13249956,3.83E-90,1.96E-89
PRC1,61.36768335,4.449475224,0.213672131,20.82384446,2.63E-96,1.48E-95
VPS33B,9.419886741,1.752758781,0.232842723,7.527651114,5.17E-14,7.73E-14
SLCO3A1,33.44397732,3.583038645,0.273105465,13.11961535,2.54E-39,5.78E-39
ST8SIA2,22.85889686,3.066601117,0.217913513,14.07256063,5.60E-45,1.42E-44
CHD2,101.1713035,5.063759558,0.211821645,23.9057702,2.67E-126,2.14E-125
NR2F2-AS1,25.96135784,3.256770781,0.252871337,12.87916147,5.90E-38,1.31E-37
NR2F2,43.25780593,3.839682187,0.257928373,14.886622,4.03E-50,1.11E-49
LINC00923,8.540401834,1.610100094,0.226572892,7.106322749,1.19E-12,1.74E-12
ARRDC4,13.06487337,2.239402806,0.246001661,9.103201983,8.77E-20,1.45E-19
IGF1R,103.1272787,5.19052327,0.200700684,25.86201089,1.78E-147,1.81E-146
TTC23,86.83161635,4.984701028,0.219787659,22.67962201,7.12E-114,4.91E-113
LRRC28,12.54782133,2.149705408,0.234379802,9.171888495,4.65E-20,7.73E-20
MEF2A,37.84324753,3.415444869,0.231557796,14.74985913,3.08E-49,8.39E-49
LYSMD4,51.76893538,4.243646834,0.230311081,18.42571712,8.17E-76,3.39E-75
ASB7,16.58997291,2.562934711,0.232079168,11.0433639,2.36E-28,4.52E-28
CHSY1,12.47718115,2.02186277,0.242697019,8.330810084,8.03E-17,1.26E-16
PCSK6,87.76305206,5.031525592,0.265018187,18.98558602,2.24E-80,9.98E-80
TM2D3,142.6534948,5.693478956,0.212301569,26.81788447,2.00E-158,2.28E-157
TARSL2,61.77887711,4.489782845,0.186730012,24.04424865,9.59E-128,7.80E-127
POLR3K,300.5627053,6.672651248,0.208508443,32.00182754,1.03E-224,2.09E-223
SNRNP25,72.01057372,4.491270456,0.260191896,17.26137717,9.19E-67,3.33E-66
RHBDF1,74.83206535,4.769073916,0.242994065,19.62629792,9.22E-86,4.44E-85
MPG,24.45018437,2.70154359,0.253707817,10.64824734,1.78E-26,3.31E-26
NPRL3,25.63094227,3.170243243,0.189591551,16.72143739,9.15E-63,3.09E-62
LUC7L,7.374439412,1.22978583,0.225648712,5.450001539,5.04E-08,6.63E-08
AXIN1,110.0168558,5.358955027,0.216930638,24.7035415,9.80E-135,8.67E-134
MRPL28,48.00261718,3.965247428,0.262223668,15.12162292,1.17E-51,3.30E-51
TMEM8A,8.881894102,1.55507819,0.174856836,8.893436605,5.92E-19,9.63E-19
NME4,14.3474127,1.810073814,0.245374737,7.376773338,1.62E-13,2.40E-13
RAB11FIP3,9.416285818,1.695026403,0.228451586,7.41963071,1.17E-13,1.75E-13
RAB40C,11.68600593,2.056189392,0.186950556,10.99857331,3.88E-28,7.41E-28
WDR90,61.94215053,4.525740137,0.257511566,17.57490046,3.84E-69,1.45E-68
RHOT2,39.84642616,3.777334347,0.22893346,16.49970406,3.69E-61,1.22E-60
JMJD8,68.97126156,4.60956195,0.264327654,17.43881837,4.19E-68,1.55E-67
FBXL16,18.44713262,2.765422745,0.262781478,10.52365928,6.72E-26,1.24E-25
RPUSD1,5.456352636,0.830136297,0.232592623,3.569056865,0.000358269,0.000427077
CHTF18,41.58329664,3.924301675,0.266558419,14.72210739,4.65E-49,1.26E-48
UBE2I,21.87204931,2.517330683,0.253015191,9.949326259,2.54E-23,4.48E-23
GNPTG,38.90737411,3.776020226,0.252402596,14.96030664,1.33E-50,3.72E-50
UNKL,46.25091516,4.099468749,0.248883338,16.47144716,5.88E-61,1.93E-60
C16orf91,10.67081349,1.860591247,0.229673025,8.101043864,5.45E-16,8.41E-16
IFT140,1.828673081,-1.020511013,0.155803288,-6.549996628,5.75E-11,8.10E-11
MAPK8IP3,39.42969857,3.834665044,0.251973774,15.21850856,2.67E-52,7.64E-52
NME3,7.383483546,1.095099429,0.221768489,4.938029899,7.89E-07,1.01E-06
MRPS34,2.176315987,-1.486812998,0.149756161,-9.92822592,3.14E-23,5.53E-23
EME2,9.276819018,1.726341651,0.237454751,7.2701921,3.59E-13,5.29E-13
NUBP2,22.30399527,2.77522396,0.198489933,13.98168618,2.02E-44,5.05E-44
HAGH,187.1825073,5.941752123,0.22473847,26.43851818,4.95E-154,5.35E-153
FAHD1,66.16791342,4.504489236,0.169667142,26.54897812,2.64E-155,2.92E-154
MSRB1,8.090909297,1.47741557,0.226841542,6.51298503,7.37E-11,1.04E-10
SNHG9,11.22794666,1.653516107,0.198318823,8.337665995,7.58E-17,1.19E-16
TBL3,12.09705985,2.080901915,0.253532445,8.207635568,2.26E-16,3.50E-16
NTHL1,53.44371676,4.238301581,0.266611426,15.89692401,6.66E-57,2.05E-56
TSC2,4.453813883,0.58222861,0.199878946,2.912906139,0.003580822,0.004125994
PKD1,41.08760822,3.830944082,0.248360604,15.42492659,1.11E-53,3.25E-53
MLST8,8.053529206,1.464121412,0.241437077,6.064194574,1.33E-09,1.81E-09
ECI1,4.696043443,0.484817474,0.215766987,2.24694927,0.024643269,0.027443698
RNPS1,6.017572179,0.69580653,0.218949936,3.177925247,0.00148333,0.001730445
ABCA3,15.60584122,2.491972097,0.210970837,11.81192689,3.39E-32,6.91E-32
CCNF,100.928734,5.234137509,0.219547135,23.84060948,1.27E-125,1.00E-124
TBC1D24,9.46976627,1.764566182,0.222877209,7.917212299,2.43E-15,3.72E-15
PDPK1,54.90660359,4.296982112,0.212002493,20.26854517,2.44E-91,1.26E-90
PRSS27,4.626847282,0.660933665,0.217520632,3.038487239,0.002377692,0.002754584
SRRM2,12.76985238,1.751004474,0.238763883,7.333623715,2.24E-13,3.31E-13
FLYWCH2,33.36627671,3.443879875,0.240718022,14.30669731,1.99E-46,5.16E-46
FLYWCH1,15.39154976,2.460295263,0.261733756,9.399992205,5.46E-21,9.22E-21
HCFC1R1,88.08025893,4.885686904,0.27796257,17.57677985,3.71E-69,1.40E-68
ZNF213,6.905269713,1.216084725,0.216476234,5.617636183,1.94E-08,2.58E-08
ZNF200,10.78087907,1.951717766,0.241005831,8.098218042,5.58E-16,8.61E-16
MEFV,6.01018634,1.074652868,0.225143921,4.77318182,1.81E-06,2.29E-06
ZNF263,21.31755113,2.955691909,0.220795324,13.38656934,7.25E-41,1.69E-40
TIGD7,129.6150969,5.596711113,0.199243329,28.08982932,1.30E-173,1.72E-172
ZNF75A,369.3862409,7.016812825,0.167155448,41.97776917,0,0
ZSCAN32,67.95573582,4.660741386,0.195900614,23.79135671,4.10E-125,3.21E-124
ZNF174,23.76493687,3.125798068,0.265058421,11.79286457,4.25E-32,8.65E-32
NAA60,33.57419963,3.62183738,0.199397748,18.16388311,9.97E-74,4.02E-73
CLUAP1,7.333491353,1.278517954,0.228359442,5.598708525,2.16E-08,2.87E-08
SLX4,36.41154428,3.76336276,0.257491235,14.61549848,2.24E-48,5.99E-48
DNASE1,24.823035,3.169115316,0.268720256,11.79336223,4.22E-32,8.60E-32
TRAP1,6.982393539,1.1011607,0.219215685,5.023183891,5.08E-07,6.54E-07
CREBBP,91.866019,4.943249377,0.232992439,21.21635103,6.75E-100,3.97E-99
ADCY9,66.37101198,4.616003809,0.241614167,19.10485577,2.30E-81,1.04E-80
TFAP4,37.43568121,3.803095651,0.260660387,14.59023251,3.24E-48,8.66E-48
GLIS2,61.69530493,4.49912199,0.265879015,16.92168893,3.11E-64,1.08E-63
PAM16,74.3526857,4.409862158,0.256348736,17.2025898,2.54E-66,9.13E-66
CORO7,2.135696768,-0.831461184,0.153463791,-5.417963282,6.03E-08,7.92E-08
DNAJA3,38.06013188,3.691479523,0.25425999,14.51852304,9.25E-48,2.45E-47
NMRAL1,5.486093918,0.844699043,0.230339134,3.667197267,0.000245224,0.000293901
HMOX2,219.1556978,6.137068937,0.173871455,35.29658696,6.62E-273,1.94E-271
CDIP1,30.58214171,3.475608679,0.270450562,12.85117934,8.47E-38,1.88E-37
MGRN1,38.46070656,3.819815593,0.220884123,17.29330082,5.28E-67,1.92E-66
NUDT16L1,10.14235423,1.782950717,0.233940535,7.621384297,2.51E-14,3.78E-14
ANKS3,90.56016894,5.0656937,0.176452069,28.70861034,2.98E-181,4.23E-180
ZNF500,78.94835314,4.878014021,0.26288565,18.55564964,7.34E-77,3.11E-76
ROGDI,8.484343762,1.57123184,0.227098407,6.918726823,4.56E-12,6.56E-12
GLYR1,74.1421664,4.703037445,0.219768708,21.39994128,1.34E-101,8.10E-101
UBN1,10.665523,1.872538422,0.250749483,7.467765836,8.16E-14,1.22E-13
ALG1,15.31395237,2.451181025,0.221254156,11.07857617,1.59E-28,3.06E-28
RBFOX1,15.36986606,2.4804037,0.229466897,10.80941838,3.11E-27,5.85E-27
METTL22,12.40953223,2.156251898,0.243038244,8.872068292,7.18E-19,1.16E-18
ABAT,9.02178106,1.677893432,0.224728393,7.466317066,8.25E-14,1.23E-13
TMEM186,104.849198,5.268277473,0.257673715,20.44553701,6.58E-93,3.49E-92
PMM2,427.9741729,7.200125992,0.164589935,43.74584615,0,0
CARHSP1,31.48180079,3.330135192,0.260967239,12.76074039,2.72E-37,5.99E-37
USP7,12.78913013,2.046546068,0.246636239,8.297831965,1.06E-16,1.65E-16
ATF7IP2,121.4833396,5.470782321,0.225623579,24.24738739,7.05E-130,5.90E-129
EMP2,5.946924654,0.876897728,0.211541305,4.145279,3.39E-05,4.16E-05
NUBP1,55.90626591,4.273059172,0.278213986,15.35889417,3.09E-53,8.97E-53
TVP23A,48.46079821,4.169794992,0.244088616,17.08311948,1.98E-65,7.03E-65
CLEC16A,20.8463848,2.919561583,0.241066251,12.1110341,9.23E-34,1.93E-33
RMI2,14.74524175,2.421045719,0.250456277,9.66654041,4.18E-22,7.22E-22
LITAF,54.05926803,4.273844132,0.220022183,19.42460563,4.78E-84,2.26E-83
TXNDC11,4.149482983,0.442913522,0.21404037,2.069298986,0.038518039,0.042425666
ZC3H7A,17.71650578,2.582524185,0.269979505,9.565630488,1.12E-21,1.91E-21
RSL1D1,4.999286234,0.463634508,0.207311951,2.236409935,0.025324931,0.028188381
GSPT1,78.18790006,4.415332589,0.227532018,19.40532426,6.96E-84,3.27E-83
SNX29,68.6520638,4.510024571,0.221331595,20.37677705,2.69E-92,1.41E-91
CPPED1,30.30281851,3.389885362,0.257920477,13.14314166,1.86E-39,4.24E-39
ERCC4,37.19608357,3.7404076,0.217518747,17.19579413,2.86E-66,1.03E-65
PARN,4.913549694,0.704556783,0.21410777,3.290664252,0.000999511,0.001173077
BFAR,295.8170277,6.675961638,0.19924639,33.50606075,3.93E-246,9.37E-245
NPIPA3,138.2709813,5.701287469,0.236306634,24.12665006,1.31E-128,1.09E-127
NPIPA2,7.444082852,1.398298671,0.223917695,6.24469928,4.25E-10,5.86E-10
NOMO1,63.12324542,4.507243125,0.151903465,29.67175976,1.78E-193,2.74E-192
NPIPA1,386.3073628,7.154220618,0.176262168,40.58852051,0,0
PDXDC1,244.0492175,6.417558863,0.150855268,42.541165,0,0
NTAN1,18.6015602,2.602563456,0.227603081,11.43465829,2.81E-30,5.55E-30
RRN3,14.21273055,2.311214517,0.251998343,9.171546485,4.66E-20,7.75E-20
NPIPA5,68.00745116,4.672661803,0.285439696,16.37004898,3.13E-60,1.02E-59
MPV17L,9.830622793,1.829571464,0.232288388,7.876293242,3.37E-15,5.14E-15
NDE1,45.92243827,4.057489139,0.216013447,18.78350257,1.03E-78,4.49E-78
MYH11,19.79164948,2.8587232,0.240811343,11.8712149,1.67E-32,3.42E-32
FOPNL,2.55300243,-0.47867099,0.172910186,-2.768321526,0.005634584,0.006441895
ABCC1,5.621091303,0.81000907,0.236458991,3.425579494,0.000613489,0.000726059
ABCC6,25.08187017,3.215869495,0.255621618,12.58058499,2.70E-36,5.87E-36
NOMO3,5.191674116,0.815615312,0.188878773,4.31819468,1.57E-05,1.94E-05
NPIPA7,9.11701178,1.711138937,0.248760461,6.87866123,6.04E-12,8.69E-12
XYLT1,145.5241164,5.550595361,0.209561397,26.48672632,1.38E-154,1.50E-153
NPIPA8,8.198837105,1.551058811,0.206932332,7.495487982,6.61E-14,9.87E-14
NOMO2,53.56041318,4.3037399,0.239402878,17.97697642,2.95E-72,1.16E-71
RPS15A,5.339367222,-2.793822349,0.16375495,-17.06099476,2.90E-65,1.02E-64
ARL6IP1,2.565761032,-0.605810114,0.174360085,-3.474477051,0.00051185,0.00060749
SMG1,24.82159589,3.060693158,0.267628545,11.43634795,2.75E-30,5.45E-30
COQ7,8.020483072,1.500893909,0.225214745,6.664279067,2.66E-11,3.78E-11
SYT17,174.7507743,6.040201963,0.207336096,29.13241874,1.40E-186,2.05E-185
GDE1,5.039633839,0.67115479,0.214206218,3.133218049,0.001729009,0.002012086
CCP110,10.82898452,1.93798121,0.190930401,10.15019713,3.31E-24,5.92E-24
KNOP1,17.38170335,2.512347116,0.259413227,9.684730213,3.50E-22,6.05E-22
IQCK,25.08190642,3.150786169,0.188385931,16.72516709,8.59E-63,2.90E-62
GPRC5B,8.76516152,1.650020991,0.242974426,6.790924535,1.11E-11,1.59E-11
THUMPD1,30.27084137,3.378306518,0.255040081,13.24617881,4.75E-40,1.09E-39
ERI2,40.27207808,3.824715719,0.248445077,15.39461261,1.78E-53,5.19E-53
DCUN1D3,32.63344051,3.570732897,0.236336837,15.10865994,1.42E-51,4.01E-51
LYRM1,212.9577374,6.223347461,0.198724352,31.31648129,2.78E-215,5.24E-214
TMEM159,1.822192038,-1.109268699,0.151141655,-7.339265281,2.15E-13,3.18E-13
NPIPB3,4.91294545,0.736514503,0.221231931,3.329150992,0.000871112,0.00102537
METTL9,21.75114672,2.613007447,0.236486064,11.04930835,2.21E-28,4.24E-28
NPIPB4,38.78319476,3.854628084,0.244847159,15.74299698,7.67E-56,2.32E-55
UQCRC2,32.20305674,3.366811751,0.186224843,18.07928364,4.64E-73,1.86E-72
EEF2K,35.36453725,3.654021256,0.26560468,13.75736772,4.60E-43,1.12E-42
POLR3E,72.85661357,4.729494522,0.201458109,23.47631749,7.12E-122,5.38E-121
CDR2,35.45218315,3.638276554,0.254569764,14.29186441,2.46E-46,6.37E-46
NPIPB5,24.93043147,3.19691766,0.247184817,12.93330918,2.92E-38,6.53E-38
USP31,1.815970708,-1.092942074,0.156689371,-6.975215134,3.05E-12,4.41E-12
COG7,1.741787653,-1.301317169,0.133927437,-9.716583852,2.56E-22,4.44E-22
GGA2,89.60408485,5.030367505,0.208988503,24.07006813,5.15E-128,4.22E-127
EARS2,16.51790492,2.590163601,0.246067999,10.52621071,6.54E-26,1.21E-25
UBFD1,8.653525185,1.569000604,0.242140317,6.479716478,9.19E-11,1.29E-10
NDUFAB1,82.1804086,4.265715194,0.228344712,18.68103341,7.06E-78,3.04E-77
DCTN5,58.61037735,4.383820775,0.266168185,16.4701156,6.02E-61,1.98E-60
PLK1,32.59077435,3.497278061,0.198177563,17.64719483,1.07E-69,4.06E-69
PRKCB,30.44052114,3.500719988,0.252862019,13.84438834,1.38E-43,3.39E-43
RBBP6,23.93155158,3.020505996,0.237097351,12.73951809,3.57E-37,7.85E-37
TNRC6A,5.765480046,0.69891242,0.210936424,3.313379484,0.000921758,0.001083225
ARHGAP17,5.694813404,0.889721208,0.220993032,4.026014748,5.67E-05,6.92E-05
LCMT1,121.7525249,5.317259034,0.218502479,24.3350055,8.36E-131,7.06E-130
ZKSCAN2,46.76854831,4.116485447,0.25251829,16.30173184,9.59E-60,3.10E-59
KDM8,11.4776984,2.036062331,0.224906164,9.052941435,1.39E-19,2.29E-19
NSMCE1,27.69244846,3.216462189,0.238284429,13.49841535,1.60E-41,3.78E-41
GTF3C1,20.369744,2.857131501,0.230035517,12.42039291,2.03E-35,4.35E-35
XPO6,2.314455447,-0.817723264,0.164165246,-4.981098505,6.32E-07,8.11E-07
SBK1,93.53002104,5.134750587,0.269452082,19.05626611,5.83E-81,2.62E-80
NPIPB6,51.72076817,4.274612632,0.25481514,16.77534795,3.70E-63,1.26E-62
CLN3,1.839031029,-1.126494957,0.140699523,-8.006387911,1.18E-15,1.81E-15
NPIPB8,38.05410953,3.826770214,0.268437723,14.25570956,4.13E-46,1.07E-45
EIF3C,4.44671264,0.561252241,0.213153403,2.633090687,0.008461175,0.009607779
NPIPB9,14.25851126,2.382582225,0.252092071,9.451238268,3.35E-21,5.68E-21
ATXN2L,5.724426731,0.824691497,0.209385775,3.93862236,8.20E-05,9.95E-05
TUFM,15.74178926,2.116193607,0.244930614,8.639971827,5.62E-18,8.98E-18
SH2B1,18.93051491,2.746427315,0.250993906,10.94220716,7.24E-28,1.38E-27
NFATC2IP,151.8833385,5.711409316,0.205118782,27.8443995,1.26E-170,1.63E-169
SPNS1,20.62348792,2.759701759,0.249235541,11.07266542,1.70E-28,3.27E-28
NPIPB11,78.23862092,4.865046941,0.24647939,19.73814904,1.01E-86,4.95E-86
SLX1B,45.68026104,4.093828606,0.210300342,19.46658084,2.11E-84,1.00E-83
SULT1A4,4.851720319,0.725236817,0.211871319,3.423006099,0.000619327,0.000732808
SPN,39.89198669,3.897163619,0.210985815,18.47121151,3.52E-76,1.47E-75
QPRT,30.62179546,3.486836267,0.20379492,17.10953474,1.26E-65,4.48E-65
MAZ,10.49418859,1.459209404,0.230592758,6.328079933,2.48E-10,3.44E-10
PRRT2,23.17229089,3.098863275,0.213289824,14.52888473,7.95E-48,2.11E-47
MVP,14.26158622,2.106661849,0.209579457,10.0518528,9.02E-24,1.60E-23
SEZ6L2,4.356438535,0.535103865,0.216255824,2.474402101,0.013345939,0.015008658
TAOK2,21.59185895,2.949720348,0.220645483,13.36859615,9.23E-41,2.15E-40
ALDOA,55.01161891,4.300510988,0.2381177,18.06044231,6.53E-73,2.61E-72
PPP4C,8.987016242,1.392703408,0.22898621,6.082040517,1.19E-09,1.62E-09
YPEL3,66.62129768,4.527652613,0.178575951,25.35421248,8.07E-142,7.77E-141
GDPD3,1.723528314,-1.220340222,0.137879192,-8.850793234,8.69E-19,1.41E-18
MAPK3,1.880398619,-1.156310037,0.146734022,-7.880313104,3.27E-15,4.98E-15
BOLA2B,33.47060524,3.596579244,0.257527203,13.96582263,2.52E-44,6.29E-44
SLX1A,5.119861298,0.829691511,0.224893515,3.689263837,0.000224904,0.000269726
SULT1A3,4.567525052,0.620817053,0.209921485,2.957377386,0.003102681,0.003582654
CD2BP2,8.921161342,1.478879717,0.242244906,6.104895013,1.03E-09,1.41E-09
TBC1D10B,123.4868263,5.504980469,0.164416634,33.48189486,8.84E-246,2.10E-244
ZNF48,91.47150115,5.09207441,0.25448793,20.00909987,4.59E-89,2.31E-88
ZNF771,44.53520082,3.993154635,0.233274957,17.11780249,1.09E-65,3.89E-65
DCTPP1,97.03947676,4.933916056,0.21678114,22.75989531,1.15E-114,7.97E-114
SEPHS2,47.24198043,3.977782735,0.171308496,23.21999681,2.86E-119,2.09E-118
ZNF768,301.5036509,6.807142016,0.230782075,29.49597375,3.24E-191,4.91E-190
ZNF785,57.84321161,4.400841513,0.1562259,28.16973065,1.37E-174,1.83E-173
ZNF689,19.8085142,2.864359627,0.233919439,12.24506879,1.79E-34,3.77E-34
FBRS,78.25551917,4.811563326,0.224242359,21.45697783,3.93E-102,2.39E-101
SRCAP,15.74175827,2.4412462,0.23939704,10.19747861,2.03E-24,3.66E-24
PHKG2,8.508132332,1.517310802,0.215970187,7.025556719,2.13E-12,3.09E-12
RNF40,22.85947405,3.035455874,0.247975536,12.24094895,1.88E-34,3.96E-34
ZNF629,10.46135453,1.905382318,0.233414774,8.163075035,3.27E-16,5.06E-16
BCL7C,27.58210138,3.010025784,0.244651887,12.30330091,8.69E-35,1.85E-34
FBXL19-AS1,59.9259911,4.487718083,0.253398046,17.7101527,3.50E-70,1.34E-69
ORAI3,18.10379251,2.683462962,0.235237528,11.40746116,3.84E-30,7.57E-30
STX4,11.10407649,1.834557242,0.249993858,7.338409248,2.16E-13,3.20E-13
ZNF646,69.67414055,4.707580606,0.260908916,18.04300395,8.95E-73,3.56E-72
VKORC1,23.04607086,2.186025646,0.244774515,8.930773075,4.23E-19,6.89E-19
BCKDK,336.1485848,6.833902029,0.202588227,33.73296734,1.90E-249,4.67E-248
ARMC5,50.06718545,4.216292681,0.228668312,18.43846507,6.45E-76,2.68E-75
ZNF720,4.934096726,0.732379719,0.21040317,3.480839752,0.000499844,0.000593565
ZNF267,7.491055335,1.339481862,0.233840933,5.728175333,1.02E-08,1.36E-08
SHCBP1,23.09426661,2.934075362,0.232290606,12.63105476,1.42E-36,3.11E-36
VPS35,27.09111157,3.069759367,0.233322978,13.15669546,1.56E-39,3.55E-39
MYLK3,1.78057481,-1.152334943,0.142588848,-8.081522236,6.40E-16,9.86E-16
C16orf87,6.271555307,0.975665799,0.223159463,4.372056585,1.23E-05,1.52E-05
GPT2,77.73034257,4.843222857,0.180391455,26.84840502,8.80E-159,1.01E-157
DNAJA2,67.50245293,4.361925915,0.272851826,15.98642745,1.59E-57,4.94E-57
NETO2,31.22021138,3.45313934,0.236851912,14.57931798,3.80E-48,1.01E-47
ITFG1,42.34622985,3.69369556,0.223442844,16.53082949,2.20E-61,7.30E-61
PHKB,6.119786609,0.975854685,0.226682907,4.30493281,1.67E-05,2.06E-05
LONP2,36.42843793,3.665557007,0.197674892,18.54336162,9.23E-77,3.90E-76
SIAH1,4.16654465,0.471733391,0.207637675,2.27190653,0.023092156,0.02575855
N4BP1,9.995894626,1.751870987,0.217832005,8.042303005,8.82E-16,1.36E-15
ZNF423,19.4144844,2.829960761,0.261335813,10.82882875,2.51E-27,4.74E-27
CNEP1R1,63.85085544,4.556720613,0.152764552,29.82838994,1.67E-195,2.64E-194
HEATR3,63.74144353,4.481143465,0.151175869,29.64192289,4.31E-193,6.61E-192
BRD7,150.9882482,5.691608497,0.1984332,28.68274304,6.26E-181,8.87E-180
NKD1,114.3858206,5.425742632,0.165404083,32.80295469,5.34E-236,1.16E-234
CYLD,5.093682263,0.722593568,0.217723399,3.318860405,0.000903856,0.001062647
SALL1,26.89037758,3.316004634,0.258326698,12.83647666,1.02E-37,2.27E-37
HNRNPA1P48,59.27198615,4.418585042,0.222496876,19.859088,9.20E-88,4.56E-87
TOX3,276.5225703,6.703821546,0.204194087,32.830635,2.15E-236,4.69E-235
CHD9,17.98760152,2.384759617,0.238373338,10.00430517,1.46E-23,2.58E-23
AKTIP,8.79898882,1.61068487,0.21931541,7.344148197,2.07E-13,3.07E-13
RPGRIP1L,1.841266897,-1.114746218,0.147695901,-7.547577221,4.43E-14,6.64E-14
FTO,8.107229718,1.368569742,0.22474227,6.089507502,1.13E-09,1.55E-09
IRX3,4.684982801,0.540874538,0.193925592,2.78908282,0.005285755,0.00604754
CRNDE,146.6677951,5.587679173,0.228327259,24.47223868,2.92E-132,2.51E-131
IRX5,25.02933323,3.213310493,0.268756711,11.95620562,6.03E-33,1.24E-32
MMP2,24.48682028,2.371312972,0.239714642,9.892232511,4.50E-23,7.91E-23
LPCAT2,11.06506025,1.890364943,0.214764667,8.802029558,1.34E-18,2.17E-18
GNAO1,65.06817643,4.607807511,0.254026454,18.13908529,1.57E-73,6.31E-73
AMFR,5.926140566,0.975008124,0.20331397,4.795578604,1.62E-06,2.05E-06
NUDT21,8.101828515,1.386593134,0.24190917,5.731875031,9.93E-09,1.33E-08
OGFOD1,44.73921152,3.958063477,0.268565441,14.73779897,3.69E-49,1.00E-48
BBS2,13.79855038,2.263801158,0.223400102,10.13339357,3.93E-24,7.02E-24
MT2A,16.03599392,-4.027104375,0.193995849,-20.75871416,1.02E-95,5.67E-95
MT1F,10.51763268,1.916776055,0.248953741,7.699326179,1.37E-14,2.07E-14
MT1X,20.80218356,2.479430394,0.23274485,10.6529979,1.69E-26,3.15E-26
NUP93,43.76568864,3.955345622,0.202378584,19.54428946,4.61E-85,2.20E-84
HERPUD1,4.245733332,-0.346309992,0.135545621,-2.554933082,0.010620821,0.012013644
CPNE2,18.47669623,2.709247852,0.254605096,10.64098046,1.92E-26,3.57E-26
FAM192A,4.886814322,0.521869025,0.220812187,2.3634068,0.018107781,0.02028609
RSPRY1,16.08460785,2.448671806,0.250689188,9.767759947,1.55E-22,2.69E-22
ARL2BP,2.839170454,-0.429073608,0.173279682,-2.476191112,0.013279248,0.014935203
CIAPIN1,165.6363251,5.827778826,0.18536462,31.43954242,5.83E-217,1.12E-215
COQ9,11.90394588,2.034409092,0.224545903,9.060103356,1.30E-19,2.15E-19
POLR2C,5.960254102,0.871513605,0.22083437,3.946458184,7.93E-05,9.64E-05
KATNB1,4.451689906,0.576684784,0.184849921,3.119745909,0.001810071,0.002105292
CSNK2A2,35.29282127,3.630848646,0.233270269,15.56498674,1.26E-54,3.75E-54
CCDC113,10.87266071,1.976170004,0.257175451,7.684131577,1.54E-14,2.32E-14
GINS3,104.4300156,5.25238662,0.245703126,21.37696295,2.19E-101,1.32E-100
NDRG4,5.958022372,1.057558552,0.21941628,4.819872772,1.44E-06,1.82E-06
SETD6,6.405368188,1.156039229,0.234368226,4.932576609,8.12E-07,1.04E-06
CNOT1,23.80769274,3.059801928,0.169773335,18.02286521,1.29E-72,5.12E-72
SLC38A7,98.9865063,5.174029554,0.208801267,24.77968472,1.48E-135,1.33E-134
GOT2,61.37034168,4.424404154,0.149171493,29.6598503,2.53E-193,3.89E-192
CDH8,57.01961388,4.416027543,0.229401416,19.25021924,1.41E-82,6.50E-82
CDH11,20.40965043,2.654882236,0.229753305,11.55536038,6.94E-31,1.39E-30
TK2,9.362232826,1.671821185,0.233569746,7.157695795,8.20E-13,1.20E-12
CMTM4,80.23479842,4.890550457,0.173300279,28.22009567,3.31E-175,4.44E-174
DYNC1LI2,221.1690242,6.056283309,0.192212486,31.50827208,6.69E-218,1.29E-216
NAE1,5.65940395,0.781357532,0.199692858,3.91279658,9.12E-05,0.000110649
PDP2,82.40633518,4.919236003,0.198894792,24.73285473,4.74E-135,4.21E-134
CES2,4.151489863,0.463924696,0.218857348,2.119758375,0.034026427,0.03758504
CBFB,26.01541624,3.132930317,0.259681225,12.06452377,1.63E-33,3.38E-33
NOL3,172.3640926,5.925440745,0.208837271,28.3734829,4.30E-177,5.89E-176
KIAA0895L,41.3820614,3.904271601,0.24516986,15.92476169,4.27E-57,1.32E-56
E2F4,35.70368013,3.679372369,0.252998522,14.54305874,6.46E-48,1.72E-47
TMEM208,125.6200426,5.139382311,0.233577339,22.00291492,2.70E-107,1.74E-106
FHOD1,8.38544798,1.533776441,0.227906817,6.729840129,1.70E-11,2.42E-11
TPPP3,1.994839317,-0.908767418,0.143135807,-6.348987284,2.17E-10,3.01E-10
ATP6V0D1,313.7773506,6.629985318,0.166771527,39.75489954,0,0
CTCF,5.266659921,0.778770264,0.217191612,3.585636923,0.000336257,0.000401057
ACD,25.74309081,3.243937575,0.242237409,13.3915632,6.77E-41,1.58E-40
ENKD1,4.696951779,0.606091477,0.215247357,2.815790561,0.004865738,0.005579913
GFOD2,20.73602907,2.926751678,0.23742081,12.32727525,6.46E-35,1.37E-34
RANBP10,19.8956272,2.863113667,0.24819329,11.53582221,8.71E-31,1.74E-30
CENPT,92.60774465,5.046310435,0.263603961,19.1435304,1.10E-81,4.98E-81
THAP11,65.67844903,4.548026983,0.207179968,21.95205954,8.28E-107,5.29E-106
NUTF2,39.44287452,3.497441922,0.247212846,14.14749264,1.94E-45,4.93E-45
PSKH1,4.50169566,0.531146414,0.197447896,2.690058615,0.007143947,0.008140968
PSMB10,57.44861962,4.294881167,0.197547578,21.74099632,8.41E-105,5.24E-104
LCAT,104.9086015,5.279151168,0.204615473,25.80035166,8.79E-147,8.85E-146
DUS2,8.512365066,1.565392922,0.217378073,7.201245728,5.97E-13,8.76E-13
DDX28,4.432714504,0.56398871,0.212001683,2.660302991,0.007807039,0.008877984
NFATC3,48.05466385,4.133991911,0.228691266,18.07673716,4.86E-73,1.94E-72
PLA2G15,4.231725785,0.477299005,0.216723699,2.202338774,0.027641387,0.030691316
SLC7A6,17.20143248,2.624736746,0.230366435,11.39374642,4.49E-30,8.84E-30
SLC7A6OS,33.49899525,3.598101877,0.244644488,14.7074717,5.77E-49,1.56E-48
PRMT7,5.369115789,0.843555958,0.210850213,4.000735631,6.31E-05,7.69E-05
ZFP90,15.27940162,2.473593069,0.258812433,9.557473881,1.21E-21,2.07E-21
CDH3,17.96597674,2.715141801,0.256757985,10.57471221,3.90E-26,7.23E-26
TANGO6,34.15090939,3.593182682,0.254852055,14.09909242,3.85E-45,9.75E-45
CHTF8,48.33607275,4.175177833,0.181681853,22.98070923,7.27E-117,5.18E-116
SNTB2,6.502169366,1.06089377,0.194582429,5.452156051,4.98E-08,6.55E-08
VPS4A,14.14432465,2.197455965,0.242913651,9.046243201,1.48E-19,2.44E-19
COG8,85.2214149,4.97908548,0.209303225,23.78886178,4.36E-125,3.41E-124
NIP7,27.96434701,3.155667529,0.25391175,12.42820599,1.84E-35,3.95E-35
TERF2,4.885065869,0.672483422,0.210624953,3.19280035,0.001409003,0.001645503
CYB5B,97.05143319,5.004703853,0.27205905,18.39565293,1.42E-75,5.89E-75
NFAT5,5.196550664,0.499155073,0.221322736,2.25532669,0.024112831,0.026872256
NQO1,70.45477215,3.556161126,0.198541475,17.91142698,9.60E-72,3.76E-71
NOB1,111.9875039,5.16865241,0.212099991,24.36894215,3.65E-131,3.09E-130
WWP2,2.652757843,-0.388202962,0.186122852,-2.085735089,0.037002626,0.040802003
CLEC18A,10.20880622,1.876129047,0.229885021,8.161162652,3.32E-16,5.14E-16
PDPR,164.3665518,5.908521592,0.191125423,30.91436763,7.66E-210,1.37E-208
AC009060.1,4.802911029,0.682676323,0.219055069,3.116459838,0.001830366,0.00212867
CLEC18C,115.1615905,5.436350021,0.263401924,20.63899135,1.23E-94,6.66E-94
EXOSC6,42.76172281,3.806031945,0.2556481,14.88777716,3.96E-50,1.09E-49
AARS,16.0199563,2.428654355,0.246036039,9.871132566,5.55E-23,9.75E-23
DDX19B,15.14196669,2.416639035,0.253210855,9.543978825,1.37E-21,2.35E-21
DDX19A,7.411699386,1.322577232,0.231020036,5.724945994,1.03E-08,1.39E-08
ST3GAL2,47.31462826,4.111590097,0.26458652,15.5396809,1.87E-54,5.55E-54
COG4,40.88276644,3.857262727,0.223536615,17.25561927,1.02E-66,3.68E-66
SF3B3,25.05213535,3.080113034,0.271764483,11.33375855,8.93E-30,1.75E-29
VAC14,12.43433611,2.109431746,0.226036758,9.332250934,1.04E-20,1.75E-20
HYDIN,34.18880997,3.669850799,0.235291451,15.59704264,7.62E-55,2.28E-54
CMTR2,32.08503395,3.544368303,0.222035221,15.9630904,2.31E-57,7.17E-57
ZNF23,1118.333788,8.722207015,0.153984651,56.64335357,0,0
ZNF19,26.53427074,3.299574744,0.245686565,13.430017,4.03E-41,9.47E-41
PHLPP2,28.19247618,3.37637679,0.257756492,13.09909507,3.33E-39,7.56E-39
AP1G1,94.98553973,5.062796811,0.260393278,19.44288599,3.35E-84,1.59E-83
IST1,21.63123058,2.922517072,0.252846962,11.55844251,6.69E-31,1.34E-30
ZNF821,45.72983705,4.072425053,0.196153766,20.76139115,9.67E-96,5.37E-95
DHODH,62.95490042,4.54797055,0.195997294,23.20425176,4.12E-119,3.00E-118
TXNL4B,15.76175562,2.422787074,0.208838424,11.6012515,4.06E-31,8.15E-31
DHX38,22.8633589,2.941559728,0.215284525,13.66359114,1.68E-42,4.05E-42
ZFHX3,60.62533393,4.300029548,0.25033575,17.17704944,3.94E-66,1.41E-65
PSMD7,42.66807068,3.482283869,0.219628798,15.85531545,1.29E-56,3.96E-56
CLEC18B,69.82892974,4.710889229,0.214114608,22.00171803,2.77E-107,1.78E-106
GLG1,51.53775052,4.150839835,0.232924294,17.82055349,4.89E-71,1.90E-70
RFWD3,70.60259535,4.662911982,0.278603022,16.73676026,7.07E-63,2.39E-62
ZNRF1,234.4514371,6.369694359,0.212652407,29.95354934,3.96E-197,6.31E-196
ZFP1,63.86624913,4.54814562,0.267161215,17.02397414,5.45E-65,1.92E-64
CFDP1,29.96111893,3.281572583,0.197088897,16.65021537,3.02E-62,1.01E-61
TMEM170A,100.4353088,5.238039701,0.228709021,22.90263702,4.37E-116,3.09E-115
TMEM231,20.78085184,2.886185848,0.263586192,10.94968529,6.67E-28,1.27E-27
GABARAPL2,15.94651778,2.003497416,0.242181797,8.272700254,1.31E-16,2.04E-16
ADAT1,13.11848523,2.214255926,0.234598771,9.43848051,3.78E-21,6.41E-21
KARS,1734.479201,9.190908322,0.142726152,64.39540456,0,0
TERF2IP,2.912329041,-0.520319835,0.183251537,-2.839375022,0.0045202,0.00519023
CNTNAP4,114.0476183,5.422379366,0.195661426,27.71307286,4.86E-169,6.22E-168
MON1B,52.79316086,4.248969479,0.248251981,17.11555113,1.14E-65,4.04E-65
ADAMTS18,35.76521894,3.735620659,0.202830775,18.41742536,9.52E-76,3.95E-75
NUDT7,6.37635674,1.169748968,0.230133857,5.082906885,3.72E-07,4.80E-07
VAT1L,26.32735709,3.275572988,0.232720683,14.07512625,5.40E-45,1.37E-44
CLEC3A,16.83306667,2.625982102,0.254185198,10.33097964,5.10E-25,9.26E-25
WWOX,22.26468655,2.804301257,0.210468488,13.32409086,1.68E-40,3.89E-40
MAF,3.936646712,0.396596627,0.191790238,2.067866597,0.038652569,0.04256953
CMC2,20.10209893,2.673441509,0.163709803,16.33036914,6.00E-60,1.94E-59
CENPN,29.60989787,3.352420165,0.192511837,17.41409889,6.45E-68,2.38E-67
ATMIN,9.888244216,1.745093496,0.211470055,8.252201475,1.56E-16,2.42E-16
C16orf46,7.762183012,1.45810463,0.222885207,6.541953375,6.07E-11,8.54E-11
GAN,5.386575393,0.839055142,0.212503641,3.948427133,7.87E-05,9.56E-05
MPHOSPH6,155.9636863,5.721734682,0.182618517,31.3316238,1.73E-215,3.27E-214
HSBP1,8.244141412,0.611098828,0.232880043,2.624092728,0.008688013,0.009857117
MLYCD,12.71096834,2.211792944,0.246450278,8.974601148,2.84E-19,4.66E-19
MBTPS1,75.77743996,4.744378603,0.217073615,21.85608145,6.80E-106,4.31E-105
HSDL1,4.685028844,0.625813578,0.221778955,2.821789738,0.004775648,0.005478913
DNAAF1,47.75551843,4.1580788,0.248228313,16.75102549,5.57E-63,1.89E-62
TAF1C,33.88238871,3.59424949,0.229556221,15.65738223,2.96E-55,8.88E-55
ATP2C2,9.024476618,1.691994776,0.243443339,6.950261115,3.65E-12,5.26E-12
COTL1,39.07792939,3.271304017,0.245342136,13.3336412,1.48E-40,3.42E-40
KLHL36,57.44366421,4.415864528,0.267766437,16.49147882,4.22E-61,1.39E-60
USP10,8.228924127,1.416053192,0.236405409,5.989935677,2.10E-09,2.85E-09
ZDHHC7,15.7007383,2.458729294,0.248466209,9.895628484,4.35E-23,7.65E-23
GSE1,23.70559525,3.035338676,0.257537733,11.78599593,4.61E-32,9.38E-32
GINS2,12.09772102,1.94225506,0.189392143,10.25520396,1.12E-24,2.02E-24
EMC8,35.8504242,3.602051977,0.217690756,16.54664647,1.69E-61,5.63E-61
COX4I1,4.275579334,-1.203296344,0.167878071,-7.167680308,7.63E-13,1.12E-12
FBXO31,133.2550822,5.604106863,0.190762177,29.3774528,1.07E-189,1.60E-188
ZCCHC14,107.1870225,5.164721158,0.211556968,24.41290975,1.25E-131,1.06E-130
KLHDC4,5.85026977,0.97355948,0.225699987,4.313511456,1.61E-05,1.98E-05
SLC7A5,5.92011513,0.954761458,0.224843928,4.246329746,2.17E-05,2.67E-05
BANP,138.9646526,5.687186211,0.188386121,30.18898721,3.30E-200,5.43E-199
ZC3H18,17.7291045,2.661617904,0.226237232,11.76472094,5.93E-32,1.20E-31
CDT1,14.23251673,2.286217141,0.249745039,9.154204436,5.48E-20,9.08E-20
APRT,8.47127511,0.656025379,0.201011992,3.263613134,0.001100013,0.001289359
GALNS,49.44926756,4.197898282,0.23065238,18.2001082,5.15E-74,2.08E-73
TRAPPC2L,86.45309205,4.538477176,0.247546204,18.33385891,4.44E-75,1.83E-74
ACSF3,251.138225,6.50083575,0.186798452,34.80133632,2.32E-265,6.52E-264
ZNF778,79.63462213,4.86900309,0.245989933,19.79350548,3.39E-87,1.66E-86
AC137932.1,77.77760633,4.867200976,0.263336467,18.48282173,2.84E-76,1.19E-75
SPG7,112.4346826,5.255133208,0.217573296,24.15339247,6.88E-129,5.70E-128
RPL13,16.32054768,-1.889044135,0.211192186,-8.94466868,3.73E-19,6.09E-19
CHMP1A,9.643421165,1.655929924,0.246672633,6.713067039,1.91E-11,2.71E-11
SPATA33,4.482703489,0.602679478,0.199569864,3.019892215,0.002528647,0.002927595
CDK10,9.652770494,1.67327283,0.224807466,7.443137288,9.83E-14,1.46E-13
VPS9D1,13.04875802,2.236997983,0.219201774,10.20520019,1.88E-24,3.38E-24
ZNF276,50.50442692,4.228510756,0.249987316,16.9149012,3.49E-64,1.21E-63
FANCA,9.819619292,1.784843415,0.198627722,8.985872655,2.57E-19,4.21E-19
SPIRE2,104.8206726,5.300316065,0.16994413,31.1885799,1.52E-213,2.83E-212
TCF25,28.83707962,3.026819331,0.241937487,12.51074964,6.52E-36,1.41E-35
TUBB3,8.18090407,0.497189808,0.21630493,2.298559763,0.021529951,0.024060412
DEF8,40.31936258,3.474911307,0.263214299,13.20183333,8.56E-40,1.96E-39
CENPBD1,32.79778478,3.598125938,0.234832328,15.32210648,5.44E-53,1.57E-52
FAM157C,53.36963541,4.308508234,0.261984237,16.44567736,9.01E-61,2.95E-60
VPS53,81.16945239,4.764232208,0.223813305,21.28663532,1.51E-100,8.96E-100
GEMIN4,360.9660232,7.067378631,0.203420423,34.74271925,1.79E-264,4.95E-263
GLOD4,97.00536819,5.033079742,0.203253318,24.76259569,2.27E-135,2.02E-134
NXN,7.018064261,1.301581155,0.237959074,5.469768956,4.51E-08,5.94E-08
TIMM22,33.87844689,3.522479368,0.240262572,14.66095752,1.15E-48,3.08E-48
ABR,13.11777034,2.171658813,0.263085374,8.25457828,1.52E-16,2.37E-16
YWHAE,199.0077825,5.297779169,0.16854808,31.43185713,7.43E-217,1.42E-215
CRK,2.452379867,-0.748014898,0.166107995,-4.503184205,6.69E-06,8.34E-06
MYO1C,20.16817725,2.708025152,0.249831508,10.83940602,2.24E-27,4.23E-27
PITPNA,11.51831501,1.922847936,0.232102304,8.284484488,1.19E-16,1.85E-16
SLC43A2,1.849861492,-1.058380157,0.148323692,-7.135610921,9.64E-13,1.41E-12
RPA1,43.35780434,3.931606418,0.240779388,16.32866691,6.17E-60,2.00E-59
DPH1,7.651265695,1.420515272,0.227801908,6.235747917,4.50E-10,6.20E-10
SMG6,38.97993504,3.755538536,0.226604391,16.57310576,1.09E-61,3.64E-61
SRR,28.73526446,3.393597069,0.211797381,16.02284718,8.85E-58,2.76E-57
TSR1,84.0228542,4.835142717,0.242863959,19.90885241,3.41E-88,1.70E-87
SGSM2,18.03464017,2.69756882,0.238269649,11.32149576,1.03E-29,2.01E-29
MNT,6.593886349,1.204702976,0.221149939,5.447448838,5.11E-08,6.72E-08
METTL16,5.518073466,0.775240696,0.203636056,3.80699131,0.000140668,0.000169732
PAFAH1B1,2.313996829,-0.929529042,0.16128872,-5.76313731,8.26E-09,1.11E-08
SHPK,11.56469292,2.044979724,0.240121038,8.516453775,1.65E-17,2.60E-17
TAX1BP3,11.4555066,1.64899052,0.250261145,6.589079263,4.43E-11,6.24E-11
CAMKK1,27.70735045,3.317677537,0.244901754,13.54697336,8.26E-42,1.96E-41
ZZEF1,65.92498796,4.572548549,0.208855953,21.89331206,3.01E-106,1.92E-105
CYB5D2,5.94257399,0.997298433,0.200646445,4.970426626,6.68E-07,8.56E-07
ANKFY1,29.76024175,3.423531495,0.17996445,19.02337655,1.09E-80,4.89E-80
UBE2G1,19.95769379,2.669760443,0.223344988,11.95352745,6.22E-33,1.28E-32
MYBBP1A,7.369155299,1.298094836,0.238188287,5.449868468,5.04E-08,6.63E-08
PELP1,34.55650076,3.558914451,0.229801417,15.48691259,4.25E-54,1.25E-53
ARRB2,2.228048968,-0.618506422,0.169309809,-3.653104475,0.000259089,0.000310278
MED11,6.706171478,1.100934939,0.209417961,5.257118022,1.46E-07,1.91E-07
PSMB6,3.684449671,-0.637292065,0.189780863,-3.358041773,0.000784967,0.000925475
PLD2,8.896189958,1.658628355,0.217887285,7.612322831,2.69E-14,4.05E-14
SLC25A11,6.384607944,0.963024508,0.22489901,4.282030894,1.85E-05,2.28E-05
RNF167,7.928432263,1.458121949,0.23759372,6.1370391,8.41E-10,1.15E-09
PFN1,46.73381212,2.119160585,0.223732997,9.471828556,2.75E-21,4.68E-21
KIF1C,130.7427844,5.411377374,0.23314467,23.21038427,3.58E-119,2.61E-118
SLC52A1,18.44762591,2.763490115,0.234544628,11.78236371,4.81E-32,9.78E-32
ZNF232,5.337404942,0.872974469,0.223026603,3.914216761,9.07E-05,0.000110012
USP6,53.47307653,4.322707835,0.266227178,16.23691418,2.76E-59,8.86E-59
ZNF594,5.517062031,0.915065241,0.229203812,3.992364849,6.54E-05,7.97E-05
SCIMP,9.664522705,1.77041428,0.155358891,11.39564184,4.40E-30,8.65E-30
RABEP1,28.32484852,3.187704002,0.237892038,13.39979273,6.06E-41,1.42E-40
NUP88,22.41329866,2.986232732,0.258451963,11.55430469,7.02E-31,1.41E-30
C1QBP,6.387872679,0.453060621,0.220254779,2.056984292,0.039687737,0.043691889
DHX33,60.36592726,4.455678327,0.235068197,18.95483264,4.03E-80,1.79E-79
DERL2,5.13041932,0.605144261,0.215882647,2.803116739,0.005061135,0.00579665
MIS12,60.1728209,4.461733199,0.259732266,17.17820148,3.87E-66,1.39E-65
NLRP1,9.552804228,1.750508202,0.238360883,7.343940754,2.07E-13,3.07E-13
WSCD1,6.08129845,1.089885122,0.214550116,5.079862655,3.78E-07,4.87E-07
KIAA0753,70.51581951,4.681111288,0.196617988,23.80815371,2.75E-125,2.16E-124
TXNDC17,58.81512704,3.765224124,0.216099585,17.42356017,5.47E-68,2.02E-67
MED31,2.619773099,-0.440044926,0.176424359,-2.494241322,0.012622669,0.0142144
SLC13A5,21.18254159,2.968220345,0.240134877,12.36063825,4.27E-35,9.12E-35
AC027763.2,40.91557339,3.931993473,0.253749346,15.4955807,3.72E-54,1.10E-53
C17orf49,4.722271198,0.396759215,0.174915636,2.268289012,0.023311597,0.025997993
ASGR1,14.30707664,2.369848207,0.233934193,10.13040537,4.05E-24,7.24E-24
ACADVL,32.99197579,3.25984932,0.255098007,12.77881138,2.15E-37,4.75E-37
DVL2,68.88793467,4.680840514,0.226154479,20.69753618,3.65E-95,2.00E-94
PHF23,14.26076779,2.292897734,0.219238666,10.45845506,1.34E-25,2.46E-25
GABARAP,26.42582832,2.279124362,0.222799186,10.22950041,1.46E-24,2.63E-24
ELP5,36.35792897,3.68460532,0.216059763,17.05363957,3.28E-65,1.16E-64
SLC2A4,12.51389637,2.186182441,0.251247806,8.701299639,3.28E-18,5.26E-18
EIF5A,15.94173571,1.371381195,0.236396753,5.801184556,6.58E-09,8.87E-09
GPS2,28.2529133,3.307992253,0.281363841,11.75699136,6.50E-32,1.32E-31
ACAP1,36.70323431,3.762352803,0.182853601,20.57576549,4.53E-94,2.44E-93
TMEM256,20.2030367,2.754346661,0.254257267,10.83291224,2.40E-27,4.54E-27
CHRNB1,24.4553573,3.177423052,0.199234131,15.94818638,2.93E-57,9.09E-57
ZBTB4,26.0593123,3.228150108,0.211242137,15.28175274,1.01E-52,2.92E-52
POLR2A,18.05481336,2.551007359,0.243029148,10.49671356,8.94E-26,1.65E-25
SENP3,4.362235112,0.560277244,0.209207123,2.678098317,0.007404148,0.008429529
EIF4A1,6.218897863,-0.880881961,0.20334766,-4.331901143,1.48E-05,1.83E-05
FXR2,38.81324571,3.762791834,0.228071287,16.49831455,3.77E-61,1.24E-60
SAT2,18.84361855,2.534737636,0.234952922,10.78827883,3.91E-27,7.36E-27
ATP1B2,5.835079896,1.003747992,0.230182292,4.360665562,1.30E-05,1.60E-05
TP53,16.77954628,2.601382446,0.250936557,10.36669377,3.51E-25,6.40E-25
WRAP53,15.79639397,2.492414331,0.243790603,10.22358654,1.55E-24,2.80E-24
EFNB3,7.225653994,1.349407114,0.227943217,5.919926589,3.22E-09,4.36E-09
KDM6B,30.02335739,3.436189214,0.260568885,13.18725838,1.04E-39,2.37E-39
TMEM88,4.691695387,0.676129796,0.218599394,3.093008551,0.001981384,0.002301591
NAA38,3.088265942,-0.643248594,0.18350926,-3.505265036,0.000456153,0.000542037
CYB5D1,19.15124758,2.798099489,0.261593459,10.69636643,1.06E-26,1.98E-26
CHD3,52.73178498,4.118232096,0.249294909,16.51951947,2.66E-61,8.79E-61
TRAPPC1,6.247190891,0.579634219,0.19351931,2.995226779,0.002742409,0.003172379
CNTROB,28.06780219,3.35799892,0.237874487,14.1166838,3.00E-45,7.61E-45
VAMP2,40.59090941,3.78647485,0.257574724,14.70049076,6.40E-49,1.73E-48
TMEM107,17.63311406,2.686276109,0.25043204,10.72656723,7.64E-27,1.43E-26
AURKB,18.45834315,2.592259644,0.217190479,11.93542029,7.74E-33,1.59E-32
PFAS,7.185811733,1.306815618,0.238060209,5.489433206,4.03E-08,5.32E-08
SLC25A35,5.956701009,1.057424501,0.219931874,4.807963864,1.52E-06,1.93E-06
RANGRF,8.925436147,1.574738688,0.241931164,6.509036123,7.56E-11,1.06E-10
KRBA2,22.07098094,3.026772309,0.243904218,12.40967596,2.32E-35,4.97E-35
RPL26,17.07465592,-0.788637445,0.205451441,-3.838558836,0.000123759,0.000149528
NDEL1,14.29672086,2.239816656,0.211185778,10.60590667,2.80E-26,5.19E-26
MYH10,13.34368432,2.168280715,0.217276147,9.97937759,1.88E-23,3.32E-23
NTN1,168.4013151,5.986571778,0.251339925,23.81862643,2.14E-125,1.68E-124
STX8,2.730548543,-0.415722691,0.166848498,-2.491617825,0.012716278,0.014318329
GAS7,27.15315398,3.322255724,0.247819793,13.40593372,5.58E-41,1.31E-40
MYH3,63.14893635,4.564254073,0.237322527,19.2322833,1.99E-82,9.14E-82
SCO1,1264.616742,8.845901402,0.169675461,52.13424109,0,0
ADPRM,43.97555767,4.038145247,0.209694272,19.25729874,1.23E-82,5.68E-82
DNAH9,5.17320336,0.825772577,0.229027255,3.605564658,0.000311475,0.000371827
ZNF18,54.84719878,4.337194785,0.255883452,16.94988382,1.93E-64,6.71E-64
MAP2K4,29.63995165,3.315245598,0.225802347,14.68206882,8.40E-49,2.26E-48
ELAC2,7.946823059,1.471001393,0.237510918,6.193405369,5.89E-10,8.09E-10
HS3ST3A1,15.04086086,2.139422294,0.232807438,9.189664699,3.94E-20,6.56E-20
COX10-AS1,59.79876635,4.441924061,0.224395653,19.79505399,3.28E-87,1.61E-86
HS3ST3B1,17.08876346,2.595019449,0.243399502,10.66156435,1.54E-26,2.87E-26
PMP22,1.81321764,-1.393371555,0.128000714,-10.88565452,1.35E-27,2.56E-27
TVP23C,45.16540779,4.024624293,0.257073064,15.65556591,3.04E-55,9.13E-55
ZNF286A,11.47927707,2.055171436,0.237324253,8.659761541,4.73E-18,7.56E-18
ZSWIM7,5.235791053,0.693999773,0.210904292,3.290591045,0.000999771,0.001173255
TTC19,28.93885955,3.308209752,0.249588808,13.25463981,4.24E-40,9.76E-40
NCOR1,11.30659549,1.724780309,0.229204093,7.52508512,5.27E-14,7.88E-14
PIGL,19.90157808,2.842083588,0.233547058,12.16921167,4.53E-34,9.51E-34
CENPV,19.00171507,2.751568992,0.232489295,11.83525027,2.57E-32,5.24E-32
UBB,20.82814513,1.389964781,0.222288133,6.252986893,4.03E-10,5.56E-10
ZNF624,56.35117924,4.399243498,0.251365079,17.50141078,1.40E-68,5.23E-68
CCDC144A,11.9836093,2.101176906,0.228741932,9.185796781,4.08E-20,6.80E-20
MPRIP,5.628820963,0.598480521,0.216663439,2.762258936,0.005740293,0.00655999
MPRIP-AS1,31.9172247,3.571130478,0.263134649,13.57149463,5.91E-42,1.41E-41
FLCN,20.39903225,2.847878975,0.259374003,10.97981657,4.78E-28,9.11E-28
COPS3,99.63214394,4.941470043,0.237275789,20.8258502,2.52E-96,1.42E-95
MED9,33.66597203,3.648068015,0.200407656,18.20323678,4.86E-74,1.97E-73
PEMT,7.322982071,1.296727963,0.222809278,5.819901114,5.89E-09,7.93E-09
RAI1,5.224914383,0.802258758,0.228037416,3.518101419,0.000434646,0.000516763
SMCR5,24.88061866,3.193394606,0.246187438,12.97139544,1.78E-38,3.99E-38
SREBF1,250.4675797,6.549472,0.190736273,34.33784204,2.14E-258,5.68E-257
TOM1L2,6.93701394,1.220720192,0.229641844,5.3157568,1.06E-07,1.39E-07
ATPAF2,21.61064698,2.945504123,0.241353451,12.20411022,2.96E-34,6.22E-34
DRG2,26.44389185,3.160130459,0.25622226,12.33355158,5.98E-35,1.27E-34
ALKBH5,2.286315581,-0.831844421,0.150660248,-5.521326497,3.36E-08,4.45E-08
LLGL1,39.30067399,3.852468421,0.229839826,16.76153555,4.66E-63,1.58E-62
FLII,9.889118068,1.664020281,0.223381773,7.449221385,9.39E-14,1.40E-13
TOP3A,36.86756001,3.752417154,0.163115414,23.00467541,4.19E-117,2.99E-116
SMCR8,51.66130104,4.272580908,0.240190086,17.78833163,8.70E-71,3.36E-70
SHMT1,34.49450516,3.641486465,0.246171741,14.79246339,1.64E-49,4.48E-49
FOXO3B,7.02157374,1.290766862,0.242428866,5.324311765,1.01E-07,1.32E-07
TRIM16L,15.63319434,2.452823734,0.242269043,10.12437951,4.31E-24,7.69E-24
PRPSAP2,106.9309997,5.307281483,0.236952192,22.39811092,4.11E-111,2.75E-110
EPN2,48.55553553,4.037639082,0.253727233,15.91330594,5.12E-57,1.58E-56
B9D1,4.07886236,0.394227826,0.181328233,2.174111659,0.029696751,0.032916296
ALDH3A2,16.61738913,2.500805008,0.266874438,9.370717665,7.20E-21,1.22E-20
ULK2,5.091183924,0.776944225,0.204287248,3.803194927,0.000142842,0.000172298
AKAP10,10.91872638,1.898043712,0.259571034,7.312232349,2.63E-13,3.88E-13
SPECC1,23.57214424,3.057112461,0.185130723,16.51326377,2.95E-61,9.73E-61
USP22,1022.845368,8.380498049,0.156079259,53.69386109,0,0
DHRS7B,6.984492512,1.239599686,0.224027797,5.533240536,3.14E-08,4.16E-08
TMEM11,1.839423265,-1.400376881,0.128458456,-10.90139894,1.13E-27,2.15E-27
MTRNR2L1,9.254491479,1.735511164,0.247064945,7.02451401,2.15E-12,3.12E-12
WSB1,31.04959541,3.39950788,0.152793976,22.24896536,1.15E-109,7.62E-109
LYRM9,25.12797193,3.219990606,0.261233486,12.32610207,6.55E-35,1.39E-34
NLK,5.244651834,0.773722953,0.222875658,3.471545351,0.000517472,0.000614095
TMEM97,13.24370011,2.227601593,0.242166887,9.198621747,3.63E-20,6.04E-20
TNFAIP1,6.057023267,1.047808959,0.212839373,4.923003419,8.52E-07,1.09E-06
POLDIP2,22.24310373,2.916443344,0.237603199,12.27442795,1.24E-34,2.63E-34
TMEM199,75.11532696,4.70238578,0.209256095,22.47191784,7.81E-112,5.27E-111
UNC119,5.135773426,0.77207457,0.218923526,3.526686161,0.000420795,0.000500569
ALDOC,20.86597488,2.944196375,0.177356935,16.6004018,6.92E-62,2.32E-61
SPAG5,21.62582505,2.942157956,0.255733621,11.50477575,1.25E-30,2.49E-30
KIAA0100,58.88126348,4.357981473,0.254369435,17.13248872,8.49E-66,3.03E-65
SDF2,175.935379,5.800531099,0.194222925,29.86532661,5.55E-196,8.80E-195
SUPT6H,1.686357019,-1.424414351,0.133657572,-10.65719154,1.61E-26,3.01E-26
RAB34,10.96586637,1.357841918,0.212984633,6.375304636,1.83E-10,2.54E-10
RPL23A,5.850075816,-2.613533985,0.167428475,-15.60985358,6.24E-55,1.86E-54
TLCD1,32.60651676,3.601282684,0.259970605,13.85265341,1.23E-43,3.02E-43
NEK8,226.322346,6.392132917,0.214143912,29.84970641,8.86E-196,1.40E-194
TRAF4,54.72221723,4.251859778,0.220372818,19.29393929,6.04E-83,2.81E-82
FAM222B,15.55395841,2.402414259,0.214689874,11.19016103,4.56E-29,8.83E-29
ERAL1,59.61388062,4.42593191,0.256952675,17.22469675,1.73E-66,6.25E-66
FLOT2,397.0257091,7.215991687,0.177164084,40.73055633,0,0
PHF12,13.26762418,2.250336087,0.229625265,9.800036965,1.13E-22,1.96E-22
MYO18A,8.238346199,1.521679232,0.238260522,6.386619238,1.70E-10,2.36E-10
NUFIP2,10.19538726,1.716192373,0.234724351,7.311522507,2.64E-13,3.90E-13
TAOK1,224.7933234,6.246673694,0.147031338,42.48532164,0,0
ABHD15,7.886015709,1.479854525,0.236496663,6.257401286,3.91E-10,5.41E-10
GIT1,18.53174996,2.687162543,0.232015564,11.58182019,5.10E-31,1.02E-30
ANKRD13B,46.40072355,4.083970888,0.255287747,15.99752021,1.33E-57,4.14E-57
SSH2,9.032107827,1.527446075,0.225768807,6.76553194,1.33E-11,1.90E-11
NSRP1,5.460985102,0.563327636,0.201685792,2.793095289,0.005220631,0.005976457
SLC6A4,12.14089775,2.129067245,0.239200621,8.900759693,5.55E-19,9.02E-19
BLMH,4.457046943,0.47213796,0.212352799,2.223365842,0.026191141,0.029125685
CPD,177.1811598,6.028022152,0.194413675,31.00616328,4.45E-211,8.09E-210
GOSR1,27.59354798,3.20651381,0.225728808,14.20515991,8.51E-46,2.18E-45
CRLF3,17.20706072,2.500282421,0.208501989,11.9916478,3.93E-33,8.13E-33
ATAD5,25.60370765,3.159029528,0.231426452,13.65025261,2.01E-42,4.86E-42
NF1,49.33513626,4.026476628,0.250387651,16.08097131,3.47E-58,1.09E-57
OMG,42.34112084,3.971652915,0.222501824,17.84997913,2.89E-71,1.12E-70
EVI2A,9.398833626,1.725982835,0.176775395,9.76370515,1.61E-22,2.80E-22
RAB11FIP4,6.936555179,1.297991386,0.234888648,5.525986024,3.28E-08,4.34E-08
COPRS,14.22655558,2.041107889,0.234804901,8.692782321,3.54E-18,5.67E-18
UTP6,36.82985548,3.603526282,0.245793646,14.66077884,1.15E-48,3.09E-48
SUZ12,104.8558304,5.126721713,0.238615443,21.48528886,2.14E-102,1.30E-101
LRRC37B,42.4226681,3.952811111,0.229098636,17.25375225,1.05E-66,3.80E-66
RHOT1,7.012510502,1.273030012,0.220905774,5.762773815,8.27E-09,1.11E-08
RHBDL3,1.840959714,-1.100062648,0.139231731,-7.900947857,2.77E-15,4.23E-15
ZNF207,6.078810539,0.802605346,0.228027512,3.519774161,0.000431914,0.000513572
CDK5R1,15.08039929,2.452536892,0.19618229,12.50131644,7.34E-36,1.59E-35
TMEM98,22.57650685,2.957009581,0.244343368,12.10186141,1.03E-33,2.15E-33
CCT6B,39.2610353,3.872780751,0.256868815,15.07688176,2.30E-51,6.48E-51
ZNF830,56.98998905,4.372646309,0.259808627,16.83025831,1.46E-63,5.02E-63
LIG3,38.64135608,3.838365996,0.234965822,16.33584818,5.49E-60,1.78E-59
RFFL,8.331789979,1.4805188,0.232705738,6.362192915,1.99E-10,2.76E-10
NLE1,1.646253712,-1.289486896,0.146738161,-8.787672431,1.53E-18,2.46E-18
SLFN5,6.432747989,0.983542841,0.212144853,4.636185255,3.55E-06,4.45E-06
SLFN13,4.017644763,0.422746535,0.20534163,2.058747339,0.039518449,0.043514336
AP2B1,14.56289792,2.16750182,0.260671627,8.315066143,9.17E-17,1.43E-16
TAF15,57.1018945,4.155292648,0.243916189,17.03573944,4.46E-65,1.57E-64
RASL10B,21.34858334,2.980459322,0.242636052,12.28366229,1.11E-34,2.35E-34
CCL5,70.81672922,4.730882505,0.239079845,19.78787674,3.79E-87,1.86E-86
RDM1,18.35544344,2.754809157,0.2138819,12.8800481,5.83E-38,1.30E-37
TBC1D3B,4.957797026,0.76989781,0.224937025,3.422726032,0.000619965,0.000733484
ZNHIT3,4.91479736,0.571385537,0.221093741,2.584358715,0.009756027,0.011050391
MYO19,4.625051694,0.491860054,0.216240948,2.274592572,0.022930382,0.025593858
PIGW,146.8974382,5.768029843,0.222804717,25.88827528,9.03E-148,9.18E-147
GGNBP2,71.73382931,4.544478973,0.259614612,17.50471186,1.32E-68,4.93E-68
DHRS11,26.65420549,3.305304212,0.268396229,12.31501731,7.52E-35,1.60E-34
LHX1,14.61381019,2.42105642,0.251714494,9.618263872,6.70E-22,1.15E-21
ACACA,120.9479738,5.412466232,0.228455634,23.69154191,4.41E-124,3.41E-123
C17orf78,4.84097259,0.734179907,0.216961096,3.383924214,0.000714577,0.000843491
TADA2A,46.61190344,4.018903822,0.224937524,17.86675583,2.14E-71,8.33E-71
DUSP14,17.44318693,2.397257929,0.241054549,9.944877366,2.66E-23,4.68E-23
SYNRG,5.482843517,0.878637987,0.229243147,3.832777548,0.000126705,0.000153054
MRPL45,12.90821162,2.128315491,0.195373963,10.89354723,1.24E-27,2.35E-27
ARHGAP23,205.0137494,6.166054851,0.269483155,22.88104003,7.18E-116,5.04E-115
SRCIN1,18.49480661,2.767602681,0.265266354,10.43329709,1.75E-25,3.20E-25
MLLT6,25.64610459,3.249251367,0.257103387,12.63791739,1.30E-36,2.85E-36
PCGF2,5.218757368,0.697870286,0.165724979,4.211014491,2.54E-05,3.12E-05
PSMB3,6.817274491,0.440867154,0.210069265,2.098675184,0.035845544,0.03955019
PIP4K2B,7.892319085,1.433360074,0.237560546,6.033662143,1.60E-09,2.18E-09
RPL23,43.77270503,2.049191899,0.227801973,8.995496716,2.35E-19,3.86E-19
LASP1,259.4970356,6.447230212,0.181682694,35.4862099,8.02E-276,2.40E-274
LINC00672,6.707751335,1.24228266,0.228893128,5.427347988,5.72E-08,7.52E-08
RPL19,40.59387186,0.426844592,0.198298987,2.152530372,0.031355606,0.034691648
STAC2,9.504901662,1.751772756,0.237921741,7.362810762,1.80E-13,2.67E-13
MED1,2.062452609,-0.900559431,0.14882403,-6.051169483,1.44E-09,1.96E-09
CDK12,42.02387902,3.789116901,0.21917889,17.28778217,5.81E-67,2.11E-66
STARD3,91.9401313,5.046552633,0.246851217,20.44370164,6.84E-93,3.62E-92
ERBB2,5.143968,0.815563064,0.218183858,3.737962429,0.000185518,0.000223007
MIEN1,20.17580423,2.664704058,0.258022407,10.32741337,5.30E-25,9.61E-25
GSDMB,29.58615919,3.411945701,0.173234874,19.69548982,2.36E-86,1.15E-85
ORMDL3,137.0151847,5.666724528,0.229434882,24.69861806,1.11E-134,9.77E-134
PSMD3,14.70115633,2.160943504,0.233957773,9.236468067,2.55E-20,4.26E-20
MED24,1.755973833,-1.271016762,0.134444604,-9.453832457,3.27E-21,5.55E-21
THRA,58.85814129,4.39996564,0.232721318,18.90658614,1.01E-79,4.43E-79
MSL1,1.902331636,-1.159927435,0.135286073,-8.573886528,1.00E-17,1.59E-17
CASC3,139.418677,5.608012337,0.205770563,27.25371528,1.50E-163,1.81E-162
RAPGEFL1,66.62870635,4.631527852,0.246794198,18.76676149,1.41E-78,6.14E-78
WIPF2,19.49617665,2.791611891,0.234275711,11.91592537,9.78E-33,2.01E-32
TOP2A,102.2698145,4.931569476,0.219122824,22.5059598,3.63E-112,2.46E-111
SMARCE1,7.971290481,1.305880349,0.210644777,6.199443276,5.67E-10,7.80E-10
KRT10,17.2376005,1.774240786,0.25135483,7.058709734,1.68E-12,2.44E-12
TMEM99,34.222014,3.598851354,0.246928545,14.57446465,4.08E-48,1.09E-47
HAP1,11.43654258,2.046275866,0.197409983,10.36561493,3.55E-25,6.47E-25
JUP,73.21222326,4.779186864,0.257923632,18.52946479,1.19E-76,5.04E-76
FKBP10,29.00792921,3.054951732,0.247580236,12.33923912,5.57E-35,1.19E-34
NT5C3B,5.13659388,0.718488799,0.221192611,3.248249551,0.001161174,0.001360314
ACLY,55.8539539,4.320995414,0.231416304,18.67195762,8.37E-78,3.60E-77
TTC25,47.09030329,4.126989977,0.200132766,20.62126087,1.77E-94,9.57E-94
CNP,387.3828614,7.095816984,0.188401361,37.66330003,0,0
DNAJC7,14.8714662,2.109152429,0.234716699,8.985949619,2.57E-19,4.20E-19
NKIRAS2,11.59006867,1.95315319,0.235390584,8.297499248,1.06E-16,1.66E-16
KAT2A,9.188258346,1.681047247,0.198210677,8.481113489,2.23E-17,3.52E-17
STAT5B,65.77045253,4.601907107,0.256054804,17.97235212,3.21E-72,1.26E-71
STAT3,6.477930616,1.0446388,0.227496169,4.591896219,4.39E-06,5.50E-06
ATP6V0A1,8.850687074,1.555476847,0.225202561,6.907012251,4.95E-12,7.12E-12
COASY,44.46139064,4.03244196,0.281083655,14.34605636,1.13E-46,2.94E-46
MLX,15.15348432,2.314131865,0.235298711,9.834868439,7.97E-23,1.40E-22
PSMC3IP,22.23165746,2.956150015,0.244409933,12.09504858,1.12E-33,2.34E-33
TUBG1,23.48257493,2.895886107,0.258441349,11.20519655,3.84E-29,7.46E-29
TUBG2,74.6093193,4.754394539,0.256633292,18.52602404,1.27E-76,5.36E-76
CNTNAP1,20.18308574,2.887966517,0.25807061,11.190606,4.53E-29,8.79E-29
EZH1,2.335827925,-0.643678809,0.165507264,-3.889127253,0.000100605,0.000121906
RAMP2-AS1,192.9719527,6.183358354,0.236288021,26.16873389,6.03E-151,6.39E-150
VPS25,13.8174774,2.076002228,0.259845132,7.989382793,1.36E-15,2.08E-15
WNK4,18.25802713,2.721537482,0.233168408,11.6719821,1.77E-31,3.57E-31
COA3,5.127037104,0.50617781,0.216355263,2.339567818,0.019306066,0.021610704
BECN1,14.35392738,2.23282821,0.254715255,8.765977551,1.85E-18,2.98E-18
PSME3,21.35781476,2.830584023,0.263267388,10.75174575,5.82E-27,1.09E-26
AARSD1,9.392379017,1.611073398,0.232746552,6.922007575,4.45E-12,6.41E-12
RPL27,29.59554762,0.907888553,0.219288794,4.140150237,3.47E-05,4.25E-05
VAT1,21.56201535,2.743655177,0.222591229,12.3259806,6.56E-35,1.40E-34
RND2,2.087657044,-0.737301981,0.158832035,-4.642023137,3.45E-06,4.33E-06
BRCA1,13.6050394,2.13986966,0.23666291,9.041846298,1.54E-19,2.53E-19
NBR2,37.6473307,3.778689883,0.24465276,15.44511448,8.14E-54,2.38E-53
NBR1,4.931702816,0.699862481,0.219659075,3.186130516,0.001441895,0.001683011
TMEM106A,1.923537247,-0.887470607,0.162154224,-5.473003329,4.42E-08,5.84E-08
DHX8,30.57438893,3.411514912,0.239532305,14.24240004,5.00E-46,1.29E-45
ETV4,5.724861643,0.953383391,0.221392843,4.306297243,1.66E-05,2.05E-05
DUSP3,71.79741427,4.696609806,0.201097033,23.35494329,1.23E-120,9.16E-120
MPP3,35.92710457,3.655293105,0.270144656,13.53087328,1.03E-41,2.44E-41
MPP2,12.56786337,2.189756022,0.241323231,9.07395452,1.15E-19,1.89E-19
TMEM101,99.17669751,5.155742825,0.220088716,23.42574817,2.34E-121,1.75E-120
LSM12,14.44324981,2.218222848,0.247576949,8.959730942,3.25E-19,5.32E-19
HDAC5,44.05209213,3.987545135,0.224539597,17.75876145,1.47E-70,5.67E-70
C17orf53,40.06628847,3.903250517,0.224430884,17.3917709,9.52E-68,3.51E-67
ATXN7L3,54.20205806,4.277652316,0.252988388,16.90849275,3.90E-64,1.35E-63
UBTF,8.497856687,1.397930757,0.211563006,6.60763326,3.91E-11,5.52E-11
RUNDC3A,41.3106406,3.947225782,0.244868135,16.1198017,1.85E-58,5.86E-58
SLC25A39,123.0040886,5.360876936,0.2585335,20.73571486,1.65E-95,9.14E-95
GRN,5.428646048,0.699678962,0.212024181,3.299996066,0.000966862,0.001135371
GPATCH8,7.466558302,1.228054537,0.215705926,5.693188689,1.25E-08,1.67E-08
FZD2,27.33608823,3.318969868,0.229574733,14.45703467,2.26E-47,5.97E-47
CCDC43,7.533472943,1.343521163,0.23328276,5.759196114,8.45E-09,1.13E-08
DBF4B,43.89630214,4.02466354,0.239697683,16.79058176,2.86E-63,9.75E-63
GJC1,15.76037224,2.499574259,0.234101431,10.67731302,1.30E-26,2.43E-26
EFTUD2,15.00014583,2.389074533,0.249182674,9.587643034,9.01E-22,1.55E-21
KIF18B,8.519038518,1.573992611,0.224370496,7.015149667,2.30E-12,3.33E-12
DCAKD,57.83564203,4.383239729,0.217992881,20.10726085,6.37E-90,3.25E-89
NMT1,16.14913101,2.367094357,0.156075052,15.16638518,5.90E-52,1.68E-51
PLCD3,16.36018703,2.565787538,0.265683552,9.657306677,4.58E-22,7.90E-22
HEXIM1,40.41937466,3.840739077,0.253123734,15.17336605,5.31E-52,1.51E-51
PLEKHM1,5.229947916,0.804769261,0.227118007,3.54339698,0.000395008,0.000470511
MAPT,41.11563315,3.940552305,0.224795152,17.5295253,8.53E-69,3.20E-68
KANSL1,39.50454914,3.745996136,0.234671059,15.9627529,2.32E-57,7.20E-57
KANSL1-AS1,5.147835128,0.819147146,0.218357038,3.751411699,0.000175842,0.000211516
ARL17B,5.279866693,0.858141799,0.230123927,3.729042038,0.000192209,0.000230897
LRRC37A,49.12641891,4.198776337,0.221696449,18.93930355,5.41E-80,2.39E-79
LRRC37A2,74.50625638,4.783353636,0.22313445,21.43709155,6.03E-102,3.66E-101
ARL17A,52.881186,4.306674365,0.225755956,19.07668102,3.95E-81,1.78E-80
FAM215B,142.4301773,5.744303809,0.231834468,24.77760901,1.56E-135,1.40E-134
NSF,11.58558341,1.964804712,0.248194894,7.916378448,2.45E-15,3.74E-15
WNT3,7.913592652,1.480618499,0.21832739,6.781643392,1.19E-11,1.70E-11
WNT9B,13.27676757,2.264029681,0.253171643,8.942666947,3.80E-19,6.20E-19
GOSR2,2.011859369,-1.063990896,0.140191604,-7.589547925,3.21E-14,4.82E-14
CDC27,141.0589914,5.50549404,0.236096685,23.31881124,2.86E-120,2.12E-119
EFCAB13,13.74225372,2.305522574,0.250097634,9.218490147,3.01E-20,5.03E-20
NPEPPS,113.5757152,5.251622008,0.211310326,24.85265207,2.42E-136,2.20E-135
KPNB1,11.69966751,1.451224471,0.245896865,5.90176078,3.60E-09,4.86E-09
MRPL10,9.688224645,1.749735824,0.243328836,7.190828072,6.44E-13,9.44E-13
SCRN2,23.41729525,3.063508818,0.248713998,12.31739604,7.30E-35,1.55E-34
SP2,37.73451731,3.771046987,0.27241334,13.84310692,1.40E-43,3.45E-43
PNPO,5.609113955,0.911761068,0.235920194,3.864701252,0.000111225,0.00013464
CDK5RAP3,47.47998996,4.094417402,0.264665038,15.47018617,5.51E-54,1.62E-53
NFE2L1,6.284434988,1.019994006,0.234921159,4.341856692,1.41E-05,1.75E-05
SNX11,9.695242532,1.787762996,0.233484601,7.656877527,1.91E-14,2.87E-14
SKAP1,38.41598548,3.840197286,0.22782876,16.85562999,9.54E-64,3.28E-63
HOXB1,2.201763694,-0.628890672,0.16578757,-3.793352379,0.000148627,0.000179216
HOXB2,8.21749129,1.484263414,0.220029687,6.745741605,1.52E-11,2.17E-11
HOXB3,59.5097273,4.46783578,0.201357878,22.18853226,4.43E-109,2.91E-108
HOXB-AS3,13.55415248,2.290349155,0.235489238,9.725918566,2.34E-22,4.05E-22
HOXB4,27.1624818,3.331801587,0.199808625,16.67496383,1.99E-62,6.71E-62
HOXB5,51.10646359,4.257267656,0.279716454,15.21994003,2.61E-52,7.47E-52
HOXB6,69.97581282,4.69248487,0.195143674,24.04630795,9.12E-128,7.43E-127
HOXB7,5.323319923,0.84014487,0.225380007,3.727681445,0.000193249,0.000232121
HOXB-AS4,2.101371253,-0.711289987,0.160617492,-4.428471501,9.49E-06,1.18E-05
CALCOCO2,16.3808198,2.484081063,0.253750016,9.78948141,1.25E-22,2.18E-22
UBE2Z,8.620980868,1.419670327,0.242582119,5.852328826,4.85E-09,6.54E-09
SNF8,69.42257698,4.236697115,0.254712155,16.63327418,4.00E-62,1.34E-61
IGF2BP1,2.303361853,-0.579329973,0.175129259,-3.308013614,0.000939602,0.001103957
AC004797.1,115.7330247,5.37941114,0.219379369,24.52104391,8.81E-133,7.64E-132
ZNF652,88.13143342,4.941293076,0.219314112,22.53066635,2.08E-112,1.41E-111
PHB,18.14417817,2.136966688,0.234623125,9.1080821,8.39E-20,1.39E-19
NGFR,64.67480722,4.578378976,0.203697533,22.47635951,7.07E-112,4.77E-111
SPOP,9.226527982,1.600180615,0.236839772,6.756384706,1.41E-11,2.02E-11
SLC35B1,12.24843392,2.096237515,0.253624305,8.265128659,1.40E-16,2.17E-16
FAM117A,30.58680677,3.507210606,0.248037861,14.1398196,2.16E-45,5.49E-45
KAT7,8.281120673,1.489024815,0.226503892,6.573948046,4.90E-11,6.91E-11
ITGA3,51.68874461,4.011235547,0.245639125,16.32979089,6.06E-60,1.96E-59
PDK2,9.15679584,1.660848899,0.23337647,7.116608202,1.11E-12,1.61E-12
XYLT2,2.47060152,-0.479604391,0.162034822,-2.959884702,0.003077542,0.003554003
MRPL27,219.8579577,5.98046184,0.171982831,34.773598,6.10E-265,1.70E-263
EME1,14.56500833,2.410767823,0.212513611,11.34406317,7.94E-30,1.56E-29
LRRC59,44.43151381,3.601718873,0.245106954,14.6944785,6.99E-49,1.89E-48
RSAD1,1.888504988,-1.013471232,0.159944816,-6.336380619,2.35E-10,3.27E-10
SPATA20,1250.17484,8.839249817,0.156603151,56.44362692,0,0
ANKRD40,49.69262337,4.172310584,0.255749512,16.31405103,7.84E-60,2.53E-59
LUC7L3,52.53808362,3.974117575,0.22952814,17.31429346,3.67E-67,1.34E-66
TOB1,5.452473682,0.882304739,0.215666575,4.091059254,4.29E-05,5.25E-05
SPAG9,24.04145314,2.723911666,0.189971409,14.33853486,1.26E-46,3.28E-46
UTP18,28.93635082,3.240661595,0.238243196,13.6023259,3.88E-42,9.29E-42
TOM1L1,2.490545255,-0.464391286,0.178495216,-2.601701587,0.009276253,0.010512442
COX11,23.69720499,2.98458777,0.199555787,14.95615748,1.42E-50,3.95E-50
STXBP4,40.07494257,3.848020416,0.258888655,14.86361162,5.68E-50,1.56E-49
MMD,270.2954724,6.638772257,0.148653274,44.65944206,0,0
PCTP,475.6755576,7.43344621,0.188333404,39.46961106,0,0
NOG,11.31075416,2.025755006,0.244409938,8.288349567,1.15E-16,1.79E-16
DGKE,5.170011258,0.76349719,0.222062191,3.438213345,0.000585566,0.00069339
TRIM25,33.6803428,3.575254526,0.246413874,14.50914456,1.06E-47,2.81E-47
COIL,218.5854616,6.320512283,0.222996167,28.34359156,1.00E-176,1.37E-175
SCPEP1,5.690052165,0.864994526,0.175077165,4.940647318,7.79E-07,9.95E-07
AKAP1,53.93487345,4.260041475,0.210399658,20.24737833,3.75E-91,1.94E-90
CUEDC1,2.083279593,-0.98683124,0.132109635,-7.469790093,8.03E-14,1.20E-13
SRSF1,38.76811656,3.569008145,0.259734147,13.74100472,5.77E-43,1.40E-42
DYNLL2,74.73615142,4.6939569,0.19691495,23.83748368,1.37E-125,1.08E-124
MKS1,8.167932155,1.503169924,0.221464168,6.787418208,1.14E-11,1.63E-11
SUPT4H1,25.67872853,2.934110234,0.259059626,11.32600349,9.76E-30,1.91E-29
MTMR4,6.745836231,1.2049842,0.235471928,5.117315716,3.10E-07,4.01E-07
RAD51C,25.37461537,3.126433301,0.247121915,12.65138017,1.10E-36,2.41E-36
PPM1E,14.51378729,2.398753528,0.230244494,10.41828832,2.05E-25,3.74E-25
TRIM37,2.381117121,-0.563701201,0.172233364,-3.272892018,0.001064531,0.001247905
SKA2,69.24842679,4.335973031,0.250268881,17.32525843,3.03E-67,1.11E-66
PRR11,6.834293683,1.209369589,0.241216999,5.013616753,5.34E-07,6.86E-07
SMG8,34.08708422,3.654513705,0.265604408,13.75923587,4.48E-43,1.09E-42
GDPD1,10.06989635,1.86163441,0.239318292,7.778905634,7.32E-15,1.11E-14
YPEL2,21.24159232,2.962335978,0.252072872,11.75190315,6.90E-32,1.40E-31
DHX40,8.295747745,1.513248463,0.238892062,6.3344443,2.38E-10,3.31E-10
CLTC,15.43486622,1.933760628,0.230103153,8.40388585,4.32E-17,6.78E-17
PTRH2,51.17540072,4.112236245,0.232782632,17.66556294,7.72E-70,2.94E-69
VMP1,10.49960821,1.442354012,0.231876706,6.220348897,4.96E-10,6.83E-10
TUBD1,39.90484369,3.895934093,0.207045603,18.81679219,5.50E-79,2.40E-78
RPS6KB1,25.38403254,3.117890673,0.244063861,12.77489692,2.26E-37,4.99E-37
RNFT1,22.12763681,3.022773593,0.255410906,11.83494329,2.58E-32,5.26E-32
CA4,6.034610448,1.0777674,0.232827337,4.629041477,3.67E-06,4.61E-06
USP32,27.35023858,3.215995038,0.221398638,14.52581219,8.32E-48,2.21E-47
APPBP2,175.0473599,5.868520392,0.18922154,31.01401882,3.49E-211,6.35E-210
PPM1D,48.58097223,4.098568113,0.236802148,17.30798539,4.09E-67,1.49E-66
BCAS3,8.698095015,1.534613208,0.248341812,6.179439531,6.43E-10,8.83E-10
AC005884.1,11.67202296,2.081472597,0.2189572,9.506298951,1.98E-21,3.37E-21
BRIP1,2.223836629,-0.865190223,0.156792526,-5.51805783,3.43E-08,4.53E-08
MED13,66.2022904,4.505392294,0.171924735,26.20560843,2.29E-151,2.43E-150
TLK2,17.81404241,2.604143881,0.253926422,10.25550577,1.12E-24,2.02E-24
MRC2,46.05539634,3.938634657,0.256933646,15.32938452,4.87E-53,1.41E-52
TANC2,224.6699273,6.360106894,0.214153649,29.6988024,7.96E-194,1.23E-192
CYB561,42.2321162,3.924320105,0.242779042,16.16416339,9.03E-59,2.87E-58
TACO1,41.60808158,3.873143558,0.262405788,14.76013007,2.65E-49,7.21E-49
MAP3K3,8.181767216,1.462031892,0.216713075,6.746394488,1.52E-11,2.16E-11
STRADA,12.74841526,2.150385702,0.24942149,8.62149329,6.61E-18,1.05E-17
LIMD2,4.834643625,0.639335888,0.215842848,2.962043421,0.003056047,0.003529555
DDX42,28.27693213,3.277557567,0.270411871,12.12061271,8.21E-34,1.72E-33
FTSJ3,71.67690719,4.685808635,0.220898327,21.21251297,7.32E-100,4.30E-99
PSMC5,8.719723046,1.003595327,0.209864309,4.782115311,1.73E-06,2.20E-06
SMARCD2,22.80814683,3.020863897,0.24318208,12.42223068,1.98E-35,4.25E-35
TEX2,21.43882745,2.975892392,0.252369205,11.79182061,4.30E-32,8.76E-32
POLG2,83.42152412,4.936976717,0.242907551,20.32450901,7.81E-92,4.08E-91
DDX5,10.19309705,0.808267859,0.214716603,3.764347276,0.000166985,0.000200973
CEP95,38.46499441,3.756641575,0.226977809,16.55069981,1.58E-61,5.27E-61
SMURF2,16.24097248,1.964515851,0.250442194,7.844188776,4.36E-15,6.63E-15
LRRC37A3,7.188603642,1.347274305,0.221269546,6.088837479,1.14E-09,1.55E-09
GNA13,6.241392008,1.098060905,0.212991705,5.155416281,2.53E-07,3.28E-07
AXIN2,182.8711068,6.094994322,0.233120552,26.14524657,1.12E-150,1.18E-149
CEP112,106.1726208,5.285566921,0.220390135,23.98277455,4.21E-127,3.40E-126
PRKCA,74.24546729,4.069703203,0.23853311,17.06137651,2.88E-65,1.02E-64
CACNG4,30.81669619,3.519114256,0.246263554,14.29003277,2.52E-46,6.54E-46
HELZ,2.236121707,-0.718556125,0.167116303,-4.299736856,1.71E-05,2.11E-05
PSMD12,7.066218523,0.892548603,0.215450733,4.142703948,3.43E-05,4.21E-05
NOL11,5.645176769,0.840430034,0.221124716,3.800706007,0.000144284,0.000174019
BPTF,11.19651729,1.737058337,0.224383374,7.741475245,9.83E-15,1.49E-14
C17orf58,11.44263705,1.987857024,0.241497371,8.231381649,1.85E-16,2.88E-16
KPNA2,30.32915926,3.126419741,0.251116834,12.45006037,1.40E-35,3.01E-35
AMZ2,15.99273991,2.510541047,0.244502834,10.26794253,9.83E-25,1.78E-24
ARSG,30.12181287,3.452976789,0.241964262,14.2706066,3.34E-46,8.62E-46
SLC16A6,16.46529829,2.594928003,0.238760813,10.86831616,1.63E-27,3.09E-27
WIPI1,1245.48261,8.723640598,0.193499774,45.08346655,0,0
PRKAR1A,2.78261494,-0.655638149,0.182512414,-3.592293456,0.00032778,0.000391077
FAM20A,4.411077014,0.570487291,0.208847218,2.731601098,0.00630274,0.007192165
AC079210.1,101.7449088,5.256488709,0.234214696,22.4430354,1.50E-111,1.00E-110
ABCA8,11.28235305,2.023497342,0.22886827,8.841318819,9.46E-19,1.53E-18
ABCA5,29.38328031,3.404869773,0.221979988,15.33863391,4.22E-53,1.22E-52
MAP2K6,26.09951805,3.273164894,0.246860255,13.25918139,3.99E-40,9.19E-40
KCNJ2,16.61403185,2.610359901,0.256037554,10.19522276,2.08E-24,3.74E-24
SOX9,13.76806637,2.267366283,0.248174382,9.136181836,6.47E-20,1.07E-19
SLC39A11,14.56483639,2.323656803,0.245454016,9.466770372,2.89E-21,4.91E-21
COG1,21.76256901,2.9123143,0.248706971,11.70982176,1.14E-31,2.29E-31
FAM104A,131.5028041,5.535924767,0.230745951,23.99142758,3.42E-127,2.77E-126
CDC42EP4,61.64895554,4.476917323,0.250288623,17.88701888,1.49E-71,5.80E-71
RPL38,17.95992799,0.611515778,0.227553638,2.687347843,0.007202191,0.00820648
TTYH2,221.9126065,6.38599649,0.177205935,36.03714783,2.19E-284,7.16E-283
SLC9A3R1,15.92371406,2.467855447,0.22993686,10.73275265,7.14E-27,1.34E-26
NAT9,8.780471776,1.575671659,0.225447234,6.98909288,2.77E-12,4.00E-12
TMEM104,15.39351582,2.439508109,0.250352719,9.744284457,1.95E-22,3.39E-22
CDR2L,622.2213022,7.770392729,0.159894609,48.59696513,0,0
KCTD2,6.347804919,1.148198171,0.231861732,4.952081392,7.34E-07,9.39E-07
ARMC7,82.62362214,4.903032663,0.225029825,21.78836811,2.99E-105,1.88E-104
NT5C,8.692947533,1.240221165,0.21603065,5.740950009,9.41E-09,1.26E-08
SUMO2,10.49705968,0.788520237,0.206589142,3.816852275,0.000135165,0.000163183
NUP85,7.259129245,1.277197439,0.231019071,5.528536803,3.23E-08,4.28E-08
GGA3,4.868050045,0.707836454,0.20852921,3.394423506,0.000687732,0.000812245
MRPS7,24.9588219,2.968772418,0.233008607,12.74104186,3.50E-37,7.70E-37
MIF4GD,4.654079064,0.659173109,0.219560395,3.002240495,0.002680004,0.003100519
SLC25A19,33.87401008,3.625660419,0.258729936,14.01330081,1.29E-44,3.24E-44
GRB2,69.21769328,4.506808307,0.254691614,17.69515785,4.57E-70,1.75E-69
CASKIN2,8.747453651,1.646960763,0.219749731,7.49471117,6.64E-14,9.92E-14
RECQL5,126.1951007,5.52422128,0.152191754,36.29777004,1.75E-288,5.81E-287
H3F3B,106.4544313,3.673367607,0.237911859,15.44003572,8.81E-54,2.58E-53
UNK,30.36182938,3.453092915,0.262864294,13.13640914,2.04E-39,4.63E-39
WBP2,25.82711889,3.123677728,0.229692326,13.59939961,4.04E-42,9.67E-42
TRIM65,35.09795324,3.685395913,0.24045334,15.32686514,5.06E-53,1.46E-52
MRPL38,119.1766042,5.331795886,0.168912586,31.56541503,1.10E-218,2.14E-217
ACOX1,32.13100803,3.504628633,0.236154399,14.84041223,8.03E-50,2.21E-49
SRP68,79.93078779,4.761246015,0.250828992,18.98204023,2.40E-80,1.07E-79
EXOC7,125.5929636,5.455185136,0.217666046,25.06217772,1.29E-138,1.20E-137
RNF157,9.526984133,1.772738096,0.231643205,7.65288191,1.97E-14,2.96E-14
PRPSAP1,35.32106026,3.592354822,0.222192849,16.16773376,8.52E-59,2.71E-58
SPHK1,133.5847955,5.315841816,0.201317768,26.40522926,1.19E-153,1.29E-152
UBE2O,33.27692781,3.555201013,0.253816331,14.00698291,1.41E-44,3.55E-44
RHBDF2,7.532036132,1.408881447,0.23878999,5.900085869,3.63E-09,4.91E-09
SNHG16,6.935644411,0.966126164,0.208755298,4.628031823,3.69E-06,4.63E-06
ST6GALNAC2,6.457039797,1.16305857,0.215333714,5.401191255,6.62E-08,8.68E-08
MXRA7,62.7932905,3.892872135,0.261930712,14.86222105,5.80E-50,1.60E-49
SRSF2,185.6622605,5.509669017,0.226797295,24.293363,2.30E-130,1.94E-129
MFSD11,7.920339394,1.422339874,0.208627068,6.817619051,9.26E-12,1.33E-11
MGAT5B,64.73533161,4.578062839,0.190257362,24.06247401,6.18E-128,5.05E-127
SEC14L1,2.440629787,-0.546624454,0.175826783,-3.108880485,0.001877977,0.002183572
TNRC6C,11.48690965,1.975183084,0.200857484,9.833753979,8.06E-23,1.41E-22
TK1,63.02134201,4.331527303,0.250083665,17.32031279,3.31E-67,1.21E-66
AFMID,39.01021789,3.788671083,0.238431903,15.88995028,7.44E-57,2.29E-56
BIRC5,2.423625289,-0.833537003,0.166996691,-4.991338445,6.00E-07,7.70E-07
SOCS3,49.23072662,4.079558903,0.25445827,16.03232982,7.60E-58,2.38E-57
PGS1,26.52089528,3.172148313,0.256985571,12.34368259,5.27E-35,1.12E-34
DNAH17,8.019421052,1.516860236,0.229607911,6.606306492,3.94E-11,5.57E-11
CYTH1,7.431892972,1.386108676,0.20937871,6.620103244,3.59E-11,5.08E-11
USP36,8.667974594,1.509305658,0.199657899,7.559458764,4.05E-14,6.07E-14
LGALS3BP,55.91200715,4.31435953,0.241861778,17.83812047,3.58E-71,1.39E-70
CANT1,42.27259212,3.906113268,0.257697247,15.15776094,6.73E-52,1.91E-51
CBX2,7.648429454,1.439507904,0.22277845,6.461611992,1.04E-10,1.45E-10
CBX4,236.5440842,6.435795961,0.204334907,31.49631188,9.76E-218,1.88E-216
TBC1D16,15.53616881,2.478503329,0.258984695,9.570076431,1.07E-21,1.83E-21
CCDC40,1.89594158,-1.007072527,0.1513196,-6.655268232,2.83E-11,4.01E-11
GAA,31.0608652,3.466978225,0.257575219,13.46006123,2.69E-41,6.32E-41
EIF4A3,8.880052983,1.471747785,0.240115244,6.12933923,8.82E-10,1.21E-09
SGSH,59.72245674,4.472313759,0.253562474,17.63791654,1.26E-69,4.78E-69
RNF213,21.7021411,2.932392044,0.190790896,15.36966438,2.62E-53,7.61E-53
ENDOV,102.2012498,5.1784148,0.190419376,27.19478928,7.49E-163,8.95E-162
CHMP6,20.34576202,2.792054517,0.19132897,14.59295219,3.11E-48,8.33E-48
BAIAP2,13.53225897,2.257977314,0.250366748,9.018678938,1.90E-19,3.13E-19
SLC38A10,52.3033322,4.257225698,0.240724448,17.68505744,5.47E-70,2.09E-69
ACTG1,9.651817364,-1.657566424,0.194029754,-8.542846602,1.31E-17,2.08E-17
NPLOC4,28.88505518,3.219280807,0.240026974,13.4121626,5.13E-41,1.20E-40
TSPAN10,8.0283244,1.500981481,0.215375197,6.969147326,3.19E-12,4.61E-12
OXLD1,78.25731155,4.73489808,0.239927361,19.73471497,1.09E-86,5.29E-86
CCDC137,1.923515901,-1.001260263,0.145772459,-6.868651815,6.48E-12,9.31E-12
ARL16,2.686166855,-0.594814406,0.178075816,-3.340231257,0.000837087,0.000985747
MRPL12,56.84265217,4.173352048,0.220798995,18.90113699,1.12E-79,4.91E-79
P4HB,34.34936156,2.737457028,0.24191161,11.31593904,1.09E-29,2.14E-29
ARHGDIA,29.13846486,2.695921027,0.25388618,10.61862061,2.44E-26,4.53E-26
ANAPC11,8.884239948,0.77599316,0.204882305,3.787506983,0.000152166,0.000183403
SIRT7,5.163511135,0.74137849,0.198065049,3.743106092,0.000181759,0.000218586
MAFG,19.00282837,2.683663321,0.243101917,11.039252,2.47E-28,4.73E-28
ASPSCR1,5.09447635,0.718728315,0.222741033,3.226744111,0.001252074,0.001464909
DCXR,10.27191417,1.551292698,0.155159079,9.998078787,1.55E-23,2.75E-23
GPS1,8.223175549,1.414024139,0.240268489,5.885183456,3.98E-09,5.37E-09
DUS1L,6.916902783,1.17549994,0.237492832,4.949622819,7.44E-07,9.51E-07
FASN,4.590927491,0.553545895,0.173361857,3.193008568,0.001407988,0.001644493
AC132872.2,4.742641664,0.701277475,0.20541524,3.413950562,0.000640282,0.000757356
SLC16A3,8.391662422,1.425253158,0.196141699,7.266446482,3.69E-13,5.44E-13
CSNK1D,15.03832427,2.285400626,0.246233729,9.281428,1.67E-20,2.81E-20
AC132872.1,50.57234535,4.241870325,0.220301126,19.25487352,1.28E-82,5.95E-82
OGFOD3,26.78632836,3.291240536,0.230843757,14.25743795,4.03E-46,1.04E-45
NARF,35.12684792,3.645858765,0.227732646,16.0093813,1.10E-57,3.43E-57
FOXK2,5.248554728,0.697959887,0.153252708,4.55430705,5.26E-06,6.57E-06
RAB40B,6.844822819,1.252747194,0.221788676,5.648382126,1.62E-08,2.16E-08
FN3KRP,22.93666132,2.988840478,0.253600021,11.78564761,4.63E-32,9.41E-32
TBCD,25.44949992,3.079850308,0.230220868,13.37780687,8.15E-41,1.90E-40
B3GNTL1,4.676369035,0.608241429,0.219255996,2.774115369,0.005535204,0.006330275
USP14,2.093411034,-1.068995411,0.156470028,-6.831950031,8.38E-12,1.20E-11
THOC1,5.59600582,0.848328467,0.169406652,5.007645564,5.51E-07,7.07E-07
TYMS,21.00625283,2.678233632,0.236325538,11.33281514,9.03E-30,1.77E-29
ENOSF1,17.12362584,2.545218414,0.241075092,10.55778259,4.68E-26,8.64E-26
YES1,4.82283113,0.437614872,0.207505613,2.108930285,0.0349506,0.038578419
METTL4,87.27981181,4.981467253,0.239493016,20.80005229,4.32E-96,2.41E-95
NDC80,16.78303825,2.545676554,0.246569699,10.324369,5.47E-25,9.91E-25
SMCHD1,38.80218257,3.689130765,0.251984293,14.64032032,1.55E-48,4.17E-48
LPIN2,19.72490724,2.742186002,0.217192706,12.62558977,1.53E-36,3.33E-36
MYL12A,33.55757198,1.997196917,0.206221831,9.684701678,3.50E-22,6.05E-22
TGIF1,10.16221879,1.753592518,0.231136627,7.586822309,3.28E-14,4.92E-14
DLGAP1,24.86139176,3.203979082,0.242344313,13.22077271,6.66E-40,1.53E-39
DLGAP1-AS2,21.6783877,3.000095942,0.266124654,11.27327324,1.78E-29,3.47E-29
DLGAP1-AS5,2.411076201,-0.471195933,0.178834278,-2.63481888,0.008418219,0.00956
LINC00667,112.5470109,5.308668702,0.181768383,29.20567707,1.64E-187,2.43E-186
ZBTB14,24.399077,3.135382051,0.261570059,11.9867773,4.17E-33,8.62E-33
EPB41L3,140.660993,5.651716582,0.188336478,30.00861352,7.58E-198,1.22E-196
TMEM200C,2391.42357,9.81923527,0.151924425,64.63236753,0,0
ARHGAP28,74.75693827,4.809231404,0.225151538,21.35997579,3.15E-101,1.89E-100
LAMA1,19.83881212,2.870660375,0.208473259,13.76992132,3.87E-43,9.44E-43
PTPRM,8.596481622,1.451406011,0.230929703,6.285055549,3.28E-10,4.53E-10
RAB12,109.2746391,5.275596907,0.16231621,32.50197196,1.00E-231,2.13E-230
NDUFV2,7.915310817,0.644348378,0.219255292,2.938804221,0.003294811,0.003800468
ANKRD12,105.911448,5.04680655,0.181637303,27.78507759,6.57E-170,8.47E-169
TWSG1,70.50127669,4.570784853,0.210648241,21.69866143,2.11E-104,1.31E-103
RALBP1,25.94912307,3.028031594,0.28810877,10.51002921,7.77E-26,1.43E-25
PPP4R1,39.9558125,3.740483518,0.205317021,18.21808782,3.71E-74,1.51E-73
RAB31,7.458180349,1.189173229,0.225326505,5.277555913,1.31E-07,1.71E-07
APCDD1,5.58995946,0.957094493,0.224789649,4.257733821,2.07E-05,2.54E-05
NAPG,10.6089103,1.757814668,0.222380183,7.904547262,2.69E-15,4.11E-15
PIEZO2,6.12158181,1.040118466,0.213459214,4.872680104,1.10E-06,1.40E-06
GNAL,33.89627486,3.637287152,0.255562807,14.2324589,5.76E-46,1.48E-45
CHMP1B,6.252353839,0.853843204,0.224479597,3.803656167,0.000142576,0.000171996
MPPE1,12.29268776,2.11813674,0.227227055,9.321674932,1.15E-20,1.93E-20
TUBB6,23.55147415,2.086808228,0.221590722,9.417398934,4.62E-21,7.83E-21
AFG3L2,27.72832898,3.308581166,0.215366336,15.3625735,2.92E-53,8.48E-53
SPIRE1,1.826349365,-1.273494245,0.150481125,-8.462817163,2.61E-17,4.11E-17
PSMG2,27.86313252,3.00829114,0.208170762,14.45107427,2.47E-47,6.50E-47
CEP76,75.04260443,4.781491348,0.291923533,16.37925965,2.69E-60,8.75E-60
PTPN2,4.990112463,0.661729319,0.214873639,3.079620758,0.002072643,0.002406569
SEH1L,21.56276963,2.926452765,0.239024582,12.24331298,1.82E-34,3.85E-34
CEP192,1.93656343,-1.02086328,0.14736188,-6.927594006,4.28E-12,6.17E-12
RNMT,65.31407043,4.410667435,0.22536278,19.57141029,2.71E-85,1.29E-84
ROCK1,21.58219045,2.599925313,0.253326356,10.26314576,1.03E-24,1.86E-24
ESCO1,487.9808425,7.450066592,0.221224475,33.67650259,1.28E-248,3.13E-247
SNRPD1,12.00571782,1.430333827,0.215173171,6.647361368,2.98E-11,4.23E-11
ABHD3,8.571359584,1.565532738,0.23840323,6.566742986,5.14E-11,7.25E-11
RBBP8,17.14398322,2.528571784,0.253526325,9.973606439,1.99E-23,3.52E-23
TMEM241,24.31724445,3.09466002,0.256161999,12.08087081,1.33E-33,2.78E-33
NPC1,98.64001284,5.147485522,0.206620296,24.91277774,5.41E-137,4.94E-136
TTC39C,5.966462951,0.989482126,0.229053838,4.319867042,1.56E-05,1.93E-05
OSBPL1A,109.0500712,5.315017885,0.231485336,22.96049494,1.16E-116,8.23E-116
IMPACT,12.76323177,2.149280485,0.234028455,9.183842543,4.16E-20,6.92E-20
ZNF521,283.957797,6.731042928,0.214063853,31.44408945,5.06E-217,9.69E-216
SS18,16.29299706,2.398772541,0.249522653,9.613445966,7.02E-22,1.21E-21
TAF4B,4.593434236,0.621992245,0.208296201,2.986095003,0.002825648,0.003266931
AQP4-AS1,40.84726747,3.930533658,0.272951121,14.40013746,5.16E-47,1.36E-46
CDH2,1.778361779,-1.464389522,0.136590884,-10.72099012,8.11E-27,1.52E-26
DSC3,1.926708865,-0.901132819,0.157669297,-5.715334789,1.09E-08,1.47E-08
DSC2,1.848497471,-1.086728309,0.139887431,-7.768591503,7.94E-15,1.20E-14
DSG3,91.91304603,5.109726793,0.234806585,21.76142881,5.38E-105,3.37E-104
DSG2,35.04247819,3.706925719,0.251643776,14.730846,4.09E-49,1.11E-48
B4GALT6,30.29064645,3.47099961,0.257857465,13.4609235,2.66E-41,6.25E-41
RNF125,54.65042801,4.343552199,0.234819194,18.4974325,2.17E-76,9.09E-76
RNF138,9.218021271,1.630318389,0.240079729,6.790737369,1.12E-11,1.60E-11
KLHL14,7.312149681,1.371680946,0.213094046,6.436974519,1.22E-10,1.70E-10
AC012123.1,104.691524,5.298379877,0.283070337,18.7175383,3.56E-78,1.54E-77
ASXL3,26.32072743,3.288203588,0.243242728,13.51819892,1.22E-41,2.90E-41
ZNF397,37.22996966,3.76238251,0.262881276,14.31209773,1.84E-46,4.78E-46
ZSCAN30,46.81777928,4.106071897,0.256553105,16.00476398,1.18E-57,3.69E-57
ZNF24,17.79202853,2.612481788,0.25042497,10.43219368,1.77E-25,3.23E-25
INO80C,63.90558825,4.485894775,0.176120001,25.47067203,4.17E-143,4.04E-142
GALNT1,115.208357,4.851165451,0.137911761,35.17586486,4.68E-271,1.35E-269
C18orf21,112.3191844,5.297657167,0.206911199,25.60353036,1.39E-144,1.38E-143
RPRD1A,18.80292563,2.650124872,0.190115769,13.93953217,3.64E-44,9.07E-44
SLC39A6,9.999564578,1.670278892,0.22723711,7.350379044,1.98E-13,2.93E-13
ELP2,23.34602801,3.005523689,0.261197344,11.50671614,1.22E-30,2.43E-30
FHOD3,74.6332727,4.630002697,0.25748827,17.98141208,2.72E-72,1.08E-71
TPGS2,24.61586456,2.868544161,0.260215874,11.02370933,2.94E-28,5.62E-28
KIAA1328,18.31337594,2.733125634,0.264030473,10.35155375,4.12E-25,7.48E-25
CELF4,10.13251563,1.859014463,0.243322858,7.640114359,2.17E-14,3.27E-14
PIK3C3,2.02559807,-0.981751336,0.138130823,-7.10740233,1.18E-12,1.72E-12
SETBP1,19.23218804,2.718775915,0.207173904,13.1231582,2.43E-39,5.52E-39
SLC14A2,7.886488012,1.471604991,0.222804889,6.604904406,3.98E-11,5.62E-11
EPG5,12.94129238,2.032997557,0.191312455,10.62658235,2.24E-26,4.16E-26
PSTPIP2,107.925609,5.287639249,0.265289973,19.93154584,2.17E-88,1.08E-87
HAUS1,35.60726961,3.643860006,0.256184801,14.22356048,6.54E-46,1.68E-45
C18orf25,1.854020223,-1.030321406,0.148058541,-6.958878546,3.43E-12,4.95E-12
RNF165,159.9874638,5.91267413,0.17716075,33.37462806,3.20E-244,7.51E-243
PIAS2,2.357164591,-0.604042029,0.175056296,-3.450558727,0.000559427,0.000662872
KATNAL2,46.71337037,4.083348132,0.241052107,16.93969068,2.29E-64,7.97E-64
HDHD2,46.5930658,4.038519007,0.233422509,17.30132633,4.60E-67,1.67E-66
SMAD2,57.16312163,4.324789603,0.248904471,17.37529899,1.27E-67,4.66E-67
CTIF,123.9769249,5.468351777,0.239814417,22.80243135,4.34E-115,3.03E-114
DYM,12.0396748,1.958272505,0.238371596,8.215209097,2.12E-16,3.29E-16
RPL17,12.3166092,-1.389082471,0.22442211,-6.189597222,6.03E-10,8.29E-10
MBD1,4.730014329,0.617374081,0.1945088,3.174016198,0.001503453,0.001753168
SKA1,7.515932608,1.354527471,0.238768154,5.672982125,1.40E-08,1.87E-08
MAPK4,4.148036917,0.496545947,0.217103146,2.28714303,0.022187476,0.024777383
ME2,64.02345238,4.488650215,0.184682343,24.3047069,1.75E-130,1.47E-129
ELAC1,5.014426319,0.750709451,0.224358456,3.346026994,0.000819784,0.000965895
SMAD4,5.958481413,0.97567381,0.209480502,4.657587708,3.20E-06,4.02E-06
DCC,21.60706176,2.986721443,0.252786407,11.81519795,3.26E-32,6.64E-32
MBD2,2.242335014,-0.950561848,0.154935118,-6.135225246,8.50E-10,1.17E-09
POLI,17.38380969,2.630197375,0.248846109,10.56957404,4.12E-26,7.63E-26
C18orf54,2.574263748,-0.382192327,0.167805394,-2.277592619,0.022750861,0.025396092
TCF4,20.83382642,2.565354486,0.218679775,11.7311008,8.83E-32,1.79E-31
TXNL1,6.003502765,0.51668011,0.205690395,2.511931148,0.012007251,0.013550863
WDR7,7.302217152,1.272584291,0.201783509,6.306681352,2.85E-10,3.95E-10
ST8SIA3,2.336961609,-0.503413514,0.175020418,-2.876313069,0.004023504,0.004625285
ONECUT2,8.033960153,1.510812556,0.236286478,6.393986512,1.62E-10,2.25E-10
FECH,63.61418046,4.531862815,0.197188112,22.98243421,6.99E-117,4.98E-116
NARS,8.705448098,1.279139151,0.237236369,5.391834132,6.97E-08,9.14E-08
ATP8B1,28.9774625,3.172606983,0.237124598,13.37949338,7.97E-41,1.86E-40
NEDD4L,10.45598735,1.853847241,0.24223866,7.652978436,1.96E-14,2.96E-14
ZNF532,10.67932447,1.862199015,0.227222865,8.195473718,2.50E-16,3.87E-16
SEC11C,128.3184644,5.467155995,0.19669574,27.79498937,4.99E-170,6.44E-169
LMAN1,3.227321489,-0.418854565,0.172852948,-2.423184391,0.015385115,0.017276858
PMAIP1,43.7208138,3.700801271,0.269479611,13.73314018,6.43E-43,1.56E-42
RNF152,5.603738737,0.893847722,0.219368356,4.074642934,4.61E-05,5.63E-05
PIGN,5.794342328,0.948366283,0.228522915,4.149983312,3.32E-05,4.08E-05
ZCCHC2,48.31805462,4.121070928,0.244251076,16.87227336,7.20E-64,2.48E-63
PHLPP1,8.59778563,1.556947245,0.227819761,6.834118504,8.25E-12,1.18E-11
BCL2,48.30689838,4.151707589,0.212562051,19.53174411,5.90E-85,2.81E-84
KDSR,10.77003943,1.807354107,0.234025735,7.722886135,1.14E-14,1.72E-14
VPS4B,9.477443292,1.596901287,0.221944015,7.195063533,6.24E-13,9.16E-13
CDH7,21.57292491,2.995145306,0.250863798,11.93932856,7.38E-33,1.52E-32
DSEL,46.21778974,3.985406454,0.240158937,16.59487047,7.59E-62,2.54E-61
CCDC102B,5.892094333,1.044645653,0.225434506,4.633920831,3.59E-06,4.50E-06
DOK6,4.547728491,0.593354794,0.169797766,3.494479394,0.000474987,0.000564294
RTTN,16.71445548,2.465201726,0.240289666,10.25929149,1.07E-24,1.94E-24
SOCS6,16.12268415,2.467178862,0.216498085,11.39584611,4.39E-30,8.64E-30
TIMM21,4.825260586,0.699269124,0.21727743,3.2183238,0.001289422,0.001507145
LINC00909,19.26773358,2.807541198,0.235204408,11.93660109,7.63E-33,1.57E-32
ZADH2,45.39489613,3.991037035,0.236436346,16.87996411,6.32E-64,2.18E-63
TSHZ1,8.650980131,1.557235413,0.246842232,6.308626358,2.82E-10,3.90E-10
ZNF516,6.251303041,1.073799884,0.229198607,4.685019236,2.80E-06,3.52E-06
LINC00683,42.95795637,4.004314261,0.229098276,17.47858748,2.09E-68,7.77E-68
SALL3,34.68637778,3.690192842,0.214439979,17.20851149,2.29E-66,8.26E-66
TXNL4A,87.26321868,4.397946016,0.223859771,19.64598638,6.26E-86,3.03E-85
RBFA,91.52846682,4.980458341,0.226870293,21.95288888,8.13E-107,5.20E-106
RBFADN,26.89100803,3.317634337,0.212647508,15.601567,7.10E-55,2.12E-54
ADNP2,4.269892504,0.480093023,0.216657396,2.215908765,0.026697751,0.029673876
PARD6G,22.9319804,3.083843833,0.238208454,12.94598821,2.48E-38,5.54E-38
LINC01002,20.1996675,2.898116023,0.256950819,11.27887445,1.67E-29,3.26E-29
MIER2,13.82314617,2.262706517,0.225886254,10.01701731,1.28E-23,2.27E-23
TPGS1,88.0241144,4.885454132,0.219848378,22.22192487,2.11E-109,1.39E-108
BSG,328.4402755,6.430767465,0.189083529,34.01019376,1.57E-253,3.94E-252
POLRMT,4.446700208,0.569926862,0.223408767,2.551049675,0.010739902,0.012143285
PALM,132.8809119,5.632999539,0.185828882,30.31283117,7.77E-202,1.30E-200
PTBP1,151.919151,5.498995373,0.17310746,31.76636861,1.89E-221,3.75E-220
MED16,147.7703319,5.734884114,0.207156059,27.68388303,1.09E-168,1.39E-167
R3HDM4,8.72039519,1.539354447,0.240730272,6.39451963,1.61E-10,2.25E-10
KISS1R,6.313265846,1.141145807,0.224554899,5.081812127,3.74E-07,4.83E-07
ARID3A,6.329815625,1.105172025,0.218455062,5.059036002,4.21E-07,5.43E-07
WDR18,14.30926242,2.223701391,0.183316318,12.13040617,7.29E-34,1.52E-33
TMEM259,16.78196812,2.384856385,0.250964931,9.502747561,2.04E-21,3.48E-21
CNN2,54.92702219,4.248126712,0.209155933,20.31081146,1.03E-91,5.39E-91
POLR2E,67.19911256,4.330814638,0.250235349,17.30696586,4.17E-67,1.52E-66
GPX4,59.06478744,3.338985059,0.227380201,14.68459015,8.09E-49,2.18E-48
MIDN,12.50401872,1.957262229,0.251717062,7.775643879,7.51E-15,1.14E-14
EFNA2,1306.049049,8.946229434,0.155341158,57.59085058,0,0
NDUFS7,11.06879708,1.770465853,0.240094952,7.374023654,1.66E-13,2.45E-13
GAMT,5.533921668,0.765698533,0.216425063,3.537938368,0.000403264,0.00048003
DAZAP1,6.962068013,1.175431843,0.212631948,5.528011445,3.24E-08,4.29E-08
RPS15,12.62963108,-1.10418948,0.228363691,-4.83522348,1.33E-06,1.69E-06
AC027307.3,2.107279851,-0.729599799,0.170844746,-4.270542802,1.95E-05,2.40E-05
APC2,56.03438999,4.391221362,0.201398214,21.8036758,2.14E-105,1.35E-104
C19orf25,28.57867962,3.271356297,0.233428137,14.01440435,1.27E-44,3.20E-44
REEP6,21.25725391,2.958079492,0.18865963,15.67945133,2.09E-55,6.29E-55
MEX3D,72.26613752,4.728073996,0.189225732,24.98642197,8.59E-138,7.94E-137
MBD3,10.27550824,1.777221004,0.24191811,7.346374364,2.04E-13,3.02E-13
UQCR11,31.50431751,2.517911887,0.256888827,9.801562489,1.11E-22,1.94E-22
TCF3,13.78844749,2.232987314,0.25156519,8.876376387,6.91E-19,1.12E-18
ONECUT3,12.13267022,2.139360146,0.224026525,9.549584128,1.30E-21,2.23E-21
CSNK1G2,5.249047359,0.745174897,0.215841405,3.452418678,0.000555585,0.000658678
BTBD2,14.4429163,2.359692196,0.244760559,9.640818798,5.38E-22,9.26E-22
MKNK2,20.9093055,2.88540778,0.241907145,11.9277493,8.48E-33,1.74E-32
MOB3A,25.81482623,3.223688432,0.217340972,14.83240094,9.04E-50,2.48E-49
DOT1L,19.42567263,2.73936793,0.210184146,13.03318061,7.92E-39,1.79E-38
PLEKHJ1,23.6457863,3.014931639,0.266821432,11.29943578,1.32E-29,2.58E-29
LSM7,65.18003549,4.012728174,0.235850196,17.01388525,6.48E-65,2.28E-64
TIMM13,11.78993811,1.20894911,0.225027533,5.372449738,7.77E-08,1.02E-07
LMNB2,190.9936955,6.065111056,0.2423426,25.02701153,3.11E-138,2.88E-137
SGTA,2.0050629,-1.049784592,0.148143836,-7.086252233,1.38E-12,2.01E-12
THOP1,65.78605213,4.488821071,0.21708243,20.67795658,5.47E-95,2.99E-94
ZNF554,8.049278636,1.511096532,0.234428063,6.445885834,1.15E-10,1.61E-10
ZNF555,74.52126569,4.804866335,0.163046894,29.46922942,7.14E-191,1.08E-189
ZNF57,48.27709146,4.173873032,0.260903338,15.99777554,1.32E-57,4.13E-57
ZNF77,40.94767834,3.934082831,0.26065935,15.09281299,1.81E-51,5.10E-51
GNA11,58.07535775,4.346500047,0.260408012,16.69111488,1.52E-62,5.13E-62
CELF5,51.9695608,4.270833581,0.257526746,16.58403895,9.09E-62,3.04E-61
HMG20B,23.10877437,2.977353068,0.247754799,12.01733764,2.88E-33,5.97E-33
TBXA2R,15.71584688,2.525783702,0.250237708,10.09353753,5.90E-24,1.05E-23
PIP5K1C,77.42705047,4.765352903,0.241205158,19.75643038,7.06E-87,3.46E-86
ZFR2,13.34788112,2.2742712,0.254044257,8.952263781,3.48E-19,5.69E-19
ATCAY,4.549482459,0.613414612,0.197477833,3.106245402,0.001894794,0.002202655
EEF2,25.08994058,1.999405133,0.219361835,9.114644472,7.89E-20,1.31E-19
PIAS4,16.61333141,2.564897792,0.222169122,11.54479869,7.84E-31,1.57E-30
ZBTB7A,13.46669512,2.133758615,0.231395353,9.221268224,2.94E-20,4.90E-20
MAP2K2,44.89854479,3.507368486,0.203055345,17.27296808,7.52E-67,2.73E-66
SHD,27.23914379,3.338028766,0.241820594,13.80374065,2.42E-43,5.94E-43
FSD1,23.11119405,3.08464503,0.235547022,13.0956656,3.49E-39,7.91E-39
STAP2,11.42943506,2.04879956,0.21395857,9.575683571,1.01E-21,1.74E-21
SH3GL1,9.601243844,1.579501223,0.239658907,6.590621818,4.38E-11,6.18E-11
CHAF1A,1.538884845,-1.611055745,0.133739028,-12.04626476,2.03E-33,4.22E-33
UBXN6,2.72458312,-0.50038456,0.178860228,-2.797628997,0.005147921,0.005894185
SEMA6B,46.52567538,4.117945714,0.168402804,24.45295221,4.68E-132,4.01E-131
TNFAIP8L1,5.187400657,0.804951489,0.220488245,3.650768274,0.000261457,0.000313046
DPP9,10.33795922,1.781908625,0.246243526,7.236367396,4.61E-13,6.78E-13
PLIN3,164.2023319,5.431831259,0.215755814,25.17582794,7.37E-140,6.94E-139
UHRF1,16.23495831,2.51911545,0.256250506,9.830675029,8.31E-23,1.45E-22
KDM4B,37.24490744,3.752724948,0.260385875,14.41216791,4.34E-47,1.14E-46
PTPRS,6.603288181,1.098306429,0.214013695,5.131944617,2.87E-07,3.71E-07
SAFB2,35.22653723,3.620006783,0.23097385,15.67279925,2.32E-55,6.98E-55
SAFB,10.75932604,1.820521138,0.164329822,11.07845868,1.60E-28,3.07E-28
RPL36,3.780826165,-3.951194711,0.102667492,-38.48535331,0,0
HSD11B1L,4.148092047,0.426133374,0.201732242,2.112371176,0.034654625,0.038263382
LONP1,15.1908164,2.291884571,0.260682853,8.791850124,1.47E-18,2.37E-18
RANBP3,10.09432768,1.816210444,0.231067408,7.860089222,3.84E-15,5.85E-15
RFX2,17.22621251,2.598317036,0.259206094,10.0241356,1.19E-23,2.12E-23
CLPP,10.56713748,1.765433626,0.247640401,7.129021013,1.01E-12,1.48E-12
ALKBH7,1.808106731,-1.610431394,0.124045744,-12.98256066,1.54E-38,3.46E-38
PSPN,108.6456026,5.341697047,0.222434037,24.01474664,1.95E-127,1.58E-126
GTF2F1,9.799141748,1.677246451,0.249129907,6.732417118,1.67E-11,2.38E-11
KHSRP,44.0364495,3.89426922,0.256086303,15.20686259,3.18E-52,9.11E-52
SLC25A23,9.395931948,1.742542444,0.253492643,6.87413418,6.24E-12,8.96E-12
TUBB4A,205.7892094,6.276546325,0.16093491,39.0005271,0,0
C3,101.1799423,5.216766289,0.254654248,20.48568337,2.89E-93,1.54E-92
GPR108,6.60935308,1.164308539,0.225210567,5.169866386,2.34E-07,3.04E-07
TRIP10,67.83829005,4.566945609,0.265837912,17.17943683,3.79E-66,1.36E-65
ZNF557,25.5658241,3.221285908,0.256566128,12.55538262,3.71E-36,8.06E-36
INSR,7.828621456,1.440484702,0.228661835,6.299628894,2.98E-10,4.13E-10
ARHGEF18,21.10838121,2.886782835,0.244978464,11.7838229,4.73E-32,9.62E-32
ZNF358,6.214704925,0.993467375,0.208979135,4.753907015,2.00E-06,2.52E-06
XAB2,18.14884432,2.715150521,0.245087115,11.07830791,1.60E-28,3.07E-28
PET100,131.8329406,5.29696556,0.201512287,26.28606737,2.77E-152,2.95E-151
MAP2K7,115.8434346,5.402833758,0.24936201,21.66662739,4.24E-104,2.62E-103
TIMM44,101.2493243,5.197837616,0.247367129,21.01264478,5.03E-98,2.90E-97
FBN3,13.13880949,2.259338884,0.223646472,10.10227824,5.40E-24,9.62E-24
CD320,1.988871162,-1.04924855,0.153294668,-6.844651328,7.67E-12,1.10E-11
NDUFA7,2.90546336,-0.515178178,0.183887534,-2.801593811,0.005085085,0.005823468
RAB11B-AS1,6.182113309,1.032433809,0.194241449,5.315208546,1.07E-07,1.39E-07
RAB11B,2.239538789,-0.823265313,0.158758506,-5.185645395,2.15E-07,2.79E-07
2-Mar,81.54382979,4.842246025,0.246510349,19.64317539,6.61E-86,3.20E-85
HNRNPM,29.49273841,2.940041074,0.241727321,12.16263459,4.91E-34,1.03E-33
ZNF558,6.809920834,1.251922404,0.22533464,5.555836428,2.76E-08,3.66E-08
ZNF317,18.06222496,2.730282175,0.251817031,10.84232535,2.17E-27,4.10E-27
OR7D2,40.74226102,3.926243603,0.221274556,17.74376445,1.93E-70,7.39E-70
ZNF559,15.56002221,2.492319041,0.243328294,10.24261914,1.28E-24,2.30E-24
ZNF266,10.55958556,1.886990475,0.244157535,7.728577665,1.09E-14,1.64E-14
ZNF426,7.145376566,1.259794101,0.224203844,5.618967437,1.92E-08,2.56E-08
ZNF121,42.7927547,3.933403036,0.252889537,15.55383856,1.50E-54,4.45E-54
ZNF561,28.36594138,3.385988747,0.272018271,12.4476519,1.44E-35,3.10E-35
ZNF562,15.605015,2.493954939,0.239774825,10.40123766,2.45E-25,4.46E-25
PIN1,39.26302737,3.515363628,0.266173706,13.20702817,7.99E-40,1.83E-39
P2RY11,10.05160256,1.83679305,0.244602947,7.509284203,5.95E-14,8.89E-14
EIF3G,47.43265193,3.520662248,0.227742974,15.45892802,6.57E-54,1.93E-53
DNMT1,27.1692317,2.999816223,0.255873969,11.72380386,9.63E-32,1.95E-31
MRPL4,5.863391537,0.739654646,0.222695049,3.321378935,0.000895738,0.001053331
CDC37,2.772095656,-0.928826076,0.170075303,-5.461263672,4.73E-08,6.23E-08
KEAP1,4.87535415,0.623548172,0.213669391,2.918284967,0.003519625,0.00405677
KRI1,46.03656723,4.083409051,0.234422904,17.41898501,5.92E-68,2.19E-67
CDKN2D,6.019320716,1.008663527,0.212314527,4.75079845,2.03E-06,2.56E-06
SLC44A2,65.49928656,4.554328503,0.259931252,17.52128098,9.86E-69,3.69E-68
ILF3,103.3683466,5.022996027,0.216170102,23.2363124,1.96E-119,1.43E-118
QTRT1,10.53920666,1.882068554,0.246135066,7.646486891,2.07E-14,3.11E-14
DNM2,15.10216865,2.372476324,0.243072927,9.760347872,1.67E-22,2.89E-22
TMED1,2.529716724,-0.538129633,0.182110039,-2.954969622,0.003126998,0.003610349
CARM1,821.4724004,8.192019348,0.158637408,51.63989646,0,0
YIPF2,19.25749993,2.720371303,0.221662384,12.27258888,1.27E-34,2.69E-34
SMARCA4,7.974638706,1.354590636,0.244712346,5.53544053,3.10E-08,4.11E-08
LDLR,6.747246727,1.228207981,0.226492447,5.422732628,5.87E-08,7.71E-08
SPC24,113.784052,5.397421921,0.176293944,30.61603702,7.49E-206,1.29E-204
KANK2,27.57714582,3.198799395,0.237216287,13.48473766,1.92E-41,4.54E-41
DOCK6,15.76614059,2.513001102,0.265996742,9.447488276,3.47E-21,5.89E-21
RAB3D,13.12025824,2.259014011,0.236016505,9.571423855,1.05E-21,1.81E-21
TMEM205,10.42375613,1.803731204,0.219313516,8.224441611,1.96E-16,3.05E-16
PRKCSH,2.046259921,-1.056094269,0.163394317,-6.463470025,1.02E-10,1.43E-10
ELAVL3,89.85358239,5.076804179,0.235580016,21.55023275,5.27E-103,3.23E-102
ECSIT,32.45700892,3.499122504,0.250424949,13.97273919,2.29E-44,5.72E-44
ELOF1,56.71945581,4.245567937,0.215377897,19.71218025,1.70E-86,8.26E-86
ZNF627,14.07203857,2.35763667,0.216078356,10.91102651,1.02E-27,1.94E-27
ZNF823,62.31189822,4.545344811,0.223458754,20.34086709,5.59E-92,2.93E-91
ZNF441,2.551776909,-0.40153345,0.178055358,-2.255104564,0.024126766,0.02688503
ZNF491,1.773935655,-1.065389201,0.147178501,-7.23875562,4.53E-13,6.66E-13
ZNF440,27.98785173,3.352802212,0.27238365,12.30911697,8.09E-35,1.72E-34
ZNF439,162.6546403,5.925289912,0.235491393,25.16138633,1.06E-139,9.97E-139
ZNF69,10.95474015,1.973650807,0.249558291,7.908576383,2.60E-15,3.98E-15
ZNF700,5.415420727,0.868136306,0.231358284,3.75234589,0.000175188,0.000210752
ZNF763,6.107887689,1.091963508,0.242685819,4.499494502,6.81E-06,8.49E-06
ZNF433,625.3749697,7.872247409,0.193729447,40.63526503,0,0
ZNF136,16.2689665,2.567147769,0.240529422,10.67290539,1.36E-26,2.54E-26
ZNF44,1154.072448,8.745905369,0.163543987,53.47738882,0,0
ZNF442,26.82684423,3.315128046,0.238744053,13.88569892,7.73E-44,1.91E-43
ZNF799,6.289128431,1.100649388,0.227265055,4.843020805,1.28E-06,1.63E-06
ZNF443,4.64466198,0.661500087,0.217037666,3.047858463,0.002304785,0.002672114
ZNF709,2.172112338,-0.742820001,0.155978478,-4.762323686,1.91E-06,2.42E-06
ZNF791,99.66803501,5.183263879,0.205525792,25.21952995,2.45E-140,2.32E-139
MAN2B1,33.37770814,3.623807252,0.250063317,14.49155873,1.37E-47,3.62E-47
WDR83,25.10378906,3.186723993,0.253098553,12.59084238,2.37E-36,5.16E-36
WDR83OS,518.3581442,6.70622613,0.166248852,40.33848088,0,0
TNPO2,1.825406349,-1.146834042,0.138910114,-8.255943448,1.51E-16,2.35E-16
HOOK2,5.149971292,0.808830599,0.22703989,3.562504373,0.000367334,0.000437739
PRDX2,45.0368898,3.276343511,0.195113118,16.79202066,2.79E-63,9.52E-63
MAST1,31.15049793,3.534103742,0.263529565,13.41065374,5.24E-41,1.23E-40
DNASE2,4.602329143,0.585312273,0.219521096,2.666314469,0.007668792,0.008722599
GCDH,9.608341736,1.745351562,0.247387338,7.055137015,1.72E-12,2.50E-12
FARSA,6.219174203,1.008155657,0.223942023,4.501860096,6.74E-06,8.40E-06
CALR,3.678480741,-0.874987846,0.128086469,-6.831227807,8.42E-12,1.21E-11
RAD23A,140.6044614,5.385495343,0.213073933,25.27524255,5.98E-141,5.70E-140
GADD45GIP1,9.957262962,0.758811156,0.208182033,3.644940663,0.000267454,0.000320084
TRMT1,54.69144817,4.291827159,0.225817683,19.00571782,1.53E-80,6.83E-80
STX10,34.33998437,3.497044891,0.248299442,14.08398207,4.76E-45,1.21E-44
IER2,85.08989595,4.468086473,0.236172417,18.91874816,7.99E-80,3.52E-79
CCDC130,5.79493255,0.83606517,0.217221638,3.848903715,0.000118648,0.000143481
MRI1,34.33741865,3.665741455,0.225346749,16.26711488,1.69E-59,5.43E-59
C19orf53,53.16227224,3.318357345,0.221253728,14.99797255,7.57E-51,2.12E-50
ZSWIM4,4.680148778,0.665186645,0.222715916,2.986704568,0.002820021,0.003260771
CC2D1A,2.005177977,-0.805123318,0.166635372,-4.831647146,1.35E-06,1.72E-06
SAMD1,7.611912864,1.137302247,0.235956409,4.819967595,1.44E-06,1.82E-06
ASF1B,14.82837481,2.380968415,0.213439531,11.15523636,6.75E-29,1.30E-28
DDX39A,12.79454976,2.028330857,0.215883669,9.395480757,5.70E-21,9.62E-21
DNAJB1,5.842480631,0.550369624,0.220164599,2.499809806,0.012426,0.013998732
TECR,18.21148215,2.502649024,0.23951305,10.44890464,1.48E-25,2.72E-25
NDUFB7,3.636875111,-0.590829366,0.183614383,-3.217772793,0.001291901,0.001509881
ZNF333,19.15181316,2.734509408,0.24966471,10.952727,6.45E-28,1.23E-27
SLC1A6,16.82317501,2.621583618,0.266401944,9.840707523,7.52E-23,1.32E-22
ILVBL,5.155600223,0.78725636,0.223050368,3.529500381,0.000416345,0.000495384
NOTCH3,4.62209259,0.652673629,0.214159961,3.047598752,0.002306777,0.002674139
BRD4,17.33178655,2.501635008,0.221563517,11.2908255,1.46E-29,2.85E-29
AKAP8,24.37497701,3.080060406,0.251609594,12.24142672,1.87E-34,3.94E-34
AKAP8L,99.74027777,5.104173102,0.232764054,21.92852811,1.39E-106,8.87E-106
WIZ,4.841335657,0.621750728,0.213301152,2.914896245,0.003558068,0.00410021
TPM4,29.71813826,1.832088252,0.240111582,7.630153614,2.34E-14,3.53E-14
RAB8A,15.10425986,2.261087981,0.196635878,11.49885773,1.34E-30,2.66E-30
AP1M1,13.29348571,2.118382488,0.177110579,11.96079024,5.70E-33,1.18E-32
EPS15L1,22.14912183,2.979464895,0.233258588,12.773227,2.31E-37,5.10E-37
C19orf44,2.224947164,-0.64533696,0.16331194,-3.95156019,7.76E-05,9.44E-05
CHERP,30.75138567,3.463597779,0.268124488,12.91787185,3.57E-38,7.97E-38
SLC35E1,12.86526035,2.119264963,0.239290061,8.856468818,8.26E-19,1.34E-18
SMIM7,13.09146249,1.841264486,0.230611158,7.984281855,1.41E-15,2.17E-15
TMEM38A,5.277022532,0.8371096,0.206984023,4.044319878,5.25E-05,6.40E-05
SIN3B,48.47615183,4.125815009,0.198262403,20.80987087,3.52E-96,1.97E-95
CPAMD8,10.11813535,1.868162215,0.244715226,7.634025243,2.28E-14,3.43E-14
HAUS8,34.87708113,3.634586999,0.26833982,13.54471729,8.51E-42,2.02E-41
MYO9B,2.450307028,-0.759060905,0.162055529,-4.683955628,2.81E-06,3.54E-06
USE1,17.49132616,2.480667709,0.230010956,10.78499805,4.05E-27,7.62E-27
NR2F6,130.652462,5.496124616,0.219031871,25.0928077,5.96E-139,5.57E-138
BABAM1,7.220148492,1.149159656,0.182173558,6.30804858,2.83E-10,3.91E-10
MRPL34,27.63639483,3.186579453,0.169813314,18.76519203,1.45E-78,6.32E-78
DDA1,2.698663538,-0.658038425,0.139492527,-4.717374026,2.39E-06,3.01E-06
GTPBP3,9.07590424,1.634742706,0.242389006,6.744293944,1.54E-11,2.19E-11
MVB12A,32.05181106,3.464341179,0.258997064,13.37598629,8.35E-41,1.95E-40
PGLS,16.90851128,2.051900617,0.227415979,9.022675651,1.84E-19,3.02E-19
COLGALT1,14.96912628,2.312719862,0.242673627,9.53016563,1.57E-21,2.68E-21
UNC13A,109.5927138,5.364356587,0.26864462,19.96822638,1.04E-88,5.23E-88
MAP1S,16.2124461,2.432788918,0.22763927,10.68703533,1.17E-26,2.19E-26
JAK3,34.88109566,3.699624583,0.212889288,17.37816223,1.21E-67,4.44E-67
CCDC124,8.013450867,0.966672939,0.136159589,7.099558275,1.25E-12,1.82E-12
MAST3,20.13538942,2.893666002,0.247590028,11.68732854,1.48E-31,2.99E-31
PIK3R2,32.99086112,3.585744767,0.249632554,14.36409116,8.69E-47,2.27E-46
JUND,7.331607795,1.080218371,0.189255608,5.707721861,1.14E-08,1.53E-08
LSM4,18.77430085,2.225009222,0.246862396,9.013155743,2.00E-19,3.29E-19
PGPEP1,8.030907268,1.492769079,0.232013914,6.433963609,1.24E-10,1.74E-10
FKBP8,433.8246845,6.98563812,0.164361417,42.50169069,0,0
KXD1,43.02452349,3.805282437,0.25051769,15.18967559,4.14E-52,1.18E-51
UBA52,37.42100267,1.03041104,0.208218517,4.948700309,7.47E-07,9.55E-07
UPF1,5.536625743,0.834819961,0.225867629,3.696058464,0.000218973,0.00026267
DDX49,7.383822456,1.228448799,0.22450376,5.47184064,4.45E-08,5.87E-08
SUGP2,14.42094664,2.28610423,0.243556586,9.386337156,6.21E-21,1.05E-20
ARMC6,295.8421077,6.747970024,0.157288543,42.90185345,0,0
TMEM161A,11.00878203,1.938485956,0.229508875,8.446235259,3.01E-17,4.73E-17
RFXANK,5.832002315,0.80729402,0.223481269,3.612356534,0.000303427,0.000362339
NCAN,61.75459741,4.532214249,0.242904741,18.65840175,1.08E-77,4.62E-77
GATAD2A,6.027645198,0.816560859,0.216508275,3.771499539,0.000162269,0.000195407
NDUFA13,37.89497981,2.555512276,0.238445087,10.71740377,8.43E-27,1.58E-26
AC002306.1,33.36678892,3.6340254,0.242560014,14.98196402,9.63E-51,2.69E-50
LPAR2,16.7142263,2.614681992,0.227749642,11.48050979,1.65E-30,3.29E-30
ZNF101,223.7755721,6.386777576,0.172197268,37.08988917,4.09E-301,1.43E-299
ZNF14,10.36964465,1.896148762,0.190131068,9.972850716,2.00E-23,3.54E-23
ZNF506,1.972639987,-0.957544341,0.154053557,-6.215658776,5.11E-10,7.04E-10
ZNF253,36.80090062,3.75587471,0.273405218,13.73739218,6.06E-43,1.47E-42
ZNF93,37.56194404,3.7635337,0.241820915,15.56330933,1.29E-54,3.85E-54
ZNF682,4.275415632,0.507098039,0.2102564,2.411807865,0.015873644,0.017816252
ZNF90,44.24285458,4.046753193,0.2361183,17.13866815,7.64E-66,2.72E-65
ZNF486,5.862583782,1.007953053,0.226156965,4.456873809,8.32E-06,1.03E-05
ZNF737,1.70683236,-1.240569216,0.137121451,-9.047229375,1.47E-19,2.41E-19
ZNF626,6.839607986,1.254347358,0.229902512,5.455996756,4.87E-08,6.41E-08
ZNF66,149.4064155,5.769606592,0.153516889,37.58287843,0,0
ZNF85,149.1715238,5.811035551,0.234193048,24.81301476,6.49E-136,5.85E-135
ZNF430,4.739372611,0.672177715,0.215768565,3.115271751,0.001837755,0.002137034
ZNF714,39.49555974,3.806509444,0.262906801,14.47855068,1.66E-47,4.37E-47
ZNF431,2.457043453,-0.559948115,0.168213838,-3.328787465,0.000872249,0.001026598
ZNF708,8.378106454,1.524577389,0.215494495,7.074785795,1.50E-12,2.18E-12
ZNF738,1.932328656,-0.884944207,0.156184853,-5.666005329,1.46E-08,1.95E-08
ZNF493,2.113408569,-0.713968203,0.165146119,-4.323251486,1.54E-05,1.90E-05
ZNF429,371.0615011,7.086318524,0.192393753,36.83237335,5.60E-297,1.94E-295
ZNF43,52.90012674,4.295780637,0.260835588,16.46930419,6.10E-61,2.00E-60
ZNF492,28.11166312,3.372847788,0.253135338,13.32428658,1.67E-40,3.88E-40
ZNF730,144.3393411,5.752079513,0.159999188,35.9506793,4.94E-283,1.59E-281
ZNF91,16.09390172,2.525322937,0.240429298,10.50339103,8.33E-26,1.54E-25
ZNF675,19.58133347,2.840361618,0.238612013,11.90368241,1.13E-32,2.32E-32
ZNF681,4.470417572,0.558762068,0.228353778,2.446914048,0.01440852,0.016188544
ZNF254,59.51561558,4.457119754,0.269415507,16.54366451,1.78E-61,5.92E-61
LINC00662,5.833113902,0.981400321,0.209099873,4.693452499,2.69E-06,3.38E-06
UQCRFS1,81.00876622,4.455350287,0.240345394,18.53728179,1.03E-76,4.37E-76
POP4,5.430730221,0.709456222,0.213192524,3.32777251,0.000875433,0.001030122
C19orf12,419.7658944,7.202801601,0.168463211,42.75593201,0,0
CCNE1,112.6767836,5.383675935,0.219781362,24.49559823,1.65E-132,1.42E-131
URI1,55.88356738,4.067303031,0.254576834,15.97672093,1.86E-57,5.77E-57
ZNF536,27.31478895,3.341301326,0.271994076,12.28446358,1.10E-34,2.33E-34
TSHZ3,4.202055534,0.4253538,0.204982871,2.07506997,0.03798005,0.041845822
ZNF507,12.95543066,2.215490514,0.252578003,8.771510132,1.76E-18,2.84E-18
DPY19L3,10.58703416,1.861479115,0.195153171,9.538554294,1.45E-21,2.47E-21
PDCD5,91.68107822,4.283255494,0.254662205,16.81936073,1.76E-63,6.03E-63
ANKRD27,151.8326066,5.825791862,0.246493062,23.6347093,1.70E-123,1.30E-122
NUDT19,5.769889017,0.975623546,0.222791088,4.379095919,1.19E-05,1.48E-05
RHPN2,1.718443297,-1.240168544,0.136372159,-9.094000961,9.55E-20,1.58E-19
GPATCH1,359.729129,7.062570275,0.18930685,37.30752617,1.24E-304,4.49E-303
CEBPG,317.3875081,6.779102864,0.206448319,32.83680336,1.76E-236,3.84E-235
PEPD,19.99603324,2.544101451,0.233177582,10.91057478,1.03E-27,1.95E-27
KCTD15,11.47953551,2.03718379,0.22682042,8.981483177,2.67E-19,4.38E-19
LSM14A,16.33687137,2.281648279,0.223795464,10.19523918,2.08E-24,3.74E-24
GPI,16.66982828,2.386593022,0.23604197,10.1108842,4.94E-24,8.82E-24
PDCD2L,73.3721221,4.760534151,0.215095818,22.13215574,1.55E-108,1.01E-107
UBA2,32.28250731,3.337293288,0.257491505,12.96078986,2.04E-38,4.58E-38
WTIP,7.425717803,1.302043237,0.214026878,6.083550096,1.18E-09,1.61E-09
ZNF302,1.96250177,-1.11583288,0.131529864,-8.483494496,2.19E-17,3.45E-17
ZNF181,1470.235141,9.09538344,0.157117004,57.8892368,0,0
ZNF599,64.2982439,4.579341631,0.221182247,20.70392946,3.19E-95,1.76E-94
LGI4,8.039525788,1.514537769,0.226337042,6.691515258,2.21E-11,3.14E-11
LSR,6.913629238,1.264376606,0.221691754,5.703309139,1.18E-08,1.57E-08
HAUS5,2.285561684,-0.651133393,0.167342843,-3.891014297,9.98E-05,0.000120989
RBM42,47.03799118,3.913032174,0.232737761,16.81305244,1.96E-63,6.69E-63
COX6B1,53.57977071,3.164685714,0.252873026,12.51492012,6.19E-36,1.34E-35
PSENEN,18.2990856,2.569632239,0.262610751,9.784946834,1.31E-22,2.28E-22
APLP1,106.9313029,5.317372904,0.262926372,20.22380968,6.04E-91,3.12E-90
CLIP3,26.04952806,3.229338538,0.264300881,12.21841759,2.48E-34,5.22E-34
WDR62,23.60871494,3.0822869,0.257665065,11.96237798,5.59E-33,1.15E-32
POLR2I,10.61851173,1.560480748,0.234985014,6.640767082,3.12E-11,4.42E-11
CAPNS1,46.55615251,3.542832429,0.181222126,19.54966814,4.15E-85,1.98E-84
ZNF565,44.60894301,3.932888342,0.200854856,19.58074809,2.26E-85,1.08E-84
ZNF146,118.5399201,5.424068868,0.261634717,20.73145692,1.80E-95,9.97E-95
LINC00665,263.1421604,6.579393015,0.213303179,30.84526472,6.48E-209,1.15E-207
ZFP14,82.50381524,4.95304576,0.233601114,21.20300572,8.96E-100,5.25E-99
ZFP82,1828.561809,9.41020424,0.14957276,62.91389062,0,0
ZNF566,245.8538071,6.512242745,0.212091016,30.70494394,4.89E-207,8.52E-206
ZNF260,10.99824302,1.98615152,0.222577705,8.923407321,4.52E-19,7.36E-19
ZNF529,51.92460729,4.2145028,0.22561069,18.68042156,7.15E-78,3.07E-77
ZNF382,20.88603351,2.948682577,0.269033859,10.96026572,5.93E-28,1.13E-27
ZNF461,1099.883774,8.676743197,0.154985678,55.9841612,0,0
ZNF567,12.80921956,2.165599807,0.189646955,11.41911191,3.36E-30,6.63E-30
ZNF850,10.15264625,1.860866344,0.254697295,7.306188095,2.75E-13,4.06E-13
ZNF790,40.49076418,3.906267383,0.228234692,17.11513423,1.14E-65,4.07E-65
ZNF345,11.21693097,1.941388007,0.22466796,8.641143166,5.57E-18,8.89E-18
ZNF829,11.38102338,2.028402076,0.223705915,9.067270638,1.22E-19,2.01E-19
ZNF568,61.78666248,4.501955325,0.234606463,19.18939175,4.54E-82,2.08E-81
ZNF420,231.327695,6.434636654,0.206699459,31.13039917,9.34E-213,1.73E-211
ZNF585A,18.01240455,2.610709676,0.203443262,12.83261805,1.08E-37,2.38E-37
ZNF585B,118.2415396,5.452901881,0.224584448,24.27996212,3.19E-130,2.68E-129
ZNF383,7.938362673,1.473554843,0.24397977,6.039659928,1.54E-09,2.10E-09
ZNF527,7.177591138,1.308660498,0.233875323,5.595547578,2.20E-08,2.92E-08
ZNF569,7.396604334,1.368954047,0.230604676,5.93636726,2.91E-09,3.95E-09
ZNF570,2.380191044,-0.413496776,0.186210729,-2.220585133,0.026379074,0.029325672
ZNF793,8.187008171,1.551065838,0.244838862,6.335047558,2.37E-10,3.29E-10
ZFP30,6.314965054,1.142141524,0.22145187,5.157515825,2.50E-07,3.24E-07
ZNF607,30.94599297,3.524856489,0.239225753,14.73443575,3.87E-49,1.05E-48
ZNF573,59.44247773,4.477219329,0.24597917,18.20161982,5.01E-74,2.03E-73
SIPA1L3,2.405161668,-0.936403515,0.146607588,-6.387142231,1.69E-10,2.35E-10
SPINT2,6.463295716,1.187221909,0.232632341,5.103425877,3.34E-07,4.31E-07
YIF1B,320.7587989,6.82529495,0.213574019,31.95751517,4.25E-224,8.58E-223
CATSPERG,12.88501093,2.217225282,0.252215999,8.790977932,1.48E-18,2.39E-18
PSMD8,10.41470138,0.907397635,0.235316333,3.856075871,0.000115222,0.0001394
FAM98C,49.5870994,4.139169003,0.258061556,16.03946387,6.77E-58,2.12E-57
EIF3K,34.8092797,2.789686193,0.245889503,11.3452838,7.83E-30,1.54E-29
ACTN4,8.578686197,1.00786182,0.221439966,4.551399812,5.33E-06,6.66E-06
ECH1,43.69499147,3.887562968,0.230440527,16.87013571,7.46E-64,2.57E-63
HNRNPL,8.611161346,1.486731148,0.240309567,6.186733083,6.14E-10,8.44E-10
SARS2,14.15251536,2.362618568,0.250082665,9.447350407,3.48E-21,5.90E-21
MRPS12,112.9971434,5.012867087,0.237090262,21.14328548,3.18E-99,1.85E-98
FBXO17,361.7978931,6.95854447,0.169036842,41.16584527,0,0
PAK4,95.99798726,5.129360054,0.208293068,24.62568775,6.71E-134,5.89E-133
SAMD4B,24.87115933,2.988805829,0.261313188,11.43763869,2.71E-30,5.37E-30
PAF1,8.578323028,1.531303681,0.235935689,6.490343577,8.56E-11,1.20E-10
PLEKHG2,20.61379267,2.893893998,0.244871554,11.81800806,3.15E-32,6.43E-32
RPS16,79.92883551,2.067046684,0.243320686,8.495153924,1.98E-17,3.12E-17
SUPT5H,127.2604007,5.476627756,0.213974766,25.59473655,1.75E-144,1.72E-143
TIMM50,34.24512767,3.497655257,0.184887463,18.91775248,8.15E-80,3.59E-79
DLL3,16.04176914,2.505632072,0.248885006,10.06742876,7.70E-24,1.37E-23
EID2B,13.53999501,2.292788355,0.234453608,9.779283728,1.38E-22,2.41E-22
EID2,4.753667259,0.614231186,0.190511456,3.224116804,0.001263618,0.001478098
FBL,15.49360392,2.243966885,0.253427447,8.854474577,8.41E-19,1.36E-18
PSMC4,6.726845678,0.721025409,0.205343585,3.511312079,0.000445901,0.000530028
ZNF780B,4.352917516,0.503148247,0.186527195,2.697452492,0.006987225,0.007966551
AKT2,195.9325002,6.099669668,0.171185202,35.63199144,4.48E-278,1.38E-276
C19orf47,74.29959894,4.778982192,0.265748856,17.98307722,2.64E-72,1.04E-71
PLD3,72.23765288,4.539712818,0.227097147,19.99017986,6.71E-89,3.38E-88
SERTAD3,4.566909525,0.589814124,0.222132339,2.655237538,0.007925258,0.009011478
BLVRB,2.539002313,-0.658190894,0.1710333,-3.84832014,0.000118931,0.000143807
SHKBP1,5.16766294,0.739147374,0.219242176,3.371374005,0.000747942,0.000882397
LTBP4,309.8905481,6.793440344,0.153176709,44.35034782,0,0
C19orf54,2.001346904,-0.816878961,0.161357628,-5.062537004,4.14E-07,5.33E-07
SNRPA,15.80237432,2.416697062,0.245652385,9.837873407,7.73E-23,1.35E-22
RAB4B,7.484502734,1.357056264,0.226293091,5.996896576,2.01E-09,2.74E-09
EGLN2,21.56481435,2.83712233,0.251689534,11.27230952,1.80E-29,3.51E-29
CCDC97,50.83713027,4.185412843,0.238466132,17.55139316,5.80E-69,2.18E-68
B9D2,73.37087889,4.720397431,0.224894215,20.98941242,8.20E-98,4.71E-97
EXOSC5,229.8671728,6.353053362,0.178824125,35.52682485,1.89E-276,5.72E-275
BCKDHA,6.469843278,1.13879706,0.232044654,4.907663412,9.22E-07,1.17E-06
RPS19,19.01902309,-1.389659052,0.206144977,-6.741173483,1.57E-11,2.24E-11
RABAC1,5.044709406,-0.679283772,0.191560092,-3.546061,0.000391036,0.000465831
ATP1A3,204.7468813,6.258650211,0.189091856,33.09846517,3.13E-240,7.05E-239
ZNF574,213.7078662,6.309080952,0.217112214,29.05907891,1.18E-185,1.72E-184
POU2F2,5.883748967,1.011248477,0.208113433,4.859121591,1.18E-06,1.50E-06
DEDD2,35.62795867,3.690383324,0.275936107,13.37405013,8.57E-41,2.00E-40
ZNF526,25.8941822,3.218035619,0.238434678,13.49650834,1.64E-41,3.88E-41
GSK3A,29.2357012,3.40035154,0.272827844,12.46335966,1.18E-35,2.55E-35
CIC,13.2408773,2.207953409,0.258359292,8.546057666,1.27E-17,2.02E-17
PAFAH1B3,99.71741581,5.143246451,0.191480428,26.86042907,6.37E-159,7.32E-158
TMEM145,5.459571442,0.924371209,0.228529503,4.044865973,5.24E-05,6.39E-05
MEGF8,7.515417584,1.366187904,0.229618372,5.94981965,2.68E-09,3.64E-09
LIPE-AS1,118.4523713,5.44577562,0.284918915,19.11342258,1.95E-81,8.84E-81
LIPE,21.98979597,3.023926842,0.252479891,11.97690171,4.70E-33,9.70E-33
CEACAM8,28.49967339,3.39925,0.175414379,19.37840002,1.17E-83,5.51E-83
ETHE1,67.57202186,4.512542684,0.261610012,17.24912074,1.14E-66,4.11E-66
XRCC1,67.14384737,4.64292349,0.235100376,19.74868591,8.23E-87,4.03E-86
IRGQ,25.77063842,3.211359636,0.256104095,12.53927482,4.55E-36,9.87E-36
ZNF576,121.4602991,5.459160303,0.200066112,27.28678157,6.09E-164,7.39E-163
ZNF428,40.32745801,3.630354756,0.253164827,14.33988601,1.23E-46,3.21E-46
CADM4,15.34805483,2.492740591,0.242972384,10.25935766,1.07E-24,1.94E-24
PLAUR,51.61942198,3.777900667,0.249910066,15.11704084,1.25E-51,3.54E-51
SMG9,5.16613245,0.799709433,0.210038389,3.807444132,0.00014041,0.00016944
ZNF283,24.7528186,3.163789289,0.25979622,12.17796508,4.07E-34,8.55E-34
ZNF45,16.15129093,2.554799305,0.239080263,10.6859482,1.18E-26,2.21E-26
ZNF221,57.48334319,4.417115083,0.273355904,16.15884283,9.84E-59,3.12E-58
ZNF230,99.42642857,5.22371469,0.20935702,24.95122771,2.07E-137,1.91E-136
ZNF222,17.46413966,2.657957766,0.233872097,11.36500593,6.25E-30,1.23E-29
ZNF223,24.91428401,3.206552295,0.245945736,13.03764136,7.47E-39,1.69E-38
ZNF225,158.5574087,5.899470091,0.18353348,32.14383602,1.08E-226,2.20E-225
ZNF234,12.88420062,2.155040887,0.258811524,8.326680555,8.31E-17,1.30E-16
ZNF226,20.07769276,2.854794869,0.250546704,11.3942623,4.47E-30,8.79E-30
ZNF227,11.38107894,2.04665926,0.241439697,8.476896244,2.31E-17,3.65E-17
ZNF235,86.56554512,5.0222666,0.26183632,19.18093947,5.34E-82,2.44E-81
ZNF233,6.036524944,1.069006279,0.221535636,4.825437107,1.40E-06,1.77E-06
ZNF112,6.421907171,1.179266431,0.223985785,5.264916396,1.40E-07,1.83E-07
ZNF285,12.97896642,2.220321866,0.182900408,12.13951289,6.52E-34,1.37E-33
ZNF229,62.95259083,4.559490696,0.225313955,20.23616647,4.70E-91,2.43E-90
ZNF180,13.81252057,2.311712034,0.259108385,8.921795537,4.59E-19,7.47E-19
TOMM40,44.11493846,3.710364539,0.156772564,23.66718026,7.86E-124,6.04E-123
APOE,15.03148566,2.458793384,0.254495757,9.661431724,4.40E-22,7.59E-22
APOC1,25.73605259,3.253195447,0.247658209,13.13582725,2.05E-39,4.67E-39
CLPTM1,76.17060998,4.709148489,0.183500885,25.66281075,3.04E-145,3.02E-144
GEMIN7,53.35688941,4.276663741,0.237611489,17.99855624,2.00E-72,7.93E-72
MARK4,5.69441338,0.952849597,0.198242883,4.806475678,1.54E-06,1.95E-06
TRAPPC6A,4.17345825,0.487911137,0.193231045,2.525014227,0.011569361,0.013068892
BLOC1S3,2.666396233,-0.340948812,0.157057261,-2.170856723,0.029942005,0.033181371
ERCC2,54.31706264,4.280778263,0.248384116,17.23450895,1.46E-66,5.28E-66
CD3EAP,37.13933634,3.757581082,0.249021863,15.08936218,1.90E-51,5.37E-51
VASP,409.0176727,7.13404935,0.172227688,41.42219776,0,0
OPA3,4.93951558,0.672006287,0.194705443,3.451399594,0.000557687,0.000660892
GIPR,4.534669753,0.561983953,0.213780211,2.628793142,0.008568847,0.009728009
SNRPD2,46.58447566,3.13642579,0.264711317,11.84847641,2.19E-32,4.48E-32
QPCTL,21.01186766,2.954608788,0.249108452,11.8607328,1.89E-32,3.87E-32
DMWD,15.01294345,2.364569873,0.259563317,9.109799891,8.25E-20,1.37E-19
NOVA2,12.01173004,2.128223134,0.20843239,10.21061616,1.78E-24,3.20E-24
HIF3A,143.9906119,5.759896937,0.222954719,25.83438002,3.65E-147,3.69E-146
PPP5C,48.41456271,4.031087088,0.27019931,14.91893925,2.48E-50,6.89E-50
CCDC8,48.87714602,4.191947713,0.256453548,16.34583628,4.66E-60,1.51E-59
CALM3,12.47463799,1.695862638,0.240333623,7.056285408,1.71E-12,2.48E-12
DACT3,33.66877644,3.637854679,0.260909673,13.94296592,3.47E-44,8.65E-44
STRN4,13.71148959,2.301721034,0.231155989,9.957436293,2.34E-23,4.13E-23
FKRP,12.12421423,2.08450453,0.255291292,8.165200285,3.21E-16,4.97E-16
SLC1A5,10.90875904,1.783981525,0.241382744,7.390675476,1.46E-13,2.17E-13
AP2S1,3.056861329,-1.927108635,0.14187984,-13.58268117,5.07E-42,1.21E-41
ARHGAP35,52.01650292,4.050824882,0.278055281,14.56841556,4.46E-48,1.19E-47
ZC3H4,197.9745447,6.177492804,0.22940289,26.92857447,1.02E-159,1.18E-158
SAE1,40.78703532,3.650326947,0.26222316,13.92068859,4.74E-44,1.18E-43
BBC3,6.600063789,1.191044381,0.23686219,5.028427625,4.95E-07,6.36E-07
C5AR2,37.61421855,3.799637554,0.245719395,15.46331967,6.14E-54,1.80E-53
DHX34,889.4016875,8.326931374,0.211019935,39.46040156,0,0
KPTN,10.04533286,1.845563847,0.243596898,7.576302742,3.56E-14,5.33E-14
NAPA,21.59525692,2.812157174,0.232457022,12.09753594,1.09E-33,2.27E-33
CRX,10.04515718,1.856451186,0.248930398,7.457711884,8.80E-14,1.31E-13
LIG1,218.3779409,6.308271916,0.199279561,31.6553885,6.39E-220,1.25E-218
CARD8,163.9925542,5.894401873,0.165742606,35.56358865,5.12E-277,1.55E-275
ZNF114,4.801181315,0.717842983,0.211773408,3.389674798,0.000699756,0.000826176
EMP3,100.0141535,3.628704813,0.20264134,17.90703126,1.04E-71,4.07E-71
KDELR1,59.11533489,4.053101252,0.261027042,15.52751475,2.26E-54,6.70E-54
GRWD1,25.62977162,3.103940258,0.259921949,11.94181666,7.16E-33,1.47E-32
CYTH2,1.940120848,-0.991438344,0.150517602,-6.586859805,4.49E-11,6.34E-11
RPL18,31.54736982,0.530626758,0.236022519,2.248203942,0.024563188,0.02735732
CA11,36.92661386,3.771856025,0.216510617,17.42111346,5.71E-68,2.11E-67
BCAT2,2.326501358,-0.590146979,0.174194811,-3.387856256,0.000704412,0.000831582
PLEKHA4,4.247663321,0.442066636,0.173246494,2.551662808,0.010721022,0.012123199
PPP1R15A,86.38828182,4.454532672,0.176405002,25.25173675,1.08E-140,1.03E-139
NUCB1,2.040235794,-1.089696047,0.15399742,-7.076066922,1.48E-12,2.16E-12
FTL,56.10023731,-0.505839932,0.198683167,-2.545962697,0.010897683,0.01231912
GYS1,9.355135739,1.673010761,0.202098402,8.278198852,1.25E-16,1.95E-16
RUVBL2,15.25809556,2.306355649,0.237885324,9.695241446,3.16E-22,5.46E-22
KCNA7,4.157546355,0.4160395,0.181248612,2.295407928,0.021709757,0.024256363
SNRNP70,8.591325592,1.341399429,0.224471262,5.975818102,2.29E-09,3.11E-09
TRPM4,11.35305166,2.026519019,0.232092494,8.731514673,2.51E-18,4.04E-18
SLC6A16,12.43711699,2.174949389,0.218023155,9.975772465,1.95E-23,3.44E-23
PIH1D1,4.831162519,0.532340817,0.212972963,2.49956994,0.012434415,0.01400676
ALDH16A1,76.53223653,4.80014268,0.233348982,20.57066046,5.03E-94,2.70E-93
RPL13A,39.2231183,0.558927891,0.225613457,2.477369472,0.013235481,0.01488906
RPS11,50.15139764,1.912148232,0.22847021,8.369354739,5.79E-17,9.08E-17
FCGRT,21.89401034,2.922065122,0.222095774,13.15677945,1.56E-39,3.55E-39
NOSIP,116.4944334,5.206222503,0.215907989,24.11315358,1.82E-128,1.50E-127
IRF3,7.652218345,1.364584082,0.240128359,5.682727718,1.33E-08,1.77E-08
BCL2L12,55.0431401,4.249743163,0.248254963,17.11846208,1.08E-65,3.85E-65
PRMT1,66.93822586,4.194505361,0.239366726,17.52334353,9.51E-69,3.56E-68
CPT1C,15.09873016,2.462655688,0.188267746,13.0806032,4.25E-39,9.63E-39
AP2A1,5.732288649,0.894421432,0.210446635,4.250110407,2.14E-05,2.63E-05
PTOV1-AS1,8.926803685,1.653232163,0.251281878,6.579193768,4.73E-11,6.67E-11
PTOV1,45.54668275,3.946993978,0.26177637,15.0777321,2.27E-51,6.40E-51
AKT1S1,6.632417534,1.110040414,0.220766617,5.028117154,4.95E-07,6.37E-07
NUP62,4.278850928,0.431822797,0.211563933,2.04109836,0.041241051,0.045360565
ATF5,25.50045071,3.067537661,0.243283853,12.60888308,1.89E-36,4.11E-36
VRK3,6.443110716,1.057018383,0.223693111,4.725305928,2.30E-06,2.90E-06
ZNF473,31.87153811,3.546528179,0.251231739,14.11656106,3.00E-45,7.62E-45
NR1H2,8.8488159,1.435408846,0.23184169,6.191331881,5.97E-10,8.20E-10
POLD1,17.0113901,2.62233055,0.248771776,10.54110957,5.58E-26,1.03E-25
EMC10,32.34055743,3.413371809,0.231130254,14.76817402,2.35E-49,6.41E-49
CLEC11A,68.77843305,4.525287391,0.212083039,21.33733759,5.11E-101,3.06E-100
C19orf48,6.582939731,0.980884719,0.212846307,4.608417847,4.06E-06,5.08E-06
KLK10,5.19917504,0.83004727,0.203785135,4.073149243,4.64E-05,5.67E-05
ETFB,2.97322761,-0.735988488,0.171948629,-4.280281223,1.87E-05,2.30E-05
AC018755.1,1.762161074,-1.148360922,0.144911627,-7.924560251,2.29E-15,3.50E-15
ZNF577,13.94015629,2.338729717,0.255880826,9.139917805,6.25E-20,1.04E-19
ZNF649,6.638472929,1.217680547,0.226277378,5.381362273,7.39E-08,9.68E-08
ZNF613,2.252607588,-0.594548452,0.17574324,-3.383051622,0.000716852,0.000845992
ZNF615,20.75287135,2.939680343,0.2200451,13.35944469,1.04E-40,2.43E-40
ZNF614,35.10968809,3.698335512,0.246321657,15.0142523,5.92E-51,1.66E-50
ZNF432,9.134373372,1.68943303,0.222912029,7.578922677,3.48E-14,5.23E-14
ZNF841,33.77730472,3.64188482,0.250634311,14.53067143,7.75E-48,2.06E-47
ZNF616,5.114410124,0.822701952,0.224619322,3.662649963,0.00024962,0.000299136
ZNF836,4.092515056,0.442672247,0.212262268,2.085496638,0.037024243,0.040817557
PPP2R1A,20.5220959,2.577622496,0.239522091,10.76152303,5.23E-27,9.82E-27
ZNF766,13.5642364,2.287101944,0.254582439,8.983738066,2.62E-19,4.29E-19
ZNF480,36.8603728,3.769630196,0.276299131,13.6432937,2.21E-42,5.34E-42
ZNF610,4.60224328,0.645974545,0.206060609,3.134876429,0.001719265,0.002001604
ZNF880,6.806139871,1.17288823,0.232358616,5.047750109,4.47E-07,5.76E-07
ZNF528,58.16169296,4.43447832,0.242305648,18.30117601,8.10E-75,3.31E-74
ZNF534,6.538621454,1.180004988,0.226803906,5.202754262,1.96E-07,2.55E-07
ZNF808,11.39728584,2.038293317,0.24762549,8.231355021,1.85E-16,2.88E-16
ZNF701,37.09003061,3.746237612,0.253956562,14.75148972,3.01E-49,8.19E-49
ZNF83,74.43727907,4.708216004,0.227884192,20.66056434,7.84E-95,4.28E-94
ZNF611,12.82045301,2.178307024,0.250691069,8.689208735,3.65E-18,5.84E-18
ZNF600,2.054977714,-0.849661768,0.136577103,-6.221114283,4.94E-10,6.80E-10
ZNF28,10.43478463,1.849815367,0.249907431,7.402002264,1.34E-13,1.99E-13
ZNF468,9.52632539,1.772509402,0.228258137,7.765372236,8.14E-15,1.23E-14
ZNF320,13.69438835,2.321307973,0.245759273,9.445454281,3.54E-21,6.00E-21
ZNF888,38.51651736,3.833757562,0.276982954,13.84113178,1.44E-43,3.54E-43
ZNF816,2.180408996,-0.712560866,0.168269077,-4.234651297,2.29E-05,2.82E-05
ZNF160,62.14219036,4.49626112,0.226854699,19.82000438,2.00E-87,9.88E-87
ZNF415,5.966210084,1.053741848,0.21036804,5.009039628,5.47E-07,7.03E-07
ZNF347,27.81182983,3.325098582,0.253478758,13.11785889,2.60E-39,5.91E-39
ZNF665,7.794475171,1.452890773,0.235929199,6.158164322,7.36E-10,1.01E-09
ZNF677,13.55969687,2.255620663,0.236720043,9.528642524,1.59E-21,2.72E-21
ZNF845,50.55501373,4.230585402,0.246822394,17.14020084,7.44E-66,2.65E-65
ZNF525,44.39413002,4.0407773,0.261007728,15.48144699,4.63E-54,1.36E-53
ZNF765,5.138957097,0.781464589,0.207483105,3.766401078,0.000165618,0.00019935
ZNF761,44.26038601,4.023867389,0.161999594,24.83874983,3.42E-136,3.09E-135
ZNF813,115.7763231,5.444040236,0.213125487,25.54382547,6.43E-144,6.28E-143
ZNF331,4.849989708,0.697035764,0.210082699,3.31791131,0.000906933,0.001066149
NLRP12,312.7822396,6.881916708,0.151362658,45.46641036,0,0
MYADM,6.911957273,1.190357114,0.212906149,5.590994538,2.26E-08,3.00E-08
PRPF31,54.15611266,4.120556472,0.236427242,17.42843351,5.02E-68,1.86E-67
TSEN34,7.077535039,1.185708269,0.235435176,5.036240931,4.75E-07,6.11E-07
RPS9,12.9699574,-0.854167706,0.180538292,-4.731227357,2.23E-06,2.82E-06
LILRB3,25.58666576,3.246511196,0.268712884,12.0817102,1.32E-33,2.75E-33
LAIR1,29.47489751,3.45419452,0.247497364,13.95649012,2.87E-44,7.16E-44
TTYH1,11.01921816,1.995142539,0.226257239,8.818027411,1.16E-18,1.88E-18
LENG8,16.67887477,2.49404516,0.158001587,15.78493739,3.95E-56,1.20E-55
NLRP2,65.18181613,4.599248163,0.2171578,21.17929064,1.48E-99,8.68E-99
RDH13,13.21052606,2.226992413,0.24877031,8.952002401,3.49E-19,5.70E-19
EPS8L1,43.88017241,4.034591453,0.276796846,14.57600225,3.99E-48,1.06E-47
PPP1R12C,5.470350737,0.822428043,0.213264047,3.856383931,0.000115077,0.00013924
TNNI3,11.13476203,2.012461682,0.243004723,8.281574351,1.22E-16,1.90E-16
SYT5,12.7371039,2.215569748,0.257212432,8.613773973,7.07E-18,1.13E-17
HSPBP1,24.53493297,3.110687238,0.248952192,12.49511888,7.94E-36,1.72E-35
RPL28,13.39902574,-1.445616386,0.209188658,-6.91058684,4.83E-12,6.95E-12
UBE2S,19.64851726,2.139311759,0.2260297,9.464737424,2.94E-21,5.00E-21
NAT14,7.045782062,1.221602231,0.227459513,5.370635925,7.85E-08,1.03E-07
FIZ1,268.4985352,6.628805479,0.197060766,33.63838276,4.61E-248,1.13E-246
ZNF580,9.917823901,1.666634952,0.219330682,7.598731453,2.99E-14,4.50E-14
ZNF581,22.34975161,2.992218431,0.239802663,12.47783651,9.86E-36,2.13E-35
ZNF444,2.594715874,-0.38883141,0.176526601,-2.202678844,0.027617392,0.030667806
GALP,6.250598765,1.119694115,0.206568251,5.420455986,5.94E-08,7.81E-08
ZSCAN5A,61.75554418,4.521025161,0.246728292,18.32390248,5.33E-75,2.19E-74
ZNF583,2.559805752,-0.410939373,0.178526727,-2.3018367,0.021344383,0.023860394
ZNF667,78.94961773,4.878178976,0.282373293,17.27563865,7.18E-67,2.61E-66
ZNF471,35.50445539,3.714497111,0.263023138,14.12232073,2.77E-45,7.03E-45
ZFP28,2.072173207,-0.736660174,0.168877304,-4.36210287,1.29E-05,1.59E-05
ZNF470,7.063899098,1.321684703,0.229838149,5.75050185,8.90E-09,1.19E-08
ZNF71,2.183357335,-0.697186832,0.166577344,-4.185364065,2.85E-05,3.50E-05
ZNF264,183.9541862,6.081917366,0.154666586,39.32276214,0,0
ZNF805,6.030844997,1.052508097,0.229820917,4.579688017,4.66E-06,5.83E-06
ZNF460,300.6071848,6.824576158,0.194476147,35.09209876,8.90E-270,2.55E-268
ZNF543,122.0384576,5.520472839,0.24289757,22.72757544,2.39E-114,1.66E-113
ZNF304,54.66466335,4.343870399,0.227023724,19.13399327,1.32E-81,5.97E-81
ZNF548,6.189287625,1.11258588,0.212252445,5.241804778,1.59E-07,2.07E-07
ZNF749,27.79355689,3.346812142,0.255245381,13.11213597,2.81E-39,6.38E-39
ZNF772,35.7613883,3.724889062,0.25508208,14.60270775,2.70E-48,7.22E-48
ZNF419,98.13050596,5.204573742,0.223746123,23.26106781,1.10E-119,8.08E-119
ZNF773,8.791933742,1.636745056,0.227522196,7.193781896,6.30E-13,9.24E-13
ZNF549,168.0751607,5.972995393,0.188323534,31.71667001,9.15E-221,1.82E-219
ZNF550,11.15893043,2.018596683,0.246292898,8.195919178,2.49E-16,3.86E-16
ZIK1,4.600267372,0.634665485,0.217456949,2.918579924,0.003516297,0.004053794
ZNF530,298.3706859,6.791706369,0.157172583,43.2117754,0,0
ZNF134,6.541918215,1.160497361,0.205020586,5.660394332,1.51E-08,2.02E-08
ZNF211,38.66193729,3.849571243,0.25203526,15.27393922,1.14E-52,3.28E-52
ZNF551,196.8967934,6.190302671,0.244978527,25.26875619,7.05E-141,6.71E-140
ZNF154,92.57423458,5.109289617,0.237502868,21.51253859,1.19E-102,7.26E-102
ZNF671,7.691144026,1.452391308,0.244884078,5.930934019,3.01E-09,4.08E-09
ZNF776,4.151576636,0.489169506,0.213330711,2.293010248,0.021847415,0.024407659
ZNF586,2.105965386,-0.770964304,0.160885415,-4.792008677,1.65E-06,2.09E-06
ZNF552,24.93897954,3.194991839,0.223454287,14.29818997,2.25E-46,5.82E-46
ZNF587B,15.82100178,2.489295438,0.245902187,10.12311224,4.36E-24,7.79E-24
ZNF814,15.72364813,2.491636453,0.242951803,10.25568207,1.12E-24,2.01E-24
ZNF587,18.82857791,2.77268242,0.254515745,10.89395245,1.23E-27,2.34E-27
ZNF417,15.77101617,2.50983284,0.243323724,10.31478885,6.04E-25,1.09E-24
ZNF418,10.63183689,1.918274008,0.237718857,8.069507123,7.06E-16,1.09E-15
ZNF256,8.724845248,1.635322414,0.189085598,8.648582602,5.21E-18,8.33E-18
ZNF606,36.17003853,3.731423858,0.265444781,14.05725079,6.95E-45,1.76E-44
ZNF135,50.47733946,4.216882967,0.213635371,19.73869283,1.00E-86,4.90E-86
ZSCAN18,25.79532835,3.237140887,0.262043149,12.35346505,4.67E-35,9.97E-35
ZNF329,14.46410621,2.39170339,0.240703693,9.936297034,2.89E-23,5.10E-23
ZNF274,96.53292496,5.169706878,0.248122146,20.83533031,2.07E-96,1.16E-95
ERVK3-1,26.67370819,3.093779948,0.213544592,14.48774667,1.45E-47,3.83E-47
ZSCAN22,199.6725132,6.210973336,0.19439215,31.95074146,5.28E-224,1.06E-222
RPS5,47.2176915,1.44379933,0.205454467,7.027344558,2.11E-12,3.05E-12
ZNF584,23.52702728,3.110542657,0.229237809,13.56906467,6.11E-42,1.46E-41
ZNF446,52.50450617,4.286036275,0.277335356,15.45434503,7.05E-54,2.07E-53
TRIM28,30.42294538,3.167253211,0.230100723,13.76463824,4.16E-43,1.01E-42
CHMP2A,9.025599557,1.109313701,0.235316193,4.714140952,2.43E-06,3.06E-06
UBE2M,64.57653981,4.097466985,0.256660239,15.96455686,2.26E-57,7.00E-57
MZF1,22.31556976,2.976946374,0.237669941,12.52554851,5.41E-36,1.17E-35
C20orf96,6.297742321,1.104774752,0.219871601,5.024635946,5.04E-07,6.49E-07
SOX12,113.1603591,5.346979338,0.213023598,25.10040856,4.92E-139,4.60E-138
NRSN2,1.72386608,-1.229842078,0.140442507,-8.756907753,2.01E-18,3.23E-18
RBCK1,10.88835626,1.753425919,0.168476345,10.40754963,2.29E-25,4.18E-25
TBC1D20,77.47203494,4.78867261,0.226196592,21.17040119,1.79E-99,1.05E-98
CSNK2A1,127.1530614,5.373812769,0.146775176,36.61254534,1.81E-293,6.19E-292
SCRT2,10.50070029,1.92645616,0.250191128,7.699937955,1.36E-14,2.06E-14
PSMF1,24.32676044,2.986181785,0.221308804,13.49328055,1.71E-41,4.05E-41
SDCBP2-AS1,40.97567213,3.909497982,0.162490897,24.05979694,6.59E-128,5.38E-127
FKBP1A,85.44500844,4.121925686,0.197998892,20.81792304,2.98E-96,1.67E-95
NSFL1C,17.1003604,2.416606021,0.250136088,9.661165004,4.41E-22,7.61E-22
PDYN,5.309668905,0.883863696,0.229942175,3.843852025,0.000121118,0.000146419
STK35,26.3108199,3.221249012,0.206192112,15.62256179,5.11E-55,1.53E-54
ZNF343,50.39260562,4.236179045,0.262545627,16.13502036,1.45E-58,4.58E-58
NOP56,12.30822585,1.839583732,0.248874017,7.391626312,1.45E-13,2.15E-13
IDH3B,2.671460551,-0.451933614,0.168823044,-2.67696639,0.007429209,0.008456288
CPXM1,9.624466171,1.799298631,0.245278263,7.335744357,2.20E-13,3.26E-13
PCED1A,19.3697642,2.803677156,0.253917459,11.04168719,2.40E-28,4.61E-28
VPS16,39.04587926,3.769785478,0.237071966,15.9014393,6.19E-57,1.91E-56
PTPRA,22.59438422,2.934214788,0.257099667,11.41275221,3.61E-30,7.13E-30
MRPS26,8.801011426,1.334531502,0.231227209,5.771515845,7.86E-09,1.06E-08
UBOX5,68.92854926,4.681626932,0.242359061,19.31690487,3.87E-83,1.81E-82
FASTKD5,39.42272293,3.844986429,0.25647295,14.99178149,8.31E-51,2.32E-50
DDRGK1,18.43368373,2.570267815,0.262466919,9.792730538,1.21E-22,2.11E-22
ITPA,9.103548799,1.359819127,0.230156024,5.908249116,3.46E-09,4.68E-09
C20orf194,4.923248987,0.607205628,0.221600685,2.740089127,0.006142253,0.007012712
ATRN,37.61873163,3.714513469,0.260225757,14.27419605,3.17E-46,8.20E-46
C20orf27,102.9589909,5.046660865,0.220393964,22.89836243,4.82E-116,3.40E-115
CDC25B,8.443955134,1.465357585,0.205597651,7.127307044,1.02E-12,1.50E-12
AP5S1,13.28820428,2.221612038,0.249813483,8.893082981,5.94E-19,9.66E-19
MAVS,1.996368751,-0.953449707,0.15240575,-6.25599562,3.95E-10,5.46E-10
PANK2,9.561969074,1.588990141,0.231404962,6.866707308,6.57E-12,9.44E-12
RNF24,4.723374568,0.579424143,0.21723867,2.66722377,0.007648073,0.008701765
SMOX,59.78265356,4.42279858,0.278628601,15.87345506,9.68E-57,2.97E-56
PRNP,82.21964673,4.782453353,0.228737577,20.9080354,4.52E-97,2.57E-96
SLC23A2,104.8284836,5.225627837,0.264688849,19.74253114,9.30E-87,4.54E-86
TMEM230,72.29413574,4.195590238,0.256813364,16.33711804,5.37E-60,1.74E-59
PCNA,8.405961567,1.149393196,0.230796842,4.980107998,6.35E-07,8.15E-07
CDS2,149.4730604,5.771885039,0.202513545,28.50122957,1.13E-178,1.57E-177
GPCPD1,9.606623217,1.675963883,0.236679821,7.08114394,1.43E-12,2.08E-12
CHGB,25.11055866,3.217573618,0.209536954,15.35563801,3.25E-53,9.43E-53
TRMT6,16.37002294,2.478485702,0.228735014,10.83562002,2.33E-27,4.41E-27
MCM8,5.81406758,0.944800073,0.204150962,4.627948173,3.69E-06,4.63E-06
CRLS1,123.5198166,5.364526653,0.225698368,23.76856641,7.06E-125,5.51E-124
BMP2,139.2602313,5.417005589,0.197620242,27.41118792,2.02E-165,2.47E-164
TMX4,33.05360558,3.505841971,0.268592877,13.05262452,6.14E-39,1.39E-38
PLCB1,10.58764064,1.59955655,0.228143782,7.011177482,2.36E-12,3.42E-12
PLCB4,73.4617,4.314196932,0.265815985,16.23001315,3.09E-59,9.90E-59
ANKEF1,80.41888646,4.91556764,0.231133632,21.26721065,2.28E-100,1.35E-99
SNAP25,21.00063684,2.954938889,0.254315244,11.6191969,3.29E-31,6.62E-31
MKKS,118.2262499,5.463508502,0.225397553,24.23943135,8.55E-130,7.15E-129
SLX4IP,37.28407282,3.79607998,0.174334174,21.77473231,4.03E-105,2.52E-104
JAG1,49.66575463,4.160293259,0.278998786,14.91151024,2.77E-50,7.69E-50
BTBD3,875.9725453,8.336916025,0.167472235,49.78088466,0,0
TASP1,28.50305931,3.285587401,0.24248719,13.5495298,7.97E-42,1.90E-41
ESF1,18.34982044,2.65644562,0.261044077,10.17623402,2.53E-24,4.54E-24
NDUFAF5,83.00719845,4.909034514,0.217362969,22.58450253,6.15E-113,4.21E-112
MACROD2,187.3923365,6.097774099,0.190983786,31.92822918,1.08E-223,2.18E-222
FLRT3,264.1761341,6.63786001,0.185093398,35.8622191,1.19E-281,3.74E-280
KIF16B,1.503073027,-1.544235552,0.135404126,-11.40464176,3.96E-30,7.81E-30
SNRPB2,76.72474423,4.415305769,0.232814897,18.96487648,3.33E-80,1.48E-79
PCSK2,95.52459289,5.165384426,0.242562079,21.29510288,1.26E-100,7.50E-100
DSTN,16.3479757,0.967755557,0.220507057,4.388773637,1.14E-05,1.41E-05
RRBP1,27.7932695,3.067365791,0.251336222,12.20423292,2.95E-34,6.21E-34
SNX5,243.5593605,6.356088055,0.18521146,34.31800636,4.23E-258,1.12E-256
MGME1,115.0678317,5.311161778,0.209320646,25.37332977,4.97E-142,4.79E-141
PET117,29.6701352,3.410970172,0.275799766,12.36756005,3.92E-35,8.37E-35
ZNF133,11.20760546,1.969939873,0.236816768,8.318413794,8.91E-17,1.39E-16
DZANK1,406.9599021,7.251547795,0.15958504,45.44002255,0,0
POLR3F,194.4279487,6.163003429,0.206583593,29.83297622,1.46E-195,2.30E-194
RBBP9,43.79465452,3.987817313,0.205416874,19.4132898,5.96E-84,2.81E-83
SEC23B,5408.619417,10.89147584,0.157373331,69.20788783,0,0
DTD1,6.871428969,0.997274475,0.22374255,4.457241037,8.30E-06,1.03E-05
NAA20,85.7695097,4.600278004,0.198451204,23.18090252,7.10E-119,5.16E-118
CRNKL1,79.59773838,4.80542901,0.268148071,17.92080397,8.11E-72,3.18E-71
INSM1,4282.613119,10.65982242,0.162086684,65.76618246,0,0
RALGAPA2,6.644154644,1.178207492,0.216951057,5.430752476,5.61E-08,7.38E-08
XRN2,45.6381435,3.87990756,0.284598743,13.63290478,2.55E-42,6.14E-42
NXT1,64.19398565,4.435540188,0.223832578,19.81632982,2.15E-87,1.06E-86
GZF1,5.91122058,1.015738562,0.222543709,4.56422051,5.01E-06,6.27E-06
NAPB,22.66280567,3.024097845,0.252515656,11.97588256,4.75E-33,9.82E-33
CST3,65.61810218,3.591051851,0.23117792,15.53371466,2.05E-54,6.08E-54
APMAP,8.532516236,1.507354096,0.225363916,6.68853346,2.25E-11,3.20E-11
ENTPD6,5.93001928,0.986243431,0.209719208,4.702685276,2.57E-06,3.23E-06
PYGB,234.5232077,6.290629525,0.154571737,40.69715225,0,0
ABHD12,21.7085318,2.87621952,0.260789258,11.02890333,2.77E-28,5.30E-28
GINS1,2040.169352,9.536006897,0.15422805,61.8305614,0,0
NINL,32.96324427,3.58301139,0.251747629,14.23255269,5.75E-46,1.48E-45
NANP,24.2627521,3.155872984,0.245608805,12.84918502,8.69E-38,1.93E-37
HM13,2075.790467,9.069240542,0.141032473,64.30604479,0,0
ID1,196.6663041,4.935979547,0.177665878,27.78237214,7.08E-170,9.11E-169
BCL2L1,5.98370767,0.893229065,0.204202474,4.374232342,1.22E-05,1.51E-05
TPX2,34.28524147,3.404075645,0.242509946,14.03684961,9.27E-45,2.34E-44
TTLL9,7.098055434,1.326166011,0.237362285,5.587096582,2.31E-08,3.07E-08
PDRG1,71.75014633,4.647056787,0.231027627,20.11472329,5.48E-90,2.80E-89
XKR7,40.36576458,3.912716348,0.240668542,16.25769748,1.97E-59,6.32E-59
TM9SF4,17010.86085,12.56503721,0.152944158,82.15441099,0,0
PLAGL2,30.73535168,3.514824938,0.255236253,13.77086876,3.82E-43,9.33E-43
POFUT1,7.812691965,1.372670852,0.22721397,6.041313614,1.53E-09,2.08E-09
KIF3B,44.20661504,3.972464489,0.246633537,16.10674903,2.29E-58,7.22E-58
ASXL1,2.666647747,-0.636262132,0.158630077,-4.010980421,6.05E-05,7.37E-05
COMMD7,16.94525177,2.498877451,0.229260451,10.89973188,1.16E-27,2.19E-27
DNMT3B,7.0221361,1.305227618,0.230046592,5.67375333,1.40E-08,1.87E-08
MAPRE1,12.52305609,1.914753954,0.229715624,8.335323126,7.73E-17,1.21E-16
CDK5RAP1,59.08996661,4.4048753,0.26209072,16.80668169,2.18E-63,7.44E-63
CBFA2T2,67.10881718,4.588751665,0.244786737,18.7459162,2.09E-78,9.05E-78
C20orf144,1517.376382,9.162529552,0.166772196,54.94039032,0,0
PXMP4,89.9932343,5.057084093,0.246039303,20.55396852,7.09E-94,3.80E-93
ZNF341,52.74649064,4.291727953,0.244186697,17.57560096,3.79E-69,1.43E-68
CHMP4B,19.05851701,2.587675935,0.257473353,10.05026697,9.16E-24,1.63E-23
RALY,6.105200259,0.758600227,0.222999413,3.401803698,0.000669427,0.000790883
EIF2S2,24.56028787,2.313206049,0.222732735,10.38556836,2.88E-25,5.26E-25
AHCY,49.14885557,4.052792687,0.169225836,23.94901859,9.46E-127,7.62E-126
ITCH,86.43931503,4.844600696,0.254170485,19.0604377,5.38E-81,2.42E-80
DYNLRB1,3.63472707,-0.612521167,0.185988704,-3.29332456,0.000990101,0.001162158
PIGU,21.50043767,2.95911805,0.256148146,11.55236957,7.18E-31,1.44E-30
NCOA6,226.9641853,6.32236595,0.176284606,35.86453791,1.09E-281,3.45E-280
TP53INP2,8.386518157,1.548911483,0.22198793,6.977458099,3.01E-12,4.34E-12
ACSS2,28.7002862,3.391959782,0.242301523,13.99892061,1.58E-44,3.97E-44
GSS,73.06912236,4.556300789,0.225147971,20.23691697,4.63E-91,2.39E-90
MYH7B,35.41158381,3.721527465,0.226925097,16.39980557,1.92E-60,6.25E-60
TRPC4AP,5.081508158,0.547175362,0.218005082,2.509920214,0.012075844,0.013618375
EDEM2,27.20692682,3.303338905,0.231641989,14.26053593,3.85E-46,9.95E-46
EIF6,42.31760103,3.187094271,0.232631497,13.7001838,1.01E-42,2.46E-42
UQCC1,12.64967142,2.053597191,0.236859397,8.670110698,4.32E-18,6.90E-18
GDF5,5993.109069,11.14476315,0.156844695,71.05604167,0,0
CEP250,39.59283094,3.851414298,0.21733204,17.72133685,2.87E-70,1.10E-69
ERGIC3,1716.593706,9.046303265,0.150615395,60.06227514,0,0
CPNE1,17.09172641,2.410343128,0.252045199,9.563138447,1.14E-21,1.96E-21
RBM12,156.3228197,5.857553933,0.201315057,29.09645223,3.98E-186,5.82E-185
NFS1,4012.469697,10.53378453,0.159627055,65.98996991,0,0
ROMO1,30.05530441,2.762515671,0.198042907,13.94907653,3.19E-44,7.94E-44
RBM39,114.362441,4.814717073,0.233053508,20.65927744,8.06E-95,4.39E-94
PHF20,30.25989591,3.317553573,0.258390234,12.83931487,9.87E-38,2.19E-37
SCAND1,12.11660004,1.679088239,0.227037512,7.395642354,1.41E-13,2.09E-13
EPB41L1,86.05200977,4.990767956,0.217953412,22.89832455,4.83E-116,3.41E-115
AAR2,64.69523583,4.568410609,0.207326235,22.03488918,1.33E-107,8.61E-107
DLGAP4,25.40639982,3.056755395,0.213463868,14.31977893,1.65E-46,4.28E-46
TGIF2,170.4859873,5.981651236,0.157476512,37.9844026,0,0
NDRG3,73.00488899,4.690637054,0.236796999,19.80868457,2.51E-87,1.23E-86
DSN1,43.08805802,3.954286648,0.255350772,15.48570469,4.33E-54,1.28E-53
SOGA1,31.97972584,3.54066045,0.260061636,13.61469728,3.27E-42,7.86E-42
SAMHD1,10.28270799,1.872418726,0.241156355,7.76433498,8.21E-15,1.24E-14
RBL1,17.37514279,2.599402563,0.20863092,12.45933517,1.24E-35,2.68E-35
MROH8,10.09608758,1.865329976,0.254951825,7.316401749,2.55E-13,3.76E-13
RPN2,14.06545832,1.989180259,0.236513514,8.410429583,4.09E-17,6.42E-17
MANBAL,24.68238974,3.045658039,0.189474598,16.07422879,3.87E-58,1.22E-57
BLCAP,5577.447168,10.93579361,0.151464836,72.20021405,0,0
CTNNBL1,10.90137255,1.821507216,0.254418325,7.159496926,8.10E-13,1.19E-12
TTI1,84.31970555,4.930839689,0.238202837,20.70017193,3.45E-95,1.90E-94
RPRD1B,25.1120442,3.151937792,0.25369526,12.42410993,1.93E-35,4.16E-35
SNHG17,24.14345412,3.035883501,0.266934948,11.37312113,5.69E-30,1.12E-29
SNHG11,9.391832725,1.711669425,0.233143202,7.341708485,2.11E-13,3.12E-13
RALGAPB,19.79296976,2.758251491,0.227571043,12.12039748,8.24E-34,1.72E-33
ACTR5,203.8944174,6.263137556,0.227658191,27.51114528,1.29E-166,1.61E-165
DHX35,1.843536451,-1.082839093,0.136987456,-7.904658761,2.69E-15,4.11E-15
TOP1,1.976872049,-1.536224046,0.124969183,-12.29282301,9.90E-35,2.10E-34
PLCG1,6.602174617,1.164789708,0.2321471,5.017463956,5.24E-07,6.73E-07
ZHX3,2.372051549,-0.663533052,0.152526058,-4.350293055,1.36E-05,1.68E-05
SRSF6,1.714010681,-1.515317504,0.128548689,-11.78788767,4.51E-32,9.17E-32
L3MBTL1,30.40883579,3.486927037,0.22601868,15.42760552,1.07E-53,3.12E-53
IFT52,46.90169016,3.986048767,0.251240591,15.86546488,1.10E-56,3.37E-56
OSER1,22.34884391,2.831905905,0.201341926,14.06515751,6.22E-45,1.57E-44
GDAP1L1,1.763671574,-1.148095593,0.147164883,-7.801423602,6.12E-15,9.30E-15
TTPAL,18.51965548,2.69091431,0.19720411,13.64532571,2.15E-42,5.19E-42
SERINC3,26.55148107,3.100926241,0.221998583,13.96822539,2.44E-44,6.09E-44
ADA,1.858724652,-1.004907468,0.145150549,-6.923208185,4.42E-12,6.36E-12
PABPC1L,93.3355219,5.098403264,0.158571154,32.15214829,8.24E-227,1.69E-225
TOMM34,1.687397625,-1.323742799,0.136782229,-9.67773963,3.75E-22,6.48E-22
STK4,9.375427237,1.631832951,0.250107136,6.524535741,6.82E-11,9.59E-11
SDC4,5.963066032,0.884573252,0.217250326,4.071677453,4.67E-05,5.70E-05
SYS1,88.23457153,5.017573373,0.171883012,29.19179344,2.46E-187,3.64E-186
PIGT,9.925403002,1.63270874,0.207961286,7.851022525,4.13E-15,6.28E-15
WFDC2,140.9326792,5.729055677,0.214156935,26.75167017,1.18E-157,1.34E-156
DNTTIP1,119.3420114,5.376150808,0.257046067,20.91512569,3.90E-97,2.22E-96
UBE2C,29.54507699,3.146610958,0.2290427,13.73809756,6.00E-43,1.46E-42
ACOT8,19.82447173,2.826815322,0.250074422,11.30389626,1.26E-29,2.45E-29
ZSWIM1,4.330432672,0.541572312,0.199561029,2.713818002,0.00665127,0.007586692
CTSA,2.330980576,-0.885165883,0.160079007,-5.529556296,3.21E-08,4.25E-08
PLTP,33.93217523,3.649657402,0.259468586,14.06589315,6.15E-45,1.56E-44
PCIF1,23.88962631,3.111786607,0.256996826,12.10826863,9.55E-34,1.99E-33
ZNF335,14.86328262,2.410417978,0.240196593,10.03518804,1.07E-23,1.90E-23
NCOA5,10.05404218,1.823898297,0.244311849,7.465451644,8.30E-14,1.24E-13
SLC35C2,66.17197056,4.528942541,0.218804592,20.69857168,3.57E-95,1.96E-94
ELMO2,35.96122455,3.698432981,0.235913684,15.67705998,2.17E-55,6.53E-55
SLC13A3,100.0941187,5.170517284,0.204798648,25.24683316,1.23E-140,1.17E-139
TP53RK,20.59087112,2.798146063,0.253450598,11.04020304,2.44E-28,4.68E-28
ZMYND8,14.40866024,2.224769139,0.2254809,9.866774254,5.80E-23,1.02E-22
NCOA3,5.733816344,0.87728868,0.170190737,5.154738112,2.54E-07,3.29E-07
SULF2,5.899181927,1.040690462,0.224632543,4.632857064,3.61E-06,4.52E-06
PREX1,14.14770319,2.370198081,0.232944135,10.17496353,2.56E-24,4.60E-24
ARFGEF2,31.6137158,3.448392292,0.266737228,12.92805025,3.13E-38,6.99E-38
CSE1L,103.3306724,5.133690982,0.236093038,21.74435561,7.81E-105,4.87E-104
STAU1,48.91757567,3.989949454,0.241688774,16.50862548,3.18E-61,1.05E-60
ZNFX1,6.393717779,1.085943541,0.23093513,4.702374824,2.57E-06,3.24E-06
ZFAS1,3.778295064,-1.862136728,0.157948438,-11.7895229,4.42E-32,9.00E-32
KCNB1,113.9810791,5.410789652,0.192860616,28.05544111,3.43E-173,4.51E-172
PTGIS,32.29302158,3.58644769,0.241749412,14.83539364,8.65E-50,2.37E-49
B4GALT5,5.051038129,0.686393758,0.21787895,3.15034453,0.00163078,0.001900217
SLC9A8,2.389905094,-0.558244758,0.164676858,-3.389940545,0.000699078,0.000825465
SPATA2,27.52183464,3.35212627,0.21492631,15.5966306,7.67E-55,2.29E-54
RNF114,44.12794136,3.767017204,0.238904729,15.76786369,5.18E-56,1.57E-55
PTPN1,9.686536035,1.549523332,0.232926717,6.652407047,2.88E-11,4.09E-11
PARD6B,5.688151404,0.983260214,0.225353178,4.363196579,1.28E-05,1.59E-05
BCAS4,6.297519785,1.041717464,0.230302757,4.523252254,6.09E-06,7.60E-06
ADNP,9.489334159,1.627717069,0.219922147,7.401333106,1.35E-13,2.00E-13
DPM1,73.15596706,4.529532903,0.20171889,22.45467894,1.15E-111,7.74E-111
MOCS3,18.77488209,2.756177949,0.212787123,12.95274785,2.27E-38,5.08E-38
ATP9A,12.56261393,2.06477645,0.245501127,8.410456087,4.08E-17,6.42E-17
SALL4,4.079585291,0.446286225,0.205921814,2.167260554,0.030214992,0.033480479
ZFP64,4.515361294,0.531365661,0.204170549,2.602557825,0.009253121,0.010487321
TSHZ2,20.75121437,2.88098032,0.19667487,14.64844143,1.38E-48,3.70E-48
PFDN4,15.41532359,2.181282606,0.243743942,8.949074115,3.58E-19,5.85E-19
DOK5,4.706303354,0.460893022,0.200493769,2.298789759,0.021516881,0.024048278
AURKA,75.00748778,4.640776661,0.17431542,26.62286944,3.69E-156,4.13E-155
CSTF1,7.183831145,1.321382442,0.209345136,6.31198063,2.75E-10,3.82E-10
TFAP2C,9.079378386,1.698756305,0.23640798,7.185697803,6.69E-13,9.80E-13
RAE1,6.682389069,1.195073071,0.20205685,5.914538748,3.33E-09,4.50E-09
RBM38,5.067973144,0.753777851,0.192402818,3.917706927,8.94E-05,0.000108444
PMEPA1,114.0101089,5.326729244,0.215509146,24.71695212,7.03E-135,6.23E-134
RAB22A,31.05195462,3.356289169,0.267707954,12.53712904,4.68E-36,1.01E-35
VAPB,14.48935567,2.255125994,0.245908062,9.170606189,4.70E-20,7.81E-20
NELFCD,2.116996818,-1.019332981,0.143673511,-7.094787152,1.30E-12,1.89E-12
SYCP2,11.47911463,2.047583868,0.243124505,8.421955932,3.70E-17,5.82E-17
CDH4,72.78548754,4.706256915,0.219770835,21.41438338,9.81E-102,5.95E-101
TAF4,30.90267113,3.510571762,0.206893712,16.96799644,1.42E-64,4.94E-64
LSM14B,59.28838325,4.420142013,0.229781172,19.23631068,1.84E-82,8.46E-82
PSMA7,35.39999265,2.269412501,0.224181354,10.12310999,4.36E-24,7.79E-24
SS18L1,1.755488277,-1.144001773,0.144249844,-7.930696794,2.18E-15,3.34E-15
MTG2,50.48899737,4.154840471,0.250611388,16.57881753,9.92E-62,3.31E-61
OSBPL2,8.732508176,1.595585891,0.234737722,6.797313521,1.07E-11,1.53E-11
ADRM1,13.28778324,1.726132008,0.239035564,7.221235112,5.15E-13,7.57E-13
LAMA5,6.192378225,1.125515544,0.23429737,4.803790763,1.56E-06,1.97E-06
RPS21,33.12575716,1.292954313,0.257034485,5.030275663,4.90E-07,6.30E-07
CABLES2,17.84618006,2.705674539,0.24905212,10.86388881,1.71E-27,3.24E-27
SLCO4A1,31.97782079,3.572132797,0.228135452,15.65794693,2.93E-55,8.81E-55
MRGBP,9.087369418,1.523675338,0.230547628,6.608939555,3.87E-11,5.47E-11
TCFL5,2.272337897,-0.667571758,0.168674035,-3.957762417,7.57E-05,9.20E-05
DIDO1,36.951648,3.646026523,0.25726801,14.17209439,1.36E-45,3.48E-45
GID8,61.81235762,4.459621019,0.238309989,18.71352953,3.84E-78,1.66E-77
YTHDF1,78.17407942,4.810070336,0.20884439,23.0318389,2.24E-117,1.60E-116
NKAIN4,76.37023171,4.840197021,0.171238758,28.26577971,9.11E-176,1.23E-174
ARFGAP1,4.620776852,0.54793984,0.212936808,2.57325093,0.010074813,0.011405528
KCNQ2,4.708648623,0.68243218,0.187999362,3.629970728,0.000283453,0.000339009
PPDPF,65.60209196,3.63905521,0.203274607,17.90216331,1.13E-71,4.44E-71
PTK6,51.88849477,4.279090361,0.228664824,18.71337395,3.85E-78,1.66E-77
STMN3,11.30818748,2.033155003,0.23659074,8.593552741,8.43E-18,1.34E-17
ARFRP1,10.1524489,1.700094909,0.226948268,7.491112069,6.83E-14,1.02E-13
TPD52L2,22.38268749,2.658474422,0.21563209,12.32875136,6.34E-35,1.35E-34
DNAJC5,4.232186316,0.361389658,0.160923912,2.245717572,0.024722104,0.027528671
UCKL1,6.136822063,1.096955422,0.233420711,4.69947769,2.61E-06,3.29E-06
PRPF6,28.02951364,3.289665654,0.172993304,19.01614447,1.25E-80,5.61E-80
TCEA2,2.280141751,-0.681137692,0.172043777,-3.959095204,7.52E-05,9.15E-05
PCMTD2,12.89106125,2.223505887,0.262682639,8.464609221,2.57E-17,4.05E-17
LIPI,17.32106465,2.659261394,0.23080369,11.52174559,1.03E-30,2.05E-30
RBM11,5.994050109,1.060320834,0.227512266,4.660499652,3.15E-06,3.96E-06
HSPA13,131.376418,5.562505949,0.209692032,26.52702582,4.73E-155,5.20E-154
NRIP1,5.774637763,0.768297694,0.180498594,4.256530073,2.08E-05,2.56E-05
USP25,1.666475652,-1.474111438,0.131860537,-11.17932226,5.15E-29,9.97E-29
AP001172.2,79.24573659,4.894724298,0.241861494,20.23771632,4.56E-91,2.36E-90
CXADR,21.83322771,3.012858824,0.254735118,11.82741839,2.82E-32,5.75E-32
BTG3,3.03509447,-0.408577699,0.186850758,-2.186652615,0.028767893,0.031912776
C21orf91,20.57297988,2.889538732,0.253044133,11.41910975,3.36E-30,6.63E-30
NCAM2,30.14696406,3.473869353,0.194977725,17.81674986,5.24E-71,2.03E-70
MRPL39,124.5602967,5.405879815,0.228109424,23.69862555,3.73E-124,2.88E-123
JAM2,65.52563187,4.596779522,0.246479551,18.64973995,1.27E-77,5.43E-77
GABPA,79.69367844,4.880319256,0.250088239,19.51438932,8.29E-85,3.95E-84
CYYR1,5.713928815,0.98500362,0.201937919,4.877754631,1.07E-06,1.37E-06
ADAMTS1,18.56267201,2.072951819,0.235293174,8.810080568,1.25E-18,2.02E-18
N6AMT1,75.70628642,4.806359313,0.239719751,20.04990948,2.02E-89,1.03E-88
LTN1,25.82595943,3.143892403,0.252709219,12.44075076,1.57E-35,3.38E-35
USP16,2.683097039,-0.527305544,0.186957703,-2.820453697,0.004795579,0.005501199
CCT8,87.44049653,4.414721372,0.184966781,23.86764454,6.64E-126,5.29E-125
BACH1,9.901149776,1.521197053,0.212393508,7.162163604,7.94E-13,1.16E-12
GRIK1,91.17889639,5.022916192,0.196544648,25.55610774,4.70E-144,4.60E-143
TIAM1,26.73825052,3.297609233,0.209885132,15.71149512,1.26E-55,3.81E-55
SCAF4,40.89643046,3.834443746,0.242144347,15.83536349,1.77E-56,5.43E-56
HUNK,5.251380162,0.854047014,0.216175055,3.950719542,7.79E-05,9.47E-05
MIS18A,9.099243559,1.61600039,0.22761419,7.099734826,1.25E-12,1.82E-12
URB1,1.873229042,-1.165142491,0.133522024,-8.726219533,2.63E-18,4.23E-18
SYNJ1,49.74705593,4.185476067,0.201512294,20.77032612,8.03E-96,4.47E-95
PAXBP1-AS1,900.9458347,8.410156985,0.154564624,54.41191357,0,0
PAXBP1,11.86684045,2.053433461,0.192366524,10.67458836,1.34E-26,2.50E-26
OLIG1,21.78704486,3.006398826,0.188400929,15.9574522,2.53E-57,7.84E-57
IL10RB,10.81378724,1.901819393,0.18865467,10.0809558,6.71E-24,1.19E-23
IFNAR1,140.1773375,5.595516804,0.182520229,30.65696783,2.13E-206,3.69E-205
TMEM50B,67.03454794,4.50587851,0.18379604,24.51564522,1.01E-132,8.71E-132
GART,19.29248606,2.688300139,0.215173822,12.49362081,8.09E-36,1.75E-35
SON,2.740210404,-0.930554472,0.131582964,-7.071998105,1.53E-12,2.22E-12
DONSON,4.684928674,0.607997029,0.21218461,2.865415299,0.004164627,0.00478549
CRYZL1,69.3511336,4.616282571,0.246084763,18.75891266,1.64E-78,7.11E-78
ITSN1,82.21784414,4.841436952,0.220543473,21.95230211,8.23E-107,5.27E-106
LINC00649,6.150507044,1.10555078,0.214800392,5.146875052,2.65E-07,3.43E-07
MRPS6,55.73331839,3.808382898,0.19400566,19.63026694,8.53E-86,4.12E-85
RCAN1,35.96768061,3.514374366,0.22647514,15.5177048,2.63E-54,7.79E-54
SETD4,2.493181267,-0.428957353,0.169977298,-2.523615555,0.011615488,0.013118271
CBR3-AS1,7.766428138,1.422742573,0.198579054,7.164615512,7.80E-13,1.14E-12
MORC3,94.36311232,4.974934676,0.187906192,26.4756292,1.85E-154,2.01E-153
CHAF1B,8.313252461,1.511335373,0.238829947,6.328081529,2.48E-10,3.44E-10
HLCS,31.2198499,3.397624551,0.202013874,16.81876835,1.78E-63,6.09E-63
PIGP,6.418812191,1.048413491,0.233903645,4.482245209,7.39E-06,9.20E-06
DYRK1A,5.820769383,0.853495663,0.181625424,4.699208085,2.61E-06,3.29E-06
ETS2,7.295731258,1.31704956,0.234337321,5.620315001,1.91E-08,2.54E-08
PSMG1,7.710761284,1.294192732,0.211869366,6.108446698,1.01E-09,1.38E-09
BRWD1,6.444694018,1.084687207,0.228926663,4.738142746,2.16E-06,2.72E-06
HMGN1,99.56222102,4.547761159,0.213997508,21.25146784,3.20E-100,1.89E-99
LCA5L,47.96201786,4.15378766,0.251531834,16.51396405,2.91E-61,9.63E-61
SH3BGR,7.033883605,1.318951524,0.244090339,5.403538411,6.53E-08,8.58E-08
B3GALT5,20.14406784,2.893874404,0.231986519,12.47432142,1.03E-35,2.23E-35
PCP4,19.00463708,2.806328855,0.251499511,11.1583869,6.52E-29,1.26E-28
BACE2,8.376454329,1.508452823,0.230666672,6.539535205,6.17E-11,8.68E-11
PRDM15,22.80207746,3.044487266,0.243641405,12.49577124,7.87E-36,1.70E-35
C2CD2,38.32083066,3.782282982,0.249068921,15.18568822,4.40E-52,1.26E-51
ZBTB21,246.7295684,6.506552537,0.214042165,30.39846163,5.76E-203,9.71E-202
PDE9A,82.42027296,4.951413774,0.258345607,19.1658524,7.14E-82,3.26E-81
WDR4,2.272895218,-0.655430899,0.181133879,-3.618488722,0.000296328,0.00035394
PKNOX1,10.14801839,1.762059371,0.228051688,7.726578938,1.10E-14,1.67E-14
CBS,506.3848467,7.578096845,0.159073348,47.63901028,0,0
U2AF1,13.26688533,2.241955569,0.235013562,9.539685909,1.43E-21,2.45E-21
SIK1,1.592366806,-1.338825495,0.139586654,-9.59135744,8.69E-22,1.49E-21
H2BFS,6.189923812,1.10320558,0.220141474,5.01134819,5.41E-07,6.94E-07
RRP1B,21.53933305,2.896820406,0.263433964,10.99638165,3.98E-28,7.59E-28
PDXK,103.3697372,4.938234888,0.182825188,27.01069221,1.11E-160,1.29E-159
CSTB,13.767226,1.020890388,0.229551407,4.447327949,8.69E-06,1.08E-05
RRP1,115.0605655,5.339229288,0.209989709,25.4261474,1.30E-142,1.25E-141
AGPAT3,38.77989943,3.748079735,0.227477862,16.47667908,5.40E-61,1.77E-60
TRAPPC10,73.29660782,4.67587399,0.229214231,20.39957975,1.69E-92,8.89E-92
PWP2,102.8703333,5.250243741,0.252996185,20.75226444,1.17E-95,6.48E-95
ICOSLG,73.99814969,4.792382833,0.150462528,31.85100564,1.27E-222,2.55E-221
PFKL,5.022133818,0.596286437,0.17782347,3.353249358,0.000798687,0.000941344
UBE2G2,66.57213791,4.545996677,0.225682197,20.14335531,3.08E-90,1.58E-89
SUMO3,485.4516456,7.202711559,0.202805258,35.51540835,2.84E-276,8.56E-275
PTTG1IP,537.6970085,7.322291388,0.195527538,37.44890083,6.26E-307,2.32E-305
ADARB1,7.486959135,1.362367758,0.229358404,5.939907733,2.85E-09,3.87E-09
POFUT2,2.22220707,-0.831966226,0.136980438,-6.073613429,1.25E-09,1.71E-09
LINC00205,101.6349333,5.211852801,0.230261083,22.63453614,1.98E-113,1.36E-112
COL18A1,15.64846295,2.519266204,0.227986114,11.05008616,2.19E-28,4.20E-28
PCBP3,20.30610291,2.906586539,0.257391592,11.29246886,1.43E-29,2.79E-29
COL6A1,4.430030491,-0.943942929,0.15634863,-6.037423734,1.57E-09,2.13E-09
LSS,22.33775578,3.022077047,0.215407125,14.02960581,1.03E-44,2.59E-44
MCM3AP-AS1,7.739321399,1.412337739,0.211190585,6.687503332,2.27E-11,3.23E-11
MCM3AP,34.03797567,3.559162898,0.272173938,13.07679539,4.47E-39,1.01E-38
DIP2A,42.32310375,3.894561488,0.251998071,15.45472738,7.01E-54,2.06E-53
PRMT2,32.64277884,3.272857779,0.232357892,14.0854169,4.67E-45,1.18E-44
CECR2,17.86288799,2.71563165,0.201302666,13.49029152,1.78E-41,4.22E-41
SLC25A18,54.84282835,4.359867916,0.251825576,17.31304653,3.75E-67,1.37E-66
ATP6V1E1,39.06429173,3.539770143,0.214090832,16.53396413,2.09E-61,6.94E-61
BCL2L13,15.97136957,2.405178083,0.203869957,11.79760923,4.02E-32,8.18E-32
BID,189.0878279,5.972120633,0.18770731,31.81613245,3.87E-222,7.72E-221
MICAL3,8.176111101,1.392999834,0.237009591,5.87739858,4.17E-09,5.63E-09
PEX26,79.91627649,4.895307783,0.234144364,20.90722023,4.60E-97,2.61E-96
FAM230A,16.84729876,2.62749077,0.222533339,11.80717812,3.58E-32,7.30E-32
DGCR6,23.59472803,3.127884477,0.228599846,13.68279346,1.29E-42,3.11E-42
DGCR2,1.997258436,-0.973081465,0.138748944,-7.013253113,2.33E-12,3.37E-12
SLC25A1,63.23283213,4.392653716,0.220822238,19.89226156,4.75E-88,2.36E-87
C22orf39,1763.043012,9.336545534,0.161238494,57.90518931,0,0
MRPL40,8.685316683,1.235614657,0.208408857,5.928801073,3.05E-09,4.13E-09
CDC45,5.180669452,0.723162801,0.215945199,3.348825559,0.000811549,0.000956399
TANGO2,10.26957729,1.810801474,0.212851696,8.507338708,1.78E-17,2.81E-17
RANBP1,42.55362878,3.22702227,0.234956494,13.73455234,6.30E-43,1.53E-42
ZDHHC8,72.16522951,4.674220429,0.194897094,23.98301755,4.18E-127,3.38E-126
DGCR6L,19.32791527,2.493980676,0.216904451,11.49806131,1.35E-30,2.69E-30
ZNF74,70.39651932,4.708197304,0.151864853,31.00254742,4.98E-211,9.04E-210
KLHL22,19.08403897,2.759483946,0.266524471,10.35358569,4.03E-25,7.33E-25
MED15,43.84091493,3.858449178,0.279897872,13.78520369,3.13E-43,7.66E-43
PI4KA,52.26858471,4.224841037,0.201646854,20.95168337,1.81E-97,1.04E-96
SNAP29,1.672625298,-1.449149289,0.132266599,-10.9562754,6.20E-28,1.18E-27
CRKL,13.25615166,2.210824957,0.263291484,8.396872263,4.59E-17,7.20E-17
LZTR1,35.15379333,3.668280138,0.232383471,15.78546064,3.92E-56,1.19E-55
THAP7,13.59802307,2.175095953,0.251092679,8.662522378,4.61E-18,7.38E-18
FAM230B,27.7010269,3.36218705,0.237370319,14.16431111,1.52E-45,3.89E-45
UBE2L3,24.54364333,2.551558235,0.191927067,13.29441584,2.49E-40,5.76E-40
PPIL2,43.59765301,3.981706172,0.259983342,15.31523573,6.05E-53,1.75E-52
MAPK1,12.38269687,1.942997105,0.185123903,10.49565766,9.04E-26,1.67E-25
TOP3B,57.70872716,4.401100552,0.239916906,18.3442702,3.67E-75,1.51E-74
RAB36,18.21674962,2.746549602,0.227481941,12.07370393,1.45E-33,3.03E-33
BCR,6.304542703,1.043879056,0.229620823,4.546099269,5.46E-06,6.82E-06
ZNF70,8.174741669,1.545019289,0.212978895,7.25433049,4.04E-13,5.95E-13
SMARCB1,30.33725086,3.360463937,0.249360791,13.47631247,2.16E-41,5.09E-41
SLC2A11,2.263283891,-0.611326601,0.164830652,-3.708816244,0.00020823,0.000249978
MIF,29.73598904,1.17727523,0.240468368,4.895759211,9.79E-07,1.25E-06
DDTL,122.4011084,5.524882836,0.195413566,28.27277016,7.47E-176,1.01E-174
DDT,6.512229967,0.611083285,0.207570908,2.943973651,0.003240276,0.00373915
CABIN1,144.6818248,5.692958675,0.220110573,25.86408542,1.69E-147,1.71E-146
SPECC1L,25.39076548,3.104725762,0.241014541,12.88190225,5.69E-38,1.27E-37
SNRPD3,53.39089611,3.838162196,0.202863956,18.91988239,7.82E-80,3.45E-79
PIWIL3,21.99463271,3.024860836,0.25404037,11.90700848,1.09E-32,2.23E-32
SGSM1,7.203745082,1.346630986,0.219112621,6.145839439,7.95E-10,1.09E-09
KIAA1671,20.27157258,2.804684503,0.154668853,18.13347968,1.73E-73,6.98E-73
CRYBB2,13.05659974,2.251778539,0.233402422,9.647622834,5.03E-22,8.67E-22
SEZ6L,15.17073209,2.471338566,0.204287753,12.09734079,1.09E-33,2.27E-33
HPS4,10.068307,1.832079166,0.210068373,8.721346944,2.75E-18,4.41E-18
SRRD,15.75732892,2.426298065,0.242336823,10.01208993,1.35E-23,2.39E-23
TFIP11,2.063929387,-0.78413565,0.161690867,-4.849597646,1.24E-06,1.57E-06
TPST2,37.19578751,3.629242818,0.222961936,16.27740991,1.43E-59,4.59E-59
MIAT,4.554478249,0.623428445,0.216437959,2.880402525,0.003971677,0.004567639
MN1,60.61122239,4.42061089,0.237753708,18.59323638,3.65E-77,1.55E-76
PITPNB,8.761422739,1.290272048,0.228346106,5.650510394,1.60E-08,2.13E-08
TTC28,11.44280725,1.649181358,0.233422941,7.06520685,1.60E-12,2.33E-12
CHEK2,14.62345684,2.38587766,0.223600703,10.67026009,1.40E-26,2.62E-26
HSCB,13.00787481,2.068196976,0.234291442,8.827454209,1.07E-18,1.73E-18
CCDC117,2.493946175,-0.427044727,0.18659559,-2.28861104,0.022101962,0.02468696
XBP1,12.67804531,1.94669683,0.187809468,10.36527526,3.57E-25,6.49E-25
ZNRF3,14.97988802,2.366021072,0.225220023,10.50537623,8.16E-26,1.50E-25
ZNRF3-AS1,2.402760776,-0.512245288,0.172100004,-2.97643972,0.002916164,0.003370506
KREMEN1,15.16265372,2.463826671,0.195712324,12.58902159,2.43E-36,5.28E-36
RHBDD3,4.439275694,0.51888118,0.16031803,3.236574068,0.001209738,0.001416597
EWSR1,5.158134709,0.514693816,0.162101468,3.17513358,0.001497675,0.001746618
AP1B1,29.79416947,3.34325828,0.212083454,15.76388078,5.51E-56,1.67E-55
NEFH,4.120785652,0.436514593,0.205187952,2.127389004,0.033387775,0.036894595
THOC5,163.6863019,5.862285736,0.25599153,22.90031133,4.61E-116,3.26E-115
NIPSNAP1,15.40694464,2.451614499,0.20415501,12.00859339,3.20E-33,6.63E-33
NF2,5.66565618,0.843405605,0.229278636,3.678518072,0.000234593,0.000281253
ZMAT5,37.08688557,3.758814145,0.26872483,13.98759523,1.86E-44,4.65E-44
UQCR10,63.62277325,3.714119923,0.212303171,17.49441567,1.58E-68,5.90E-68
ASCC2,21.4562852,2.90028418,0.254810221,11.38213439,5.13E-30,1.01E-29
MTMR3,6.515652751,1.105316098,0.228976702,4.827198966,1.38E-06,1.76E-06
SF3A1,407.4058252,7.190134745,0.185688276,38.72153315,0,0
CCDC157,7.826674519,1.463609112,0.228297813,6.410964222,1.45E-10,2.02E-10
PES1,2.572662463,-0.530873574,0.169417804,-3.133517021,0.001727249,0.002010253
TCN2,5.983827825,1.020701874,0.151069207,6.756518382,1.41E-11,2.02E-11
DUSP18,2.515896299,-0.478190551,0.180135778,-2.65461174,0.007939974,0.009027266
MORC2,51.72429199,4.242155765,0.234811601,18.0662103,5.88E-73,2.35E-72
TUG1,13.72107991,2.26045558,0.248190882,9.107730161,8.41E-20,1.39E-19
SMTN,32.38658057,3.413844325,0.246998087,13.82133911,1.90E-43,4.66E-43
RNF185,1.653331445,-1.397519522,0.133999961,-10.42925317,1.82E-25,3.33E-25
LIMK2,25.82175935,3.183518318,0.231194071,13.769896,3.87E-43,9.45E-43
PATZ1,13.34893087,2.272132461,0.245398917,9.258934343,2.06E-20,3.46E-20
DRG1,5.733672368,0.717156025,0.211033003,3.398312178,0.00067803,0.000800873
EIF4ENIF1,2.540072722,-0.454510757,0.17442101,-2.605825741,0.009165308,0.010389962
SFI1,7.253511082,1.266037681,0.168306957,7.522194604,5.39E-14,8.06E-14
PRR14L,4.784799827,0.599410466,0.219195208,2.734596579,0.006245677,0.007128546
DEPDC5,7.863680011,1.422315761,0.225104757,6.318461602,2.64E-10,3.66E-10
YWHAH,3.357685687,-0.453538441,0.180907409,-2.507019709,0.012175392,0.013728091
RTCB,87.53768382,4.829210082,0.202703794,23.82397482,1.89E-125,1.48E-124
FBXO7,2.86786127,-0.357252194,0.155080589,-2.303655137,0.02124201,0.023748397
TIMP3,3.486241475,-2.890630904,0.124363347,-23.2434313,1.66E-119,1.21E-118
LARGE-AS1,25.75966952,3.244846161,0.2207769,14.69739885,6.70E-49,1.81E-48
TOM1,12.84530261,2.127482533,0.237991246,8.939331037,3.92E-19,6.38E-19
MCM5,10.80114566,1.827640317,0.176028234,10.38265438,2.97E-25,5.42E-25
RBFOX2,160.8071976,5.338590392,0.176739188,30.2060367,1.97E-200,3.25E-199
APOL4,20.14852428,2.879443889,0.176116208,16.3496814,4.37E-60,1.42E-59
APOL2,6.506675622,1.159645481,0.198923258,5.829612332,5.56E-09,7.49E-09
APOL1,25.82108473,3.24813952,0.288238751,11.26892034,1.87E-29,3.64E-29
TXN2,12.10704497,1.8132881,0.235499924,7.699739627,1.36E-14,2.06E-14
FOXRED2,4.470079956,0.572047344,0.194538705,2.940532286,0.003276489,0.003779873
TST,2.128799444,-0.720694271,0.169138626,-4.260967987,2.04E-05,2.51E-05
MPST,15.12094546,2.316309285,0.253539408,9.135894515,6.49E-20,1.08E-19
GGA1,65.02546037,4.491653475,0.237118107,18.94268447,5.07E-80,2.25E-79
LGALS1,38.47204537,-0.693180744,0.227886212,-3.04178448,0.002351802,0.002725462
NOL12,17.73224482,2.587247779,0.242469285,10.67041453,1.40E-26,2.61E-26
TRIOBP,21.03981503,2.724134075,0.255557516,10.6595733,1.57E-26,2.93E-26
H1F0,7.712225145,1.335697626,0.168027167,7.949295618,1.88E-15,2.87E-15
GCAT,4.403924386,0.477142958,0.156905453,3.040958416,0.002358264,0.002732659
ANKRD54,53.69323138,4.27612303,0.231697099,18.45566066,4.70E-76,1.96E-75
EIF3L,156.4891039,5.65878694,0.154931944,36.52433962,4.56E-292,1.55E-290
MICALL1,9.602486978,1.73297775,0.235548439,7.357203298,1.88E-13,2.78E-13
KDELR3,1.89365663,-1.364785025,0.1385616,-9.849662701,6.88E-23,1.21E-22
DDX17,2.721984147,-0.850128421,0.144485199,-5.883844366,4.01E-09,5.41E-09
DMC1,2.601015934,-0.379123263,0.166118554,-2.282245138,0.022474872,0.025090591
FAM227A,108.6962901,5.341670076,0.184686581,28.92289229,6.15E-184,8.84E-183
CBY1,2.66020314,-0.378722988,0.182294325,-2.077535808,0.037752134,0.041603142
TOMM22,90.20062195,4.749017664,0.212348374,22.36427611,8.77E-111,5.87E-110
JOSD1,40.43428039,3.821672336,0.206590296,18.49879885,2.11E-76,8.86E-76
GTPBP1,14.99597752,2.401439606,0.245884858,9.766520902,1.57E-22,2.73E-22
DNAL4,4.573547582,0.61480225,0.219130596,2.805643125,0.005021627,0.00575435
NPTXR,33.65907088,3.643337197,0.167111625,21.80181777,2.23E-105,1.40E-104
CBX6,14.77966398,2.314602094,0.236806429,9.774236738,1.45E-22,2.53E-22
APOBEC3A,12.26561152,2.156392203,0.250806876,8.597819331,8.12E-18,1.29E-17
APOBEC3B,5.414983062,0.896024432,0.217905056,4.11199468,3.92E-05,4.80E-05
APOBEC3C,2.006360752,-0.994619498,0.159991927,-6.21668553,5.08E-10,6.99E-10
APOBEC3D,5.314636931,0.868044912,0.225039832,3.857294521,0.000114649,0.000138738
APOBEC3F,4.576292144,0.606951483,0.20926628,2.9003788,0.003727119,0.004290471
RPL3,8.451518038,-1.930768494,0.189530386,-10.18711845,2.26E-24,4.06E-24
SYNGR1,5.72867487,0.980834824,0.205374565,4.775833971,1.79E-06,2.26E-06
TAB1,9.692087384,1.769124044,0.217336574,8.140019932,3.95E-16,6.11E-16
MGAT3,180.862838,6.089991351,0.188144821,32.36863674,7.59E-230,1.59E-228
MIEF1,1.762983092,-1.201077736,0.140101632,-8.572903226,1.01E-17,1.60E-17
ATF4,2.131496705,-1.711526229,0.127297159,-13.44512508,3.29E-41,7.73E-41
TNRC6B,18.77758163,2.650531748,0.253062688,10.47381489,1.14E-25,2.09E-25
ADSL,9.685849615,1.615620646,0.244953642,6.595617976,4.23E-11,5.98E-11
SLC25A17,139.9959985,5.664511173,0.147206049,38.48015217,0,0
ST13,8.710522967,1.048338386,0.233355817,4.49244592,7.04E-06,8.77E-06
XPNPEP3,2.274868673,-0.706482337,0.159936113,-4.417278404,1.00E-05,1.24E-05
DNAJB7,5.72793286,0.96739868,0.183813693,5.262930431,1.42E-07,1.85E-07
EP300,2.437336007,-0.587322456,0.17662966,-3.32516327,0.000883668,0.001039362
L3MBTL2,2.585523758,-0.387572529,0.179675388,-2.157070781,0.03100015,0.034319001
RANGAP1,2.093210193,-1.189736734,0.14827721,-8.023732922,1.03E-15,1.58E-15
ZC3H7B,11.42044173,1.960315294,0.251823041,7.784495358,7.00E-15,1.06E-14
TOB2,26.43910369,3.235904,0.252075985,12.83701818,1.02E-37,2.25E-37
ACO2,105.6903464,5.21662471,0.169691108,30.74188615,1.57E-207,2.75E-206
POLR3H,2.553961656,-0.501860848,0.178877379,-2.80561383,0.005022084,0.00575435
PMM1,6.394743596,0.971425572,0.226479063,4.289251097,1.79E-05,2.21E-05
DESI1,152.8652755,5.475858475,0.192824408,28.39816041,2.13E-177,2.93E-176
XRCC6,169.6659227,5.491357165,0.2476688,22.17217984,6.37E-109,4.17E-108
SREBF2,5.64001225,0.916219602,0.223507539,4.099278294,4.14E-05,5.07E-05
CENPM,10.29625652,1.787458875,0.239927359,7.450000204,9.33E-14,1.39E-13
NAGA,56.12227852,4.38181266,0.185855563,23.57644064,6.73E-123,5.12E-122
SMDT1,4.915338118,0.41426928,0.175233075,2.36410438,0.01807372,0.020250019
NDUFA6,3.494565712,-0.413667163,0.164615228,-2.512933756,0.011973182,0.013513816
TCF20,1.744319977,-1.196493353,0.137155275,-8.723640787,2.69E-18,4.32E-18
POLDIP3,1.766643046,-1.217145482,0.135772323,-8.96460676,3.11E-19,5.09E-19
CYB5R3,20.04929247,2.416920161,0.141638622,17.06399096,2.75E-65,9.73E-65
ARFGAP3,2.015143368,-1.069406508,0.152785653,-6.999390889,2.57E-12,3.72E-12
PACSIN2,2.757981638,-0.383631417,0.178603973,-2.147944477,0.031718167,0.035078155
TTLL1,4.879498455,0.735773795,0.224023435,3.284360834,0.00102214,0.001199116
TTLL12,2.6555558,-0.342637467,0.151754718,-2.257837324,0.023955803,0.026702735
SCUBE1,7.33753317,1.367272089,0.191340358,7.145759006,8.95E-13,1.31E-12
EFCAB6,7.651085749,1.417096903,0.228612755,6.19867822,5.69E-10,7.83E-10
SULT4A1,4.191371852,0.473246951,0.189456277,2.497921729,0.012492377,0.014070593
PNPLA3,14.63193226,2.415017204,0.180627151,13.37017827,9.03E-41,2.11E-40
SAMM50,85.95558683,4.869461028,0.200864208,24.24255211,7.92E-130,6.63E-129
PARVB,4.709125364,0.513929976,0.212343878,2.420272157,0.015508895,0.017412259
PRR5,73.584647,4.776386334,0.253069579,18.8738068,1.87E-79,8.21E-79
PHF21B,6.249571004,1.141240852,0.223493356,5.106374841,3.28E-07,4.25E-07
KIAA0930,13.66398471,2.198779563,0.237266699,9.267122481,1.91E-20,3.20E-20
FAM118A,2.049448601,-0.846655591,0.144812747,-5.846554323,5.02E-09,6.77E-09
FBLN1,8.205128278,1.494139675,0.23953592,6.237643509,4.44E-10,6.13E-10
ATXN10,14.78486968,1.893682426,0.220279923,8.596709139,8.20E-18,1.30E-17
WNT7B,5.384848743,0.829055013,0.222258854,3.730132671,0.000191379,0.000229926
PPARA,2.242479936,-0.741494876,0.175502333,-4.224985853,2.39E-05,2.94E-05
CDPF1,2.121104723,-0.769482829,0.140707426,-5.468672468,4.53E-08,5.98E-08
TTC38,2.550718975,-0.43816009,0.174842175,-2.506032035,0.012209456,0.01376334
GTSE1,6.292265557,1.070679211,0.231285607,4.629251371,3.67E-06,4.60E-06
CELSR1,1.657380128,-1.307091041,0.136988266,-9.541627737,1.41E-21,2.40E-21
GRAMD4,4.7180481,0.632028286,0.158055429,3.998776187,6.37E-05,7.76E-05
CERK,2.417939564,-0.651059869,0.156318464,-4.164958198,3.11E-05,3.82E-05
BRD1,2.424434464,-0.503677826,0.167161815,-3.013115321,0.002585806,0.002992816
ZBED4,248.8793981,6.551740267,0.162937755,40.21008059,0,0
CRELD2,2.574085279,-0.56366993,0.159148196,-3.541792762,0.000397418,0.000473174
MAPK12,76.10367545,4.770215694,0.159992907,29.81516988,2.48E-195,3.90E-194
PLXNB2,10.83036628,1.870080757,0.243118188,7.692064401,1.45E-14,2.19E-14
DENND6B,85.1176353,4.997734944,0.245990402,20.3167884,9.14E-92,4.77E-91
PPP6R2,71.08219641,4.610778409,0.206698728,22.30675759,3.18E-110,2.11E-109
SCO2,1007.016673,8.455515752,0.144831041,58.38193051,0,0
CPT1B,2.447896457,-0.491101614,0.158612568,-3.096233922,0.001959957,0.002277187
CHKB,14.73136101,2.386119278,0.147530834,16.17369884,7.73E-59,2.46E-58
MAPK8IP2,1.74844717,-1.189781611,0.136558637,-8.712606055,2.97E-18,4.76E-18
SHANK3,13.85809644,2.312412965,0.161883305,14.28444373,2.74E-46,7.08E-46
RABL2B,85.39639039,4.992233164,0.180571275,27.6468844,3.04E-168,3.86E-167
PLCXD1,1.666789615,-1.328614487,0.135550631,-9.801610516,1.11E-22,1.93E-22
CSF2RA,19.31338432,2.830153318,0.263110586,10.75651636,5.52E-27,1.04E-26
SLC25A6,3.748555344,-1.140286599,0.184812434,-6.169966897,6.83E-10,9.37E-10
ASMTL,6.386542739,1.086993712,0.229021799,4.746245636,2.07E-06,2.62E-06
AKAP17A,2.371219584,-0.609035592,0.162744657,-3.742277029,0.00018236,0.00021926
DHRSX,23.33738576,3.005725291,0.230030269,13.06665119,5.11E-39,1.16E-38
ZBED1,2.056921964,-0.927333258,0.143409558,-6.466328131,1.00E-10,1.41E-10
CD99,14.47718963,1.488244706,0.227780591,6.53367654,6.42E-11,9.02E-11
GYG2,58.88237019,4.463155812,0.2055039,21.71810757,1.38E-104,8.61E-104
ARSD,15.06169226,2.415550316,0.186498088,12.9521452,2.28E-38,5.12E-38
MXRA5,12.0689279,2.120705431,0.253677713,8.359841336,6.28E-17,9.84E-17
PRKX,445.2978718,7.349255621,0.168718155,43.5593646,0,0
NLGN4X,88.7945084,5.059485118,0.234700733,21.55717649,4.53E-103,2.78E-102
PNPLA4,11.32052478,1.992371457,0.231891498,8.591826232,8.56E-18,1.36E-17
TBL1X,5.971921018,0.926595483,0.230197002,4.025228285,5.69E-05,6.94E-05
GPR143,901.1333786,8.410449439,0.150810509,55.76832485,0,0
SHROOM2,8.625020494,1.620292112,0.217321953,7.45572221,8.94E-14,1.33E-13
CLCN4,5.128269943,0.802555208,0.216800321,3.701817432,0.000214061,0.000256863
MID1,8.238976953,1.437178447,0.226963451,6.332202139,2.42E-10,3.35E-10
HCCS,15.89330505,2.402806723,0.232571552,10.33147307,5.08E-25,9.22E-25
ARHGAP6,57.97211752,4.429140847,0.247058075,17.92752919,7.19E-72,2.82E-71
MSL3,82.89102957,4.842165318,0.153833083,31.47674889,1.81E-217,3.48E-216
PRPS2,15.71491281,2.490893838,0.208290157,11.95876881,5.84E-33,1.20E-32
TMSB4X,10.08527396,-3.067069634,0.198950687,-15.41623043,1.27E-53,3.72E-53
FAM9C,2.277619133,-0.532561246,0.169817964,-3.136071312,0.001712276,0.001993894
RAB9A,28.02968336,3.253454333,0.231556688,14.05035786,7.66E-45,1.93E-44
TRAPPC2,2.142423841,-0.748119618,0.173572555,-4.31012621,1.63E-05,2.01E-05
OFD1,2.627533416,-0.406342043,0.1820913,-2.23152914,0.0256461,0.028537095
GEMIN8,4.320886086,0.482519545,0.210121194,2.296386837,0.021653773,0.024196299
FANCB,28.65939123,3.345068471,0.242604273,13.788168,3.00E-43,7.36E-43
PIGA,24.84968469,3.180321453,0.233718866,13.60746568,3.62E-42,8.67E-42
CA5B,30.57350895,3.444194811,0.233699979,14.73767701,3.69E-49,1.00E-48
ZRSR2,2.344073307,-0.575583428,0.158500658,-3.631426121,0.000281859,0.000337139
CTPS2,164.0390993,5.926441884,0.153122589,38.70390342,0,0
SYAP1,8.607989813,1.385803155,0.210076217,6.596668472,4.20E-11,5.94E-11
TXLNG,4.292729514,0.471485376,0.218540907,2.157423903,0.03097265,0.03429205
RBBP7,49.53917537,3.923230607,0.203843002,19.24633452,1.52E-82,6.99E-82
NHS,1.950978889,-1.101391913,0.148464838,-7.418537131,1.18E-13,1.76E-13
SCML1,2.53419167,-0.483640823,0.170668854,-2.833796627,0.00459986,0.005280582
SCML2,2.137117438,-0.757422629,0.166971732,-4.536232687,5.73E-06,7.15E-06
CDKL5,1.738113483,-1.174007991,0.138191338,-8.495525171,1.97E-17,3.11E-17
PHKA2,86.87316953,5.015269696,0.152697869,32.84439871,1.37E-236,3.00E-235
PDHA1,228.7633182,6.191419933,0.220384338,28.09373838,1.17E-173,1.54E-172
SH3KBP1,2.936312985,-0.381846458,0.177753035,-2.148185306,0.031699038,0.035060568
MAP7D2,6.549769109,1.188825379,0.214346612,5.546275577,2.92E-08,3.87E-08
EIF1AX,2.762745131,-1.416054552,0.148529858,-9.533804004,1.52E-21,2.59E-21
RPS6KA3,9.464232661,1.586676651,0.24874052,6.378842713,1.78E-10,2.48E-10
CNKSR2,2.225846843,-0.647673496,0.153135709,-4.229408685,2.34E-05,2.88E-05
MBTPS2,44.02850744,4.018301002,0.248282735,16.18437548,6.50E-59,2.07E-58
SMS,56.1357353,3.872781489,0.199171947,19.44441242,3.25E-84,1.54E-83
PRDX4,29.87631008,2.711855475,0.225663336,12.01726217,2.88E-33,5.98E-33
ACOT9,17.70370756,2.519673568,0.24556966,10.26052471,1.06E-24,1.92E-24
SAT1,46.73595887,3.225474823,0.127882159,25.22224257,2.28E-140,2.16E-139
APOO,8.074661821,1.457576604,0.227866358,6.396629217,1.59E-10,2.22E-10
KLHL15,256.1546998,6.582364949,0.192046674,34.27481872,1.86E-257,4.88E-256
EIF2S3,10.93600397,1.704846934,0.215469111,7.912256772,2.53E-15,3.87E-15
ZFX,2.165325171,-0.823551024,0.171278099,-4.808268134,1.52E-06,1.93E-06
PDK3,7.279997497,1.365845777,0.237166341,5.759020326,8.46E-09,1.14E-08
PCYT1B,4.948694353,0.756746017,0.218444186,3.464253412,0.000531705,0.000630573
POLA1,8.736203668,1.578925534,0.237362606,6.651955679,2.89E-11,4.10E-11
IL1RAPL1,2.142005037,-0.803699944,0.156993976,-5.119304357,3.07E-07,3.97E-07
GK,1.642811761,-1.433192904,0.134441708,-10.66032947,1.56E-26,2.91E-26
TMEM47,19.52698375,2.757251695,0.248633831,11.08960791,1.41E-28,2.71E-28
LANCL3,5.398511562,0.887795807,0.21599054,4.110345789,3.95E-05,4.83E-05
RPGR,2.448155558,-0.508923518,0.178355749,-2.853418071,0.004325168,0.004968389
TSPAN7,1.880233929,-0.990389051,0.148696516,-6.660472484,2.73E-11,3.87E-11
BCOR,36.54306966,3.734084247,0.210182654,17.76590115,1.30E-70,4.99E-70
ATP6AP2,15.02813304,2.155239183,0.240590035,8.958139865,3.30E-19,5.39E-19
CXorf38,4.717865984,0.651171696,0.201409034,3.233080878,0.001224629,0.001433416
MED14,126.6225285,5.48772264,0.227358272,24.13689462,1.03E-128,8.49E-128
USP9X,5.230714883,0.576371144,0.217763347,2.646777573,0.008126278,0.009232322
DDX3X,2.303855147,-0.907600629,0.16404602,-5.532597677,3.16E-08,4.18E-08
CASK,5.874856695,0.902916238,0.22409287,4.029205555,5.60E-05,6.83E-05
FUNDC1,4.754349887,0.655553123,0.217111761,3.019427043,0.002532533,0.002931782
KDM6A,4.715179167,0.521082659,0.189554191,2.748990439,0.005977913,0.006825799
KRBOX4,2.02062184,-0.931540448,0.135097526,-6.895318325,5.37E-12,7.73E-12
ZNF674,23.16636781,3.098908145,0.241037582,12.85653512,7.90E-38,1.76E-37
ZNF674-AS1,20.46827947,2.917438614,0.220798496,13.21312721,7.37E-40,1.69E-39
RP2,5.539691456,0.876362126,0.215444399,4.067695097,4.75E-05,5.80E-05
NDUFB11,21.25831455,2.225708758,0.213125549,10.44318135,1.57E-25,2.88E-25
UBA1,19.57017142,2.625405535,0.259277842,10.12583841,4.24E-24,7.58E-24
CDK16,5.930907171,0.885034092,0.222705836,3.974004938,7.07E-05,8.60E-05
USP11,175.5166955,5.950887081,0.15023854,39.60959064,0,0
ZNF41,5.024745081,0.771544555,0.204828654,3.76678038,0.000165366,0.00019907
ARAF,7.948644624,1.373812125,0.188552663,7.286092415,3.19E-13,4.71E-13
TIMP1,41.89554229,1.669999584,0.207339123,8.054435452,7.98E-16,1.23E-15
UXT,3.336828542,-0.442992815,0.185201125,-2.391955321,0.016758882,0.018798177
ZNF81,16.94830932,2.558760577,0.188820517,13.55128466,7.79E-42,1.85E-41
ZNF182,15.98010419,2.525606263,0.186913692,13.51215222,1.33E-41,3.14E-41
FTSJ1,42.5938216,3.884465964,0.226492152,17.15055438,6.23E-66,2.22E-65
PORCN,2.114913906,-0.826203558,0.16216602,-5.094800728,3.49E-07,4.51E-07
EBP,19.447642,2.682808997,0.244984259,10.9509444,6.58E-28,1.25E-27
WDR13,7.47820571,1.18035595,0.214168156,5.511351322,3.56E-08,4.70E-08
HDAC6,1.976280748,-0.884817101,0.163039522,-5.427009902,5.73E-08,7.53E-08
PQBP1,4.519830634,0.426999258,0.203500447,2.098271847,0.035881138,0.039585444
TIMM17B,35.16222342,3.596721309,0.272390745,13.20427133,8.29E-40,1.90E-39
SLC35A2,166.7962099,5.919786321,0.173082689,34.2020704,2.25E-256,5.80E-255
OTUD5,85.73570275,4.987221198,0.216842442,22.99928533,4.74E-117,3.38E-116
GRIPAP1,13.93059613,2.325255029,0.26782591,8.681964438,3.89E-18,6.22E-18
TFE3,95.52346055,5.092372303,0.199809904,25.48608549,2.81E-143,2.73E-142
WDR45,2.255259624,-0.726928002,0.171803325,-4.231163754,2.32E-05,2.86E-05
GPKOW,6.963444611,1.226994765,0.219984525,5.577641277,2.44E-08,3.24E-08
SYP,5.210759544,0.848728072,0.223899948,3.790657743,0.000150249,0.000181132
PPP1R3F,42.25988225,3.916629706,0.223026846,17.56124782,4.88E-69,1.84E-68
CLCN5,7.05062737,1.293684809,0.235652889,5.489789724,4.02E-08,5.31E-08
SHROOM4,18.21389217,2.746681105,0.230758523,11.9028371,1.14E-32,2.35E-32
NUDT10,10.98323083,1.980471318,0.225734992,8.773435157,1.73E-18,2.79E-18
NUDT11,51.7548344,4.24349577,0.261653209,16.21801538,3.76E-59,1.20E-58
GSPT2,1.898455487,-0.982429937,0.152135099,-6.457615267,1.06E-10,1.49E-10
MAGED1,13.86948772,2.140530894,0.237276513,9.021250634,1.86E-19,3.06E-19
MAGED4B,5.554559434,0.942925221,0.212481055,4.437690785,9.09E-06,1.13E-05
MAGED4,3.877138674,0.383746943,0.164938108,2.326611766,0.019985938,0.022360219
FAM156B,16.28761724,2.576809754,0.210002515,12.27037569,1.31E-34,2.76E-34
FAM156A,25.97686898,3.25789923,0.228955426,14.22940387,6.02E-46,1.55E-45
GPR173,145.4013551,5.762236398,0.157986434,36.47298227,2.97E-291,1.00E-289
TSPYL2,13.95868607,2.268525038,0.192910551,11.75946589,6.31E-32,1.28E-31
KDM5C,1.927494,-1.034798251,0.14507917,-7.132645232,9.85E-13,1.44E-12
KDM5C-IT1,13.5743724,2.309225846,0.251130831,9.195310006,3.74E-20,6.23E-20
SMC1A,6.338843781,0.933842192,0.194505533,4.801108623,1.58E-06,2.00E-06
HSD17B10,67.91305094,4.435254174,0.212558179,20.8660716,1.09E-96,6.14E-96
HUWE1,17.99792896,2.440261253,0.183389257,13.30645691,2.12E-40,4.91E-40
PHF8,64.55627964,4.575334273,0.200753697,22.79078462,5.66E-115,3.95E-114
FAM120C,2.176988563,-0.702035757,0.169404721,-4.144133372,3.41E-05,4.18E-05
WNK3,4.813034974,0.715140177,0.224073964,3.191536235,0.001415184,0.001652543
TSR2,4.962048351,0.65854218,0.221888232,2.967900439,0.002998414,0.00346373
FGD1,40.90167909,3.889091797,0.260264041,14.94287025,1.73E-50,4.82E-50
GNL3L,4.544755234,0.538683506,0.213725542,2.520445153,0.01172065,0.013235664
MAGED2,7.312680535,1.069047442,0.207668512,5.147855252,2.63E-07,3.41E-07
TRO,13.42325804,2.269264998,0.186387468,12.17498697,4.22E-34,8.87E-34
FAM104B,2.250767166,-0.728327003,0.16472485,-4.421476207,9.80E-06,1.22E-05
USP51,65.14689621,4.599109616,0.243965887,18.8514455,2.86E-79,1.25E-78
RRAGB,2.437343954,-0.493692828,0.176846209,-2.791650619,0.005243994,0.006001657
UBQLN2,24.56906865,3.121034961,0.226811103,13.76050341,4.40E-43,1.07E-42
SPIN3,16.69997803,2.597067243,0.244890899,10.60499698,2.82E-26,5.24E-26
SPIN2B,81.33189353,4.866921943,0.221489723,21.97357911,5.15E-107,3.30E-106
SPIN2A,58.09314421,4.443665514,0.199067999,22.32234986,2.24E-110,1.49E-109
ZXDB,2.456174868,-0.373949256,0.185792278,-2.012727653,0.044143289,0.04850852
SPIN4,39.51266587,3.826673052,0.192119497,19.91819217,2.83E-88,1.41E-87
AMER1,2.284902093,-0.627775601,0.142556,-4.403712245,1.06E-05,1.32E-05
ZC4H2,2.540567867,-0.450883526,0.144161373,-3.127630635,0.001762215,0.002050289
ZC3H12B,1.964660575,-0.965745008,0.138014708,-6.997406455,2.61E-12,3.77E-12
LAS1L,115.8545525,5.445334927,0.223219995,24.39447649,1.96E-131,1.67E-130
EDA2R,6.897936178,1.216987378,0.176423952,6.898084763,5.27E-12,7.58E-12
AR,25.81548292,3.254555413,0.181328052,17.94843861,4.94E-72,1.94E-71
OPHN1,10.63169911,1.865263166,0.19828538,9.406962678,5.11E-21,8.64E-21
YIPF6,9.117236343,1.663459607,0.24311138,6.842376568,7.79E-12,1.12E-11
STARD8,13.85714801,2.315732936,0.238322966,9.716784648,2.56E-22,4.43E-22
EFNB1,2.130051928,-0.737249793,0.162074114,-4.548843592,5.39E-06,6.74E-06
PJA1,7.53505075,1.412145375,0.235570351,5.994580257,2.04E-09,2.77E-09
OTUD6A,6.684792641,1.231548446,0.229333573,5.370118418,7.87E-08,1.03E-07
IGBP1,50.76851149,4.032971324,0.172902068,23.32517688,2.46E-120,1.83E-119
PDZD11,5.198829492,0.609343639,0.216530069,2.814129433,0.004890953,0.005608238
KIF4A,8.249884394,1.433948376,0.24290327,5.903372059,3.56E-09,4.82E-09
GDPD2,7.980661373,1.505965214,0.214594341,7.017730316,2.26E-12,3.27E-12
DLG3,58.34689587,4.437641084,0.190173933,23.33464427,1.97E-120,1.47E-119
SNX12,2.202641088,-0.743853261,0.160421569,-4.636865629,3.54E-06,4.44E-06
MED12,94.6127499,5.151717695,0.213447985,24.13570545,1.06E-128,8.73E-128
NLGN3,115.915849,5.445824735,0.241230497,22.57519176,7.60E-113,5.19E-112
NONO,6.380886408,0.720673663,0.215597281,3.342684373,0.000829722,0.000977392
TAF1,50.80628599,4.193584268,0.20804228,20.15736544,2.32E-90,1.19E-89
NHSL2,13.34046984,2.282005724,0.235097988,9.706615302,2.83E-22,4.89E-22
PIN4,1.705916049,-1.489038451,0.131103492,-11.35773297,6.79E-30,1.33E-29
ERCC6L,4.87980721,0.722623573,0.19819198,3.646078783,0.000266272,0.000318741
RPS4X,5.448959907,-4.418849189,0.112745728,-39.19305205,0,0
HDAC8,1.867511725,-1.290005038,0.143778579,-8.972164313,2.91E-19,4.76E-19
PHKA1,33.31725646,3.623109282,0.278177208,13.02446488,8.88E-39,2.00E-38
NAP1L2,1.805159852,-1.116674102,0.140819387,-7.929832162,2.19E-15,3.36E-15
CHIC1,91.42193118,5.069125152,0.24653999,20.5610666,6.13E-94,3.29E-93
TSIX,16.74822716,2.50004195,0.162288248,15.40494757,1.52E-53,4.43E-53
FTX,25.11398687,2.669907324,0.241590113,11.05139317,2.16E-28,4.14E-28
JPX,6.905429554,0.970546825,0.219186413,4.427951594,9.51E-06,1.18E-05
SLC16A2,37.8001991,3.760800918,0.205405925,18.30911609,7.00E-75,2.87E-74
RLIM,1.911952868,-1.085549452,0.144598474,-7.507336831,6.03E-14,9.02E-14
ABCB7,300.1293345,6.778846979,0.178932286,37.88498498,0,0
UPRT,17.04444829,2.63464105,0.234024839,11.25795474,2.12E-29,4.12E-29
ZDHHC15,6.038960139,1.069595988,0.230733398,4.635635742,3.56E-06,4.47E-06
MAGEE1,75.6429573,4.826336603,0.267279874,18.05723915,6.92E-73,2.76E-72
ATRX,396.1200588,6.943705569,0.243178509,28.55394418,2.51E-179,3.52E-178
COX7B,14.40178101,1.524459253,0.220515454,6.913162891,4.74E-12,6.82E-12
ATP7A,14.9115474,2.442201022,0.203471632,12.00266102,3.44E-33,7.12E-33
PGAM4,42.65929314,3.99081486,0.176908572,22.55862904,1.10E-112,7.52E-112
TAF9B,5.108677676,0.740082384,0.213475951,3.466818533,0.000526657,0.000624723
CYSLTR1,5.462382656,0.912404927,0.220954137,4.129386035,3.64E-05,4.45E-05
LPAR4,8.9158359,1.674058794,0.231040968,7.245722739,4.30E-13,6.33E-13
ITM2A,4.686981008,0.676643125,0.21384691,3.164147303,0.001555381,0.001813137
BRWD3,84.81834332,4.939389624,0.222561138,22.19340566,3.98E-109,2.61E-108
HMGN5,14.00117379,2.319611951,0.204815891,11.32535146,9.83E-30,1.92E-29
SH3BGRL,5.846025931,0.602606033,0.214448022,2.810033066,0.004953641,0.005678322
APOOL,16.2075248,2.537990876,0.227832897,11.1397033,8.04E-29,1.55E-28
ZNF711,47.70149679,4.145392048,0.242973626,17.06107826,2.89E-65,1.02E-64
CHM,142.7443678,5.693577097,0.218520725,26.05508976,1.18E-149,1.23E-148
DACH2,15.81847863,2.535307937,0.242478064,10.45582389,1.38E-25,2.53E-25
PABPC5,7.601715431,1.4355118,0.243022242,5.906915294,3.49E-09,4.72E-09
PCDH11X,6.930779858,1.287195051,0.225600571,5.705637378,1.16E-08,1.55E-08
NAP1L3,21.30106835,2.9553212,0.270240417,10.93589639,7.76E-28,1.48E-27
DIAPH2,20.05990128,2.664972684,0.231987983,11.48754627,1.52E-30,3.03E-30
PCDH19,59.2771631,4.47164738,0.23405298,19.10527857,2.28E-81,1.03E-80
TSPAN6,4.382058154,0.498237045,0.21030587,2.369106698,0.017831109,0.019982315
SYTL4,4.489639882,0.590549891,0.220647576,2.676439517,0.007440899,0.008468708
CSTF2,21.38264531,2.93766228,0.247493072,11.86967481,1.70E-32,3.48E-32
TRMT2B,41.80549464,3.951805266,0.186111828,21.23349871,4.68E-100,2.76E-99
CENPI,2.44967584,-0.528890843,0.168725099,-3.134630509,0.001720707,0.002003068
TIMM8A,11.52000231,1.964259229,0.227524365,8.633181888,5.97E-18,9.52E-18
RPL36A,4.084905754,-1.897717976,0.131299665,-14.45333451,2.39E-47,6.30E-47
GLA,280.2034389,6.637807898,0.150836172,44.00673784,0,0
HNRNPH2,9.277944167,1.610764968,0.166892404,9.651517579,4.84E-22,8.35E-22
ARMCX4,5.642918275,0.962585611,0.229615227,4.19216802,2.76E-05,3.39E-05
ARMCX3,1.878408691,-1.236831524,0.136978148,-9.029407588,1.73E-19,2.84E-19
ARMCX2,4.665217416,0.551522407,0.156551043,3.522955804,0.000426763,0.000507501
ZMAT1,56.70273879,4.408122265,0.238021015,18.51988687,1.43E-76,6.01E-76
BEX5,23.88843761,3.144674631,0.255808828,12.29306532,9.87E-35,2.09E-34
TMSB15A,2.026435764,-0.778234967,0.161376621,-4.82247652,1.42E-06,1.80E-06
ARMCX5,1.9903978,-0.869988776,0.154423967,-5.633767817,1.76E-08,2.35E-08
GPRASP1,178.8767945,6.073234237,0.150756432,40.28507541,0,0
GPRASP2,10.97786384,1.98437032,0.20732874,9.571129994,1.06E-21,1.81E-21
BHLHB9,58.90682036,4.463373352,0.223913533,19.93346851,2.09E-88,1.04E-87
BEX1,2.244486769,-0.62303619,0.175991739,-3.540144518,0.000399908,0.000476087
BEX4,9.173010071,1.666700691,0.207536053,8.030897113,9.68E-16,1.49E-15
TCEAL8,25.50285453,3.000218461,0.224552401,13.36088349,1.02E-40,2.38E-40
TCEAL5,2.03000959,-0.863227748,0.153913706,-5.608517735,2.04E-08,2.71E-08
BEX2,4.162320031,0.469459403,0.216234023,2.171070937,0.029925811,0.033166807
TCEAL7,30.46583639,3.459874588,0.264950972,13.0585465,5.68E-39,1.28E-38
RAB40A,23.02129449,3.091497482,0.199218544,15.51812103,2.62E-54,7.74E-54
TCEAL4,13.24500911,1.861445968,0.218114451,8.534262429,1.41E-17,2.23E-17
TCEAL1,24.83570601,3.133166451,0.235784121,13.28828436,2.71E-40,6.25E-40
PLP1,5.823455588,1.008626413,0.215966844,4.670283623,3.01E-06,3.78E-06
RAB9B,6.310977511,1.144250404,0.22577951,5.06799932,4.02E-07,5.18E-07
TMSB15B,87.56915192,5.016722337,0.234687347,21.37619431,2.23E-101,1.34E-100
SLC25A53,2.07283079,-0.773472224,0.160001386,-4.834159522,1.34E-06,1.70E-06
ZCCHC18,9.854692564,1.822929933,0.222141881,8.206151497,2.28E-16,3.54E-16
FAM199X,2.184747569,-0.7802602,0.149476078,-5.219967046,1.79E-07,2.33E-07
TBC1D8B,21.91241846,2.954171422,0.259095641,11.4018569,4.09E-30,8.06E-30
RBM41,28.31402727,3.350131366,0.270251171,12.39636206,2.73E-35,5.86E-35
NUP62CL,2.09766398,-0.74194172,0.168355974,-4.406981846,1.05E-05,1.30E-05
PRPS1,7976.605743,11.35590138,0.165477874,68.62489273,0,0
VSIG1,13.97451542,2.347736694,0.268349963,8.748787106,2.16E-18,3.47E-18
PSMD10,4.646234691,0.612803492,0.219400617,2.793080078,0.005220877,0.005976457
COL4A6,9.645303487,1.789874349,0.240633593,7.438173238,1.02E-13,1.52E-13
COL4A5,2.321144267,-0.556748711,0.169024364,-3.293896199,0.00098809,0.001159922
NXT2,402.1180771,7.233920516,0.201773572,35.85167494,1.73E-281,5.44E-280
TMEM164,10.80079893,1.928508838,0.232840193,8.282542691,1.21E-16,1.88E-16
AMMECR1,1.849280816,-1.132813286,0.133684144,-8.473804411,2.38E-17,3.74E-17
CHRDL1,5.274148435,0.856150357,0.224639169,3.811224729,0.00013828,0.000166925
PAK3,23.11475431,3.096813109,0.245587382,12.60982172,1.86E-36,4.06E-36
DCX,296.459369,6.804512106,0.186922683,36.40281632,3.84E-290,1.28E-288
ALG13,236.0432359,6.282398936,0.18022983,34.8577088,3.25E-266,9.18E-265
AMOT,38.70312896,3.851809899,0.253231434,15.210631,3.01E-52,8.60E-52
LRCH2,8.122793149,1.516132167,0.218631857,6.934635171,4.07E-12,5.87E-12
PLS3,117.4123297,5.110820091,0.227438271,22.47124053,7.93E-112,5.35E-111
KLHL13,4.532311011,0.61459888,0.199399833,3.082243711,0.002054466,0.002385718
WDR44,10.66468501,1.87670608,0.21437773,8.754202587,2.06E-18,3.31E-18
DOCK11,9.88082264,1.762575233,0.187137712,9.418599874,4.57E-21,7.74E-21
PGRMC1,4.837929215,0.395932384,0.185085492,2.139186488,0.032420568,0.035840376
SLC25A5,2.744620984,-1.048334732,0.166409588,-6.29972553,2.98E-10,4.13E-10
CXorf56,61.33639425,4.511237586,0.272597159,16.5490998,1.63E-61,5.41E-61
UBE2A,5.716595184,0.680508588,0.164011271,4.14915745,3.34E-05,4.09E-05
NKRF,48.95418533,4.160868104,0.210833833,19.735296,1.07E-86,5.23E-86
UPF3B,31.44399412,3.491451805,0.191380308,18.24352697,2.33E-74,9.47E-74
RNF113A,2.253386235,-0.744133275,0.134124545,-5.548076781,2.89E-08,3.83E-08
NKAP,5.385387976,0.786096191,0.217378427,3.616256693,0.000298894,0.000356965
ZBTB33,9.021725142,1.65064224,0.236875453,6.968397194,3.21E-12,4.63E-12
LAMP2,14.79623226,2.167862872,0.211885084,10.23131422,1.44E-24,2.59E-24
CUL4B,160.3888494,5.731638613,0.168830367,33.94909755,1.26E-252,3.14E-251
MCTS1,2.171568307,-1.121052869,0.154756442,-7.243981932,4.36E-13,6.41E-13
C1GALT1C1,45.57693274,4.026519526,0.231854626,17.36656973,1.48E-67,5.42E-67
GRIA3,149.6806,5.794743995,0.187438151,30.91549921,7.39E-210,1.33E-208
THOC2,4.404826362,0.348340931,0.159133494,2.188985624,0.028597885,0.0317339
XIAP,9.903204126,1.769339329,0.250643087,7.059198604,1.67E-12,2.43E-12
STAG2,2.454413351,-0.681108937,0.15237669,-4.469902428,7.83E-06,9.74E-06
TENM1,22.25924712,3.031169826,0.249741589,12.13722488,6.71E-34,1.40E-33
OCRL,7.021859106,1.235281145,0.22642978,5.455471219,4.88E-08,6.43E-08
ZDHHC9,2.143359521,-0.798389553,0.169744712,-4.703472325,2.56E-06,3.22E-06
UTP14A,187.3704564,6.088487831,0.212949866,28.59117945,8.65E-180,1.22E-178
BCORL1,1.930316347,-1.005806359,0.136918207,-7.346038073,2.04E-13,3.02E-13
AIFM1,192.500379,6.115856472,0.201784285,30.30888395,8.76E-202,1.47E-200
RAB33A,158.3963424,5.875590632,0.151598995,38.75745101,0,0
ZNF280C,6.213269108,1.074379534,0.216236323,4.968543295,6.75E-07,8.64E-07
SLC25A14,4.666521413,0.632166038,0.209135514,3.022757959,0.002504825,0.002900942
RBMX2,2.0693822,-0.983288996,0.134968334,-7.285331032,3.21E-13,4.73E-13
ENOX2,47.09809637,4.052807673,0.273975932,14.79256824,1.64E-49,4.48E-49
RAP2C,2.668657983,-0.431884977,0.158096264,-2.731784844,0.006299226,0.00718891
RAP2C-AS1,41.28568547,3.935069343,0.268341613,14.66440222,1.09E-48,2.93E-48
MBNL3,11.46741541,2.057990151,0.245759375,8.374004656,5.57E-17,8.73E-17
HS6ST2,33.27461663,3.63177726,0.243513381,14.91407675,2.67E-50,7.40E-50
GPC4,10.82059744,1.968920441,0.258910063,7.604650102,2.86E-14,4.29E-14
GPC3,8.361830361,1.579407024,0.244468012,6.460587669,1.04E-10,1.46E-10
CCDC160,1.970840406,-0.916693077,0.14460066,-6.339480564,2.31E-10,3.20E-10
PHF6,29.42823083,3.395723209,0.250986871,13.52948543,1.05E-41,2.49E-41
HPRT1,18.50950175,2.576635724,0.230795771,11.16413753,6.11E-29,1.18E-28
FAM122B,14.00592562,2.311149388,0.156416437,14.77561714,2.10E-49,5.74E-49
FAM122C,9.94808271,1.843655566,0.251388831,7.333880176,2.24E-13,3.31E-13
MOSPD1,48.15158167,4.087092392,0.254753884,16.04329765,6.37E-58,2.00E-57
ZNF75D,1.788781338,-1.062678499,0.149927687,-7.087940318,1.36E-12,1.98E-12
ZNF449,91.09378227,5.096196896,0.214199378,23.79183795,4.06E-125,3.18E-124
MMGT1,11.22526428,1.9597115,0.234750641,8.348056015,6.94E-17,1.09E-16
SLC9A6,8.786537501,1.642097882,0.236431618,6.945339622,3.78E-12,5.44E-12
FHL1,24.32654452,3.129022785,0.251557058,12.43862053,1.61E-35,3.47E-35
MAP7D3,16.95364728,2.56998259,0.194504363,13.21298168,7.38E-40,1.69E-39
HTATSF1,44.11692337,3.90644576,0.206406976,18.92593864,6.97E-80,3.08E-79
RBMX,47.28077823,3.813140589,0.220041097,17.32922008,2.83E-67,1.04E-66
ZIC3,5.1335474,0.809473685,0.187456736,4.318189371,1.57E-05,1.94E-05
FGF13,46.1473644,4.085768169,0.268711286,15.2050486,3.27E-52,9.37E-52
LINC00632,227.5992932,6.359476212,0.179102858,35.50739668,3.78E-276,1.13E-274
SLITRK4,5.181103513,0.828787763,0.228425998,3.62825497,0.000285343,0.000341119
SLITRK2,8.874450592,1.664380264,0.218473038,7.618241028,2.57E-14,3.87E-14
FMR1,24.33893599,3.055641348,0.230913116,13.23286178,5.67E-40,1.30E-39
AFF2,2.420987053,-0.511700358,0.176388183,-2.90099002,0.003719857,0.004282564
IDS,73.05519636,4.536143419,0.225753761,20.0933238,8.44E-90,4.30E-89
CXorf40A,7.281875395,1.296556411,0.238916527,5.426817577,5.74E-08,7.54E-08
TMEM185A,2.208170874,-0.770895844,0.13485818,-5.716344726,1.09E-08,1.46E-08
LINC00894,8.764613549,1.605914173,0.191864134,8.370059282,5.76E-17,9.03E-17
MAMLD1,4.918168985,0.581753717,0.207415874,2.804769494,0.005035257,0.005768836
CD99L2,8.651203476,1.582129482,0.221212644,7.15207528,8.55E-13,1.25E-12
HMGB3,5.283718832,0.767772556,0.199786844,3.842958526,0.00012156,0.000146937
VMA21,18.83540176,2.688971285,0.253311088,10.61529249,2.53E-26,4.69E-26
CETN2,119.7696191,5.329940772,0.205392642,25.95000836,1.82E-148,1.87E-147
ZNF275,29.5411225,3.444404058,0.244164776,14.10688352,3.44E-45,8.74E-45
HAUS7,2.223143203,-0.613020723,0.174616033,-3.510678333,0.000446965,0.000531235
IDH3G,2.09685626,-1.007087117,0.147478359,-6.828711154,8.57E-12,1.23E-11
SSR4,42.19922017,2.818848265,0.25937751,10.86774356,1.64E-27,3.11E-27
PDZD4,12.05990065,2.134495087,0.247772279,8.614745347,7.01E-18,1.12E-17
L1CAM,45.74763094,4.095490938,0.266931853,15.34283338,3.96E-53,1.15E-52
HCFC1,19.2929742,2.777042431,0.245250695,11.32328056,1.01E-29,1.97E-29
MECP2,30.20651106,3.38372527,0.238967981,14.15974333,1.63E-45,4.15E-45
TKTL1,197.5830403,6.217386458,0.157668183,39.43336155,0,0
FLNA,9.816568467,1.058352065,0.207852772,5.091835222,3.55E-07,4.58E-07
EMD,2.131286216,-0.984322163,0.155386363,-6.334675334,2.38E-10,3.30E-10
RPL10,24.52149734,-1.172359381,0.192020266,-6.105394016,1.03E-09,1.40E-09
TAZ,27.63384146,3.305160779,0.253535887,13.03626407,7.61E-39,1.72E-38
GDI1,9.987205025,1.67029745,0.22311514,7.486257784,7.09E-14,1.06E-13
FAM50A,18.71680933,2.342356608,0.25185545,9.300400698,1.40E-20,2.35E-20
PLXNA3,5.84359423,0.945000299,0.185144901,5.104111932,3.32E-07,4.30E-07
LAGE3,2.534320777,-0.587783666,0.17139981,-3.429313398,0.00060511,0.000716377
UBL4A,5.178307244,0.659633915,0.160400542,4.112417002,3.92E-05,4.79E-05
FAM3A,6.362877674,1.088951743,0.169930973,6.408200487,1.47E-10,2.06E-10
G6PD,10.75367637,1.74853447,0.250201155,6.98851478,2.78E-12,4.02E-12
IKBKG,4.557921358,0.545174325,0.217060864,2.511619616,0.012017855,0.013561421
DKC1,2.668090195,-0.573944311,0.180231208,-3.184489063,0.001450098,0.001692404
F8A1,9.549389976,1.735564705,0.232397044,7.468101466,8.14E-14,1.21E-13
FUNDC2,922.0613172,8.213083667,0.149223776,55.03870686,0,0
BRCC3,18.00987438,2.69203182,0.241135421,11.16398331,6.12E-29,1.18E-28
RAB39B,26.77574766,3.313181468,0.253318993,13.07908824,4.34E-39,9.82E-39
F8A3,5.49020124,0.885184543,0.156470243,5.657206939,1.54E-08,2.05E-08
TMLHE,840.8925008,8.299667803,0.170716853,48.61656975,0,0
VAMP7,5.504596363,0.907039635,0.214477381,4.229068969,2.35E-05,2.89E-05
PCDH11Y,9.813814054,1.8158816,0.197453043,9.196523769,3.70E-20,6.16E-20
MT-ND1,3.072339443,-2.746604172,0.12003134,-22.8823919,6.96E-116,4.89E-115
MT-ND2,7.891945772,-0.387310272,0.19341522,-2.002480839,0.045233042,0.049690963
MT-CO1,6.023813812,-3.441005649,0.142975356,-24.06712414,5.53E-128,4.52E-127
MT-CO2,8.298652916,-3.177124756,0.153549081,-20.69126517,4.15E-95,2.28E-94
MT-ATP8,2.037156716,-1.42627873,0.121636135,-11.72578138,9.40E-32,1.90E-31
MT-ND3,44.54097046,2.057823362,0.210148344,9.792241631,1.22E-22,2.12E-22
MT-ND4L,347.4279607,6.724065959,0.203677321,33.01332679,5.23E-239,1.17E-237
MT-ND4,4.728240755,-2.436515448,0.174552925,-13.9586057,2.79E-44,6.96E-44
MT-ND5,3.147635317,-1.41743635,0.162194413,-8.739119428,2.35E-18,3.78E-18
MT-ND6,11.28713859,1.684138313,0.198624486,8.479006534,2.27E-17,3.58E-17
MT-CYB,7.171627657,-1.761264934,0.197285797,-8.927479622,4.36E-19,7.10E-19
